[
  "Header",
  "Project: 949027 - Study: 19764 - Area: main01",
  "Title",
  "List of Tables and Listings Dashboard",
  "SASJSONExport",
  "1.0 PRETTY FMTCHARACTER FMTNUMERIC",
  "SASTableData+crv_json",
  [
    {
      "file_path": "/var/swan/root/bhc/949027/19764/stat/main01/dev/analysis/",
      "file_path_htm_map": "\\\\by-swanprd\\swan\\root\\bhc\\949027\\19764\\stat\\main01\\dev\\analysis\\",
      "_datalist_program_name": "t_adverse_events",
      "_datalist_report_name": "t_adverse_events_1",
      "_datalist_page_title": "",
      "_datalist_FilenameListing": "t_adverse_events",
      "_datalist_FilenameRTF": "t_adverse_events",
      "_datalist_PAGE": "",
      "_datalist_TITLE1": "Listing: Treatment-emergent drug-related adverse events (safety analysis set)",
      "lst_filesize": 19597
    },
    {
      "file_path": "/var/swan/root/bhc/949027/19764/stat/main01/dev/analysis/",
      "file_path_htm_map": "\\\\by-swanprd\\swan\\root\\bhc\\949027\\19764\\stat\\main01\\dev\\analysis\\",
      "_datalist_program_name": "t_aeoverall",
      "_datalist_report_name": "t_aeoverall_1",
      "_datalist_page_title": "",
      "_datalist_FilenameListing": "t_aeoverall",
      "_datalist_FilenameRTF": "t_aeoverall",
      "_datalist_PAGE": "",
      "_datalist_TITLE1": "Table: Overall summary of number of subjects with treatment-emergent adverse events (safety analysis set)",
      "lst_filesize": 1596
    },
    {
      "file_path": "/var/swan/root/bhc/949027/19764/stat/main01/dev/analysis/",
      "file_path_htm_map": "\\\\by-swanprd\\swan\\root\\bhc\\949027\\19764\\stat\\main01\\dev\\analysis\\",
      "_datalist_program_name": "t_aeoverall_24w",
      "_datalist_report_name": "t_aeoverall_24w_1",
      "_datalist_page_title": "",
      "_datalist_FilenameListing": "t_aeoverall_24w",
      "_datalist_FilenameRTF": "t_aeoverall_24w",
      "_datalist_PAGE": "",
      "_datalist_TITLE1": "Table: Overall summary of number of subjects with treatment-emergent adverse events (intent to treat - subjects with at least 24 weeks of treatment duration)",
      "lst_filesize": 1438
    },
    {
      "file_path": "/var/swan/root/bhc/949027/19764/stat/main01/dev/analysis/",
      "file_path_htm_map": "\\\\by-swanprd\\swan\\root\\bhc\\949027\\19764\\stat\\main01\\dev\\analysis\\",
      "_datalist_program_name": "t_aesummary1",
      "_datalist_report_name": "t_aesummary1_1",
      "_datalist_page_title": "",
      "_datalist_FilenameListing": "t_aesummary1",
      "_datalist_FilenameRTF": "t_aesummary1",
      "_datalist_PAGE": "",
      "_datalist_TITLE1": "Table: Number of subjects with treatment-emergent adverse events by primary system organ class, preferred term (safety analysis set)",
      "lst_filesize": 3274
    },
    {
      "file_path": "/var/swan/root/bhc/949027/19764/stat/main01/dev/analysis/",
      "file_path_htm_map": "\\\\by-swanprd\\swan\\root\\bhc\\949027\\19764\\stat\\main01\\dev\\analysis\\",
      "_datalist_program_name": "t_aesummary1_24w",
      "_datalist_report_name": "t_aesummary1_24w_1",
      "_datalist_page_title": "",
      "_datalist_FilenameListing": "t_aesummary1_24w",
      "_datalist_FilenameRTF": "t_aesummary1_24w",
      "_datalist_PAGE": "",
      "_datalist_TITLE1": "Table: Number of subjects with treatment-emergent adverse events by primary system organ class, preferred term (intent to treat - subjects with at least 24 weeks of treatment duration)",
      "lst_filesize": 1834
    },
    {
      "file_path": "/var/swan/root/bhc/949027/19764/stat/main01/dev/analysis/",
      "file_path_htm_map": "\\\\by-swanprd\\swan\\root\\bhc\\949027\\19764\\stat\\main01\\dev\\analysis\\",
      "_datalist_program_name": "t_aesummary2",
      "_datalist_report_name": "t_aesummary2_1",
      "_datalist_page_title": "",
      "_datalist_FilenameListing": "t_aesummary2",
      "_datalist_FilenameRTF": "t_aesummary2",
      "_datalist_PAGE": "",
      "_datalist_TITLE1": "Table: Number of subjects with treatment-emergent serious adverse events by primary system organ class and preferred term (safety analysis set)",
      "lst_filesize": 926
    },
    {
      "file_path": "/var/swan/root/bhc/949027/19764/stat/main01/dev/analysis/",
      "file_path_htm_map": "\\\\by-swanprd\\swan\\root\\bhc\\949027\\19764\\stat\\main01\\dev\\analysis\\",
      "_datalist_program_name": "t_aesummary2_24w",
      "_datalist_report_name": "t_aesummary2_24w_1",
      "_datalist_page_title": "",
      "_datalist_FilenameListing": "t_aesummary2_24w",
      "_datalist_FilenameRTF": "t_aesummary2_24w",
      "_datalist_PAGE": "",
      "_datalist_TITLE1": "Table: Number of subjects with treatment-emergent serious adverse events by primary system organ class and preferred term (intent to treat - subjects with at least 24 weeks of treatment duration)",
      "lst_filesize": 929
    },
    {
      "file_path": "/var/swan/root/bhc/949027/19764/stat/main01/dev/analysis/",
      "file_path_htm_map": "\\\\by-swanprd\\swan\\root\\bhc\\949027\\19764\\stat\\main01\\dev\\analysis\\",
      "_datalist_program_name": "t_aesummary3",
      "_datalist_report_name": "t_aesummary3_1",
      "_datalist_page_title": "",
      "_datalist_FilenameListing": "t_aesummary3",
      "_datalist_FilenameRTF": "t_aesummary3",
      "_datalist_PAGE": "",
      "_datalist_TITLE1": "Table: Number of subjects with treatment-emergent study drug-related adverse events by primary system organ class, preferred term (safety analysis set)",
      "lst_filesize": 1552
    },
    {
      "file_path": "/var/swan/root/bhc/949027/19764/stat/main01/dev/analysis/",
      "file_path_htm_map": "\\\\by-swanprd\\swan\\root\\bhc\\949027\\19764\\stat\\main01\\dev\\analysis\\",
      "_datalist_program_name": "t_aesummary3_24w",
      "_datalist_report_name": "t_aesummary3_24w_1",
      "_datalist_page_title": "",
      "_datalist_FilenameListing": "t_aesummary3_24w",
      "_datalist_FilenameRTF": "t_aesummary3_24w",
      "_datalist_PAGE": "",
      "_datalist_TITLE1": "Table: Number of subjects with treatment-emergent study drug-related adverse events by primary system organ class, preferred term (intent to treat - subjects with at least 24 weeks of treatment duration)",
      "lst_filesize": 542
    },
    {
      "file_path": "/var/swan/root/bhc/949027/19764/stat/main01/dev/analysis/",
      "file_path_htm_map": "\\\\by-swanprd\\swan\\root\\bhc\\949027\\19764\\stat\\main01\\dev\\analysis\\",
      "_datalist_program_name": "t_aesummary4",
      "_datalist_report_name": "t_aesummary4_1",
      "_datalist_page_title": "",
      "_datalist_FilenameListing": "t_aesummary4",
      "_datalist_FilenameRTF": "t_aesummary4",
      "_datalist_PAGE": "",
      "_datalist_TITLE1": "Table: Number of subjects with treatment-emergent adverse events resulting in discontinuation of study drug (safety analysis set)",
      "lst_filesize": 922
    },
    {
      "file_path": "/var/swan/root/bhc/949027/19764/stat/main01/dev/analysis/",
      "file_path_htm_map": "\\\\by-swanprd\\swan\\root\\bhc\\949027\\19764\\stat\\main01\\dev\\analysis\\",
      "_datalist_program_name": "t_aesummary4_24w",
      "_datalist_report_name": "t_aesummary4_24w_1",
      "_datalist_page_title": "",
      "_datalist_FilenameListing": "t_aesummary4_24w",
      "_datalist_FilenameRTF": "t_aesummary4_24w",
      "_datalist_PAGE": "",
      "_datalist_TITLE1": "Table: Number of subjects with treatment-emergent adverse events resulting in discontinuation of study drug (intent to treat - subjects with at least 24 weeks of treatment duration)",
      "lst_filesize": 542
    },
    {
      "file_path": "/var/swan/root/bhc/949027/19764/stat/main01/dev/analysis/",
      "file_path_htm_map": "\\\\by-swanprd\\swan\\root\\bhc\\949027\\19764\\stat\\main01\\dev\\analysis\\",
      "_datalist_program_name": "t_antibodies",
      "_datalist_report_name": "t_antibodies_1",
      "_datalist_page_title": "Dosing group:  Twice a week",
      "_datalist_FilenameListing": "t_antibodies",
      "_datalist_FilenameRTF": "t_antibodies",
      "_datalist_PAGE": "dosgrpn",
      "_datalist_TITLE1": "Table: Listing of FVIII inhibitor and anti-drug antibody measurement results (safety analysis set)",
      "lst_filesize": 54772
    },
    {
      "file_path": "/var/swan/root/bhc/949027/19764/stat/main01/dev/analysis/",
      "file_path_htm_map": "\\\\by-swanprd\\swan\\root\\bhc\\949027\\19764\\stat\\main01\\dev\\analysis\\",
      "_datalist_program_name": "t_bleeds_all_24w",
      "_datalist_report_name": "t_bleeds_all_24w_1",
      "_datalist_page_title": "",
      "_datalist_FilenameListing": "t_bleeds_all_24w",
      "_datalist_FilenameRTF": "t_bleeds_all_24w",
      "_datalist_PAGE": "",
      "_datalist_TITLE1": "Table: Summary of all bleeds (intent to treat - subjects with at least 24 weeks of treatment duration)",
      "lst_filesize": 9424
    },
    {
      "file_path": "/var/swan/root/bhc/949027/19764/stat/main01/dev/analysis/",
      "file_path_htm_map": "\\\\by-swanprd\\swan\\root\\bhc\\949027\\19764\\stat\\main01\\dev\\analysis\\",
      "_datalist_program_name": "t_bleeds_target_all_24wt",
      "_datalist_report_name": "t_bleeds_target_all_24wt_1",
      "_datalist_page_title": "",
      "_datalist_FilenameListing": "t_bleeds_target_all_24wt",
      "_datalist_FilenameRTF": "t_bleeds_target_all_24wt",
      "_datalist_PAGE": "",
      "_datalist_TITLE1": "Table: Summary of all target joint bleeds (intent to treat - subjects with at least 24 weeks of treatment duration and with target joint at baseline)",
      "lst_filesize": 2255
    },
    {
      "file_path": "/var/swan/root/bhc/949027/19764/stat/main01/dev/analysis/",
      "file_path_htm_map": "\\\\by-swanprd\\swan\\root\\bhc\\949027\\19764\\stat\\main01\\dev\\analysis\\",
      "_datalist_program_name": "t_bleeds_target_treated_24w",
      "_datalist_report_name": "t_bleeds_target_treated_24w_1",
      "_datalist_page_title": "",
      "_datalist_FilenameListing": "t_bleeds_target_treated_24wt",
      "_datalist_FilenameRTF": "t_bleeds_target_treated_24wt",
      "_datalist_PAGE": "",
      "_datalist_TITLE1": "Table: Summary of treated target joint bleeds (intent to treat - subjects with at least 24 weeks of treatment duration and with target joint at baseline)",
      "lst_filesize": null
    },
    {
      "file_path": "/var/swan/root/bhc/949027/19764/stat/main01/dev/analysis/",
      "file_path_htm_map": "\\\\by-swanprd\\swan\\root\\bhc\\949027\\19764\\stat\\main01\\dev\\analysis\\",
      "_datalist_program_name": "t_bleeds_treated_24w",
      "_datalist_report_name": "t_bleeds_treated_24w_1",
      "_datalist_page_title": "",
      "_datalist_FilenameListing": "t_bleeds_treated_24w",
      "_datalist_FilenameRTF": "t_bleeds_treated_24w",
      "_datalist_PAGE": "",
      "_datalist_TITLE1": "Table: Summary of treated bleeds (intent to treat - subjects with at least 24 weeks of treatment duration)",
      "lst_filesize": 9359
    },
    {
      "file_path": "/var/swan/root/bhc/949027/19764/stat/main01/dev/analysis/",
      "file_path_htm_map": "\\\\by-swanprd\\swan\\root\\bhc\\949027\\19764\\stat\\main01\\dev\\analysis\\",
      "_datalist_program_name": "t_demographics",
      "_datalist_report_name": "t_demographics_1",
      "_datalist_page_title": "",
      "_datalist_FilenameListing": "t_demographics",
      "_datalist_FilenameRTF": "t_demographics",
      "_datalist_PAGE": "",
      "_datalist_TITLE1": "Table: Table: Demographics (safety analysis set)",
      "lst_filesize": 2128
    },
    {
      "file_path": "/var/swan/root/bhc/949027/19764/stat/main01/dev/analysis/",
      "file_path_htm_map": "\\\\by-swanprd\\swan\\root\\bhc\\949027\\19764\\stat\\main01\\dev\\analysis\\",
      "_datalist_program_name": "t_demographics_24w",
      "_datalist_report_name": "t_demographics_24w_1",
      "_datalist_page_title": "",
      "_datalist_FilenameListing": "t_demographics_24w",
      "_datalist_FilenameRTF": "t_demographics_24w",
      "_datalist_PAGE": "",
      "_datalist_TITLE1": "Table: Table: Demographics (intent to treat - subjects with at least 24 weeks of treatment duration)",
      "lst_filesize": 5644
    },
    {
      "file_path": "/var/swan/root/bhc/949027/19764/stat/main01/dev/analysis/",
      "file_path_htm_map": "\\\\by-swanprd\\swan\\root\\bhc\\949027\\19764\\stat\\main01\\dev\\analysis\\",
      "_datalist_program_name": "t_diseasechar",
      "_datalist_report_name": "t_diseasechar_1",
      "_datalist_page_title": "",
      "_datalist_FilenameListing": "t_diseasechar",
      "_datalist_FilenameRTF": "t_diseasechar",
      "_datalist_PAGE": "",
      "_datalist_TITLE1": "Table: Baseline disease characteristics (safety analysis set)",
      "lst_filesize": 4081
    },
    {
      "file_path": "/var/swan/root/bhc/949027/19764/stat/main01/dev/analysis/",
      "file_path_htm_map": "\\\\by-swanprd\\swan\\root\\bhc\\949027\\19764\\stat\\main01\\dev\\analysis\\",
      "_datalist_program_name": "t_diseasechar_24w",
      "_datalist_report_name": "t_diseasechar_24w_1",
      "_datalist_page_title": "",
      "_datalist_FilenameListing": "t_diseasechar_24w",
      "_datalist_FilenameRTF": "t_diseasechar_24w",
      "_datalist_PAGE": "",
      "_datalist_TITLE1": "Table: Baseline disease characteristics (intent to treat - subjects with at least 24 weeks of treatment duration)",
      "lst_filesize": 9684
    },
    {
      "file_path": "/var/swan/root/bhc/949027/19764/stat/main01/dev/analysis/",
      "file_path_htm_map": "\\\\by-swanprd\\swan\\root\\bhc\\949027\\19764\\stat\\main01\\dev\\analysis\\",
      "_datalist_program_name": "t_dispbyepoch",
      "_datalist_report_name": "t_dispbyepoch_1",
      "_datalist_page_title": "",
      "_datalist_FilenameListing": "t_dispbyepoch",
      "_datalist_FilenameRTF": "t_dispbyepoch",
      "_datalist_PAGE": "",
      "_datalist_TITLE1": "Table: Disposition: Treatment (safety analysis set)",
      "lst_filesize": 1278
    },
    {
      "file_path": "/var/swan/root/bhc/949027/19764/stat/main01/dev/analysis/",
      "file_path_htm_map": "\\\\by-swanprd\\swan\\root\\bhc\\949027\\19764\\stat\\main01\\dev\\analysis\\",
      "_datalist_program_name": "t_dosing_regimen_24w",
      "_datalist_report_name": "t_dosing_regimen_24w_1",
      "_datalist_page_title": "",
      "_datalist_FilenameListing": "t_dosing_regimen_24w",
      "_datalist_FilenameRTF": "t_dosing_regimen_24w",
      "_datalist_PAGE": "",
      "_datalist_TITLE1": "Table: Number of subjects per dosing regimen (intent to treat - subjects with at least 24 weeks of treatment duration)",
      "lst_filesize": 1024
    },
    {
      "file_path": "/var/swan/root/bhc/949027/19764/stat/main01/dev/analysis/",
      "file_path_htm_map": "\\\\by-swanprd\\swan\\root\\bhc\\949027\\19764\\stat\\main01\\dev\\analysis\\",
      "_datalist_program_name": "t_exposure_24w",
      "_datalist_report_name": "t_exposure_24w_1",
      "_datalist_page_title": "",
      "_datalist_FilenameListing": "t_exposure_24w",
      "_datalist_FilenameRTF": "t_exposure_24w",
      "_datalist_PAGE": "",
      "_datalist_TITLE1": "Table: Time in study and exposure days (intent to treat - subjects with at least 24 weeks of treatment duration)",
      "lst_filesize": 2151
    },
    {
      "file_path": "/var/swan/root/bhc/949027/19764/stat/main01/dev/analysis/",
      "file_path_htm_map": "\\\\by-swanprd\\swan\\root\\bhc\\949027\\19764\\stat\\main01\\dev\\analysis\\",
      "_datalist_program_name": "t_medhistory",
      "_datalist_report_name": "t_medhistory_1",
      "_datalist_page_title": "",
      "_datalist_FilenameListing": "t_medhistory",
      "_datalist_FilenameRTF": "t_medhistory",
      "_datalist_PAGE": "",
      "_datalist_TITLE1": "Table: Number of subjects with medical history findings by primary system organ class and high level term (safety analysis set)",
      "lst_filesize": 8003
    },
    {
      "file_path": "/var/swan/root/bhc/949027/19764/stat/main01/dev/analysis/",
      "file_path_htm_map": "\\\\by-swanprd\\swan\\root\\bhc\\949027\\19764\\stat\\main01\\dev\\analysis\\",
      "_datalist_program_name": "t_medhistory_24w",
      "_datalist_report_name": "t_medhistory_24w_1",
      "_datalist_page_title": "",
      "_datalist_FilenameListing": "t_medhistory_24w",
      "_datalist_FilenameRTF": "t_medhistory_24w",
      "_datalist_PAGE": "",
      "_datalist_TITLE1": "Table: Number of subjects with medical history findings by primary system organ class and high level term (intent to treat - subjects with at least 24 weeks of treatment duration)",
      "lst_filesize": 12646
    },
    {
      "file_path": "/var/swan/root/bhc/949027/19764/stat/main01/dev/analysis/",
      "file_path_htm_map": "\\\\by-swanprd\\swan\\root\\bhc\\949027\\19764\\stat\\main01\\dev\\analysis\\",
      "_datalist_program_name": "t_recovery_24w",
      "_datalist_report_name": "t_recovery_24w_1",
      "_datalist_page_title": "",
      "_datalist_FilenameListing": "t_recovery_24w",
      "_datalist_FilenameRTF": "t_recovery_24w",
      "_datalist_PAGE": "",
      "_datalist_TITLE1": "Table: Summary statistics for FVIII concentration and recovery values (intent to treat - subjects with at least 24 weeks of treatment duration)",
      "lst_filesize": 11923
    },
    {
      "file_path": "/var/swan/root/bhc/949027/19764/stat/main01/dev/analysis/",
      "file_path_htm_map": "\\\\by-swanprd\\swan\\root\\bhc\\949027\\19764\\stat\\main01\\dev\\analysis\\",
      "_datalist_program_name": "t_samplesize",
      "_datalist_report_name": "t_samplesize_1",
      "_datalist_page_title": "",
      "_datalist_FilenameListing": "t_samplesize",
      "_datalist_FilenameRTF": "t_samplesize",
      "_datalist_PAGE": "",
      "_datalist_TITLE1": "Table: Study sample sizes by country and site (all enrolled subjects)",
      "lst_filesize": 12197
    },
    {
      "file_path": "/var/swan/root/bhc/949027/19764/stat/main01/dev/analysis/",
      "file_path_htm_map": "\\\\by-swanprd\\swan\\root\\bhc\\949027\\19764\\stat\\main01\\dev\\analysis\\",
      "_datalist_program_name": "t_type_target_joint",
      "_datalist_report_name": "t_type_target_joint_1",
      "_datalist_page_title": "",
      "_datalist_FilenameListing": "t_type_target_joint",
      "_datalist_FilenameRTF": "t_type_target_joint",
      "_datalist_PAGE": "",
      "_datalist_TITLE1": "Table: Type of target joints at baseline (safety analysis set)",
      "lst_filesize": 736
    },
    {
      "file_path": "/var/swan/root/bhc/949027/19764/stat/main01/dev/analysis/",
      "file_path_htm_map": "\\\\by-swanprd\\swan\\root\\bhc\\949027\\19764\\stat\\main01\\dev\\analysis\\",
      "_datalist_program_name": "t_type_target_joint_24w",
      "_datalist_report_name": "t_type_target_joint_24w_1",
      "_datalist_page_title": "",
      "_datalist_FilenameListing": "t_type_target_joint_24w",
      "_datalist_FilenameRTF": "t_type_target_joint_24w",
      "_datalist_PAGE": "",
      "_datalist_TITLE1": "Table: Type of target joints at baseline (intent to treat - subjects with at least 24 weeks of treatment duration)",
      "lst_filesize": 1102
    },
    {
      "file_path": "/var/swan/root/bhc/949027/19764/stat/main01/dev/analysis/",
      "file_path_htm_map": "\\\\by-swanprd\\swan\\root\\bhc\\949027\\19764\\stat\\main01\\dev\\analysis\\",
      "_datalist_program_name": "t_zero_all_bleeds_24w",
      "_datalist_report_name": "t_zero_all_bleeds_24w_1",
      "_datalist_page_title": "",
      "_datalist_FilenameListing": "t_zero_all_bleeds_24w",
      "_datalist_FilenameRTF": "t_zero_all_bleeds_24w",
      "_datalist_PAGE": "",
      "_datalist_TITLE1": "Table: Number of subjects with 0 bleeds (intent to treat - subjects with at least 24 weeks of treatment duration)",
      "lst_filesize": 4812
    },
    {
      "file_path": "/var/swan/root/bhc/949027/19764/stat/main01/dev/analysis/",
      "file_path_htm_map": "\\\\by-swanprd\\swan\\root\\bhc\\949027\\19764\\stat\\main01\\dev\\analysis\\",
      "_datalist_program_name": "t_zero_treated_bleeds_24w",
      "_datalist_report_name": "t_zero_treated_bleeds_24w_1",
      "_datalist_page_title": "",
      "_datalist_FilenameListing": "t_zero_treated_bleeds_24w",
      "_datalist_FilenameRTF": "t_zero_treated_bleeds_24w",
      "_datalist_PAGE": "",
      "_datalist_TITLE1": "Table: Number of subjects with 0 treated bleeds (intent to treat - subjects with at least 24 weeks of treatment duration)",
      "lst_filesize": 4774
    }
  ]
]
