[
  "SASJSONExport",
  "1.0 PRETTY FMTCHARACTER FMTNUMERIC",
  "SASTableData+PROPERTIES_OBJECT",
  [
    {
      "Report_Number": "Listing 1.3.2 / 1",
      "Number_of_Titles": 1,
      "Title1": "Listing: Treatment-emergent drug-related adverse events (safety analysis set)",
      "Title2": "",
      "Title3": "",
      "Title4": "",
      "Title5": "",
      "Title6": "",
      "Title7": "",
      "Title8": "",
      "Title9": "",
      "Title10": "",
      "Number_of_Footnotes": 10,
      "Footnote1": "Age: years.",
      "Footnote2": "Sex: M = Male, F = Female.",
      "Footnote3": "Race: A = Asian, B = Black, W = White, AI = American Indian or Alaska Native, NH = Native Hawaiian or Other Pacific Islander, NR = Not Reported, MUL = Multiple.",
      "Footnote4": "Ethnicity: HL = Hispanic or Latino, NHL = Not Hispanic or Latino, NR = Not Reported.",
      "Footnote5": "SOC = System Organ Class.",
      "Footnote6": "Sex: F = female, M = male.",
      "Footnote7": "Relative to treatment start  = date of onset/stop of AE minus date of first study drug administration plus 1 day.",
      "Footnote8": "Relative to treatment stop = date of onset/stop of AE minus date of last study drug administration.",
      "Footnote9": "",
      "Footnote10": "Bayer: /var/swan/root/bhc/949027/19764/stat/main01/dev/analysis/pgms/t_adverse_events.sas      05OCT2020 14:52",
      "_datalist_program_name": "t_adverse_events",
      "_datalist_report_name": "t_adverse_events_1",
      "_datalist_by_without_order": "uasre dosgrpn",
      "_datalist_page_without_order": "",
      "_datalist_page_title": "",
      "_datalist_DateTime": "05OCT20:14:52:09",
      "_datalist_Filename": "t_adverse_events",
      "_datalist_FilenameListing": "t_adverse_events",
      "_datalist_FilenameRTF": "t_adverse_events",
      "_datalist_IsPhysicalName": "YES",
      "_datalist_NumberOfOutputObservat": "12",
      "_datalist_PageGroupNumber": "1",
      "_datalist_Prog": "t_adverse_events",
      "_datalist_TablesbyObservation": "1",
      "_datalist_TablesbyValues": "",
      "_datalist_TablesbyVariables": "",
      "_datalist_BY": "usubjid uasre dosgrpn",
      "_datalist_BYLEN": "",
      "_datalist_CONTBY": "",
      "_datalist_DATA": "master",
      "_datalist_FREELINE": "usubjid",
      "_datalist_HB_ALIGN": "CENTER",
      "_datalist_HC_ALIGN": "",
      "_datalist_HN_ALIGN": "",
      "_datalist_HSPLIT": "",
      "_datalist_HV_ALIGN": "CENTER",
      "_datalist_IGNORE_PRESPACE": "NO",
      "_datalist_LABEL": "YES",
      "_datalist_LAYOUT": "STANDARD",
      "_datalist_MAXLEN": "20",
      "_datalist_NCOLUMN1": "",
      "_datalist_OPTIMAL": "NO",
      "_datalist_ORDER": "usubjid",
      "_datalist_ORDER_VAR": "",
      "_datalist_PAGE": "",
      "_datalist_POSTVAR": "",
      "_datalist_PRINT_EMPTY": "YES",
      "_datalist_REPBY": "NO",
      "_datalist_SPACE": "2",
      "_datalist_SPLIT": "'/ *'",
      "_datalist_SPLITBY": "YES",
      "_datalist_TABLESBY": "",
      "_datalist_TOGETHER": "",
      "_datalist_TRANSPOSE": "",
      "_datalist_VAR": "aeterm_ aesev aerel aesreas aestdtc_ aeendtc_ edprior aeacn aeoth_ aeout",
      "_datalist_VERTICAL_HEADER": "",
      "_datalist_var_actual": "USUBJID AESEV AESREAS AEACN AEREL AEOUT EDPRIOR UASRE DOSGRPN aeterm_ aestdtc_ aeendtc_ aeoth_ _orderN _n_free _n_freeR _obsid_ _1_b1 _1_b2 _1_b3"
    }
  ],
  "SASJSONExport",
  "1.0 PRETTY FMTCHARACTER FMTNUMERIC",
  "SASTableData+HEADER_OBJECT",
  [
    {
      "NAME": "AEACN",
      "LABEL": "Action Taken"
    },
    {
      "NAME": "AEOUT",
      "LABEL": "Outcome/@specify"
    },
    {
      "NAME": "AEREL",
      "LABEL": "Related to@Study Drug"
    },
    {
      "NAME": "AESEV",
      "LABEL": "Severity/Intensity"
    },
    {
      "NAME": "AESREAS",
      "LABEL": "Reason(s)@for@seriousness"
    },
    {
      "NAME": "DOSGRPN",
      "LABEL": "Dosing@regimen"
    },
    {
      "NAME": "EDPRIOR",
      "LABEL": "Number of exposure days before onset"
    },
    {
      "NAME": "UASRE",
      "LABEL": "Unique Subject ID/Age/Sex/Race/Ethnicity"
    },
    {
      "NAME": "USUBJID",
      "LABEL": "Unique Subject Identifier"
    },
    {
      "NAME": "_1_b1",
      "LABEL": "_1_b1"
    },
    {
      "NAME": "_1_b2",
      "LABEL": "_1_b2"
    },
    {
      "NAME": "_1_b3",
      "LABEL": "_1_b3"
    },
    {
      "NAME": "_n_free",
      "LABEL": "Freeline indicator variable"
    },
    {
      "NAME": "_n_freeR",
      "LABEL": "_n_freeR"
    },
    {
      "NAME": "_obsid_",
      "LABEL": "_obsid_"
    },
    {
      "NAME": "_orderN",
      "LABEL": "_orderN"
    },
    {
      "NAME": "aeendtc_",
      "LABEL": "Stop@Date/{Time}@/relative to treatment start/relative to treatment stop"
    },
    {
      "NAME": "aeoth_",
      "LABEL": "Other Action@Taken/@Concomitant@Medication@Given"
    },
    {
      "NAME": "aestdtc_",
      "LABEL": "Onset@Date/{Time}@/relative to treatment start/relative to treatment stop"
    },
    {
      "NAME": "aeterm_",
      "LABEL": "Primary SOC/@Prefered Term/@Reported Term"
    }
  ],
  "SASJSONExport",
  "1.0 PRETTY FMTCHARACTER FMTNUMERIC",
  "SASTableData+t_adverse_events_1",
  [
    {
      "USUBJID": "19764220010001",
      "AESEV": "MILD",
      "AESREAS": "",
      "AEACN": "DRUG WITHDRAWN",
      "AEREL": "Y",
      "AEOUT": "NOT RECOVERED/NOT RESOLVED",
      "EDPRIOR":        1,
      "UASRE": "19764220010001/44/M/W/NHL",
      "DOSGRPN": "Twice a week",
      "aeterm_": "General disorders and administration site conditions/ Drug ineffective/ Loss of efficacy",
      "aestdtc_": "30DEC2019/14:35/1/-10",
      "aeendtc_": "---------/./.",
      "aeoth_": "Y/N",
      "_orderN": 1,
      "_n_free": 1,
      "_n_freeR": 1,
      "_obsid_": 1,
      "_1_b1": 1,
      "_1_b2": 1,
      "_1_b3": 1
    },
    {
      "USUBJID": "19764220010004",
      "AESEV": "MILD",
      "AESREAS": "",
      "AEACN": "DOSE NOT CHANGED",
      "AEREL": "Y",
      "AEOUT": "RECOVERED/RESOLVED",
      "EDPRIOR":        1,
      "UASRE": "19764220010004/64/M/W/NHL",
      "DOSGRPN": "Variable frequency",
      "aeterm_": "Skin and subcutaneous tissue disorders/ Rash maculo-papular/ Rash maculo-papular",
      "aestdtc_": "13MAY2020/18:00/2/-106",
      "aeendtc_": "14MAY2020/17:00/3/-105",
      "aeoth_": "N/N",
      "_orderN": 2,
      "_n_free": 1,
      "_n_freeR": 0,
      "_obsid_": 2,
      "_1_b1": 1,
      "_1_b2": 1,
      "_1_b3": 1
    },
    {
      "USUBJID": "19764220010004",
      "AESEV": "MILD",
      "AESREAS": "",
      "AEACN": "DOSE NOT CHANGED",
      "AEREL": "Y",
      "AEOUT": "RECOVERED/RESOLVED",
      "EDPRIOR":        2,
      "UASRE": "19764220010004/64/M/W/NHL",
      "DOSGRPN": "Variable frequency",
      "aeterm_": "Skin and subcutaneous tissue disorders/ Pruritus/ itchy neck",
      "aestdtc_": "19MAY2020/09:10/8/-100",
      "aeendtc_": "19MAY2020/09:15/8/-100",
      "aeoth_": "N/N",
      "_orderN": 3,
      "_n_free": 0,
      "_n_freeR": 0,
      "_obsid_": 3,
      "_1_b1": 0,
      "_1_b2": 0,
      "_1_b3": 0
    },
    {
      "USUBJID": "19764220010004",
      "AESEV": "MILD",
      "AESREAS": "",
      "AEACN": "DOSE NOT CHANGED",
      "AEREL": "Y",
      "AEOUT": "RECOVERED/RESOLVED",
      "EDPRIOR":        2,
      "UASRE": "19764220010004/64/M/W/NHL",
      "DOSGRPN": "Variable frequency",
      "aeterm_": "Nervous system disorders/ Dysgeusia/ metallic taste at the base of the tongue",
      "aestdtc_": "19MAY2020/09:10/8/-100",
      "aeendtc_": "19MAY2020/09:15/8/-100",
      "aeoth_": "N/N",
      "_orderN": 4,
      "_n_free": 0,
      "_n_freeR": 0,
      "_obsid_": 4,
      "_1_b1": 0,
      "_1_b2": 0,
      "_1_b3": 0
    },
    {
      "USUBJID": "19764220010004",
      "AESEV": "MILD",
      "AESREAS": "",
      "AEACN": "DOSE NOT CHANGED",
      "AEREL": "Y",
      "AEOUT": "RECOVERED/RESOLVED",
      "EDPRIOR":        4,
      "UASRE": "19764220010004/64/M/W/NHL",
      "DOSGRPN": "Variable frequency",
      "aeterm_": "Skin and subcutaneous tissue disorders/ Rash maculo-papular/ rash maculopapular",
      "aestdtc_": "20MAY2020/17:00/9/-99",
      "aeendtc_": "21MAY2020/18:00/10/-98",
      "aeoth_": "N/N",
      "_orderN": 5,
      "_n_free": 0,
      "_n_freeR": 0,
      "_obsid_": 5,
      "_1_b1": 0,
      "_1_b2": 0,
      "_1_b3": 0
    },
    {
      "USUBJID": "19764220010004",
      "AESEV": "MILD",
      "AESREAS": "",
      "AEACN": "DOSE NOT CHANGED",
      "AEREL": "Y",
      "AEOUT": "RECOVERED/RESOLVED",
      "EDPRIOR":        4,
      "UASRE": "19764220010004/64/M/W/NHL",
      "DOSGRPN": "Variable frequency",
      "aeterm_": "Skin and subcutaneous tissue disorders/ Pruritus/ itchy neck",
      "aestdtc_": "22MAY2020/09:59/11/-97",
      "aeendtc_": "22MAY2020/10:04/11/-97",
      "aeoth_": "N/N",
      "_orderN": 6,
      "_n_free": 0,
      "_n_freeR": 0,
      "_obsid_": 6,
      "_1_b1": 0,
      "_1_b2": 0,
      "_1_b3": 0
    },
    {
      "USUBJID": "19764220010004",
      "AESEV": "MILD",
      "AESREAS": "",
      "AEACN": "DOSE NOT CHANGED",
      "AEREL": "Y",
      "AEOUT": "RECOVERED/RESOLVED",
      "EDPRIOR":        4,
      "UASRE": "19764220010004/64/M/W/NHL",
      "DOSGRPN": "Variable frequency",
      "aeterm_": "Nervous system disorders/ Dysgeusia/ metallic taste at the base of the tongue",
      "aestdtc_": "22MAY2020/09:59/11/-97",
      "aeendtc_": "22MAY2020/10:04/11/-97",
      "aeoth_": "N/N",
      "_orderN": 7,
      "_n_free": 0,
      "_n_freeR": 0,
      "_obsid_": 7,
      "_1_b1": 0,
      "_1_b2": 0,
      "_1_b3": 0
    },
    {
      "USUBJID": "19764220010004",
      "AESEV": "MILD",
      "AESREAS": "",
      "AEACN": "DOSE NOT CHANGED",
      "AEREL": "Y",
      "AEOUT": "RECOVERED/RESOLVED",
      "EDPRIOR":        5,
      "UASRE": "19764220010004/64/M/W/NHL",
      "DOSGRPN": "Variable frequency",
      "aeterm_": "Skin and subcutaneous tissue disorders/ Pruritus/ itchy neck",
      "aestdtc_": "26MAY2020/18:23/15/-93",
      "aeendtc_": "26MAY2020/18:28/15/-93",
      "aeoth_": "N/N",
      "_orderN": 8,
      "_n_free": 0,
      "_n_freeR": 0,
      "_obsid_": 8,
      "_1_b1": 0,
      "_1_b2": 0,
      "_1_b3": 0
    },
    {
      "USUBJID": "19764220010004",
      "AESEV": "MILD",
      "AESREAS": "",
      "AEACN": "DOSE NOT CHANGED",
      "AEREL": "Y",
      "AEOUT": "RECOVERED/RESOLVED",
      "EDPRIOR":        5,
      "UASRE": "19764220010004/64/M/W/NHL",
      "DOSGRPN": "Variable frequency",
      "aeterm_": "Nervous system disorders/ Dysgeusia/ metallic taste at the base of the tongue",
      "aestdtc_": "26MAY2020/18:23/15/-93",
      "aeendtc_": "26MAY2020/18:28/15/-93",
      "aeoth_": "N/N",
      "_orderN": 9,
      "_n_free": 0,
      "_n_freeR": 1,
      "_obsid_": 9,
      "_1_b1": 0,
      "_1_b2": 0,
      "_1_b3": 0
    },
    {
      "USUBJID": "19764410010001",
      "AESEV": "MILD",
      "AESREAS": "",
      "AEACN": "DOSE NOT CHANGED",
      "AEREL": "Y",
      "AEOUT": "RECOVERED/RESOLVED",
      "EDPRIOR":        0,
      "UASRE": "19764410010001/40/M/W/NHL",
      "DOSGRPN": "Twice a week",
      "aeterm_": "Respiratory, thoracic and mediastinal disorders/ Cough/ cough a single cough during the infusion",
      "aestdtc_": "04FEB2020/10:10/1/-139",
      "aeendtc_": "04FEB2020/10:11/1/-139",
      "aeoth_": "N/N",
      "_orderN": 10,
      "_n_free": 1,
      "_n_freeR": 0,
      "_obsid_": 10,
      "_1_b1": 1,
      "_1_b2": 1,
      "_1_b3": 1
    },
    {
      "USUBJID": "19764410010001",
      "AESEV": "MILD",
      "AESREAS": "",
      "AEACN": "DOSE NOT CHANGED",
      "AEREL": "Y",
      "AEOUT": "RECOVERED/RESOLVED",
      "EDPRIOR":       31,
      "UASRE": "19764410010001/40/M/W/NHL",
      "DOSGRPN": "Twice a week",
      "aeterm_": "Immune system disorders/ Hypersensitivity/ Allergic reaction",
      "aestdtc_": "01JUN2020/08:27/119/-21",
      "aeendtc_": "02JUN2020/11:00/120/-20",
      "aeoth_": "N/N",
      "_orderN": 11,
      "_n_free": 0,
      "_n_freeR": 0,
      "_obsid_": 11,
      "_1_b1": 0,
      "_1_b2": 0,
      "_1_b3": 0
    },
    {
      "USUBJID": "19764410010001",
      "AESEV": "MILD",
      "AESREAS": "",
      "AEACN": "DRUG INTERRUPTED",
      "AEREL": "Y",
      "AEOUT": "RECOVERED/RESOLVED",
      "EDPRIOR":       31,
      "UASRE": "19764410010001/40/M/W/NHL",
      "DOSGRPN": "Twice a week",
      "aeterm_": "Immune system disorders/ Hypersensitivity/ Alergic reaction",
      "aestdtc_": "04JUN2020/08:35/122/-18",
      "aeendtc_": "04JUN2020/11:30/122/-18",
      "aeoth_": "N/N",
      "_orderN": 12,
      "_n_free": 0,
      "_n_freeR": 1,
      "_obsid_": 12,
      "_1_b1": 0,
      "_1_b2": 0,
      "_1_b3": 0
    }
  ]
]
