[
  "SASJSONExport",
  "1.0 PRETTY FMTCHARACTER FMTNUMERIC",
  "SASTableData+PROPERTIES_OBJECT",
  [
    {
      "Report_Number": "Table 1.3.1 / 2",
      "Number_of_Titles": 1,
      "Title1": "Table: Overall summary of number of subjects with treatment-emergent adverse events (intent to treat - subjects with at least 24 weeks of treatment duration)",
      "Title2": "",
      "Title3": "",
      "Title4": "",
      "Title5": "",
      "Title6": "",
      "Title7": "",
      "Title8": "",
      "Title9": "",
      "Title10": "",
      "Number_of_Footnotes": 1,
      "Footnote1": "Bayer: /var/swan/root/bhc/949027/19764/stat/main01/dev/analysis/pgms/t_aeoverall_24w.sas      05OCT2020 14:51",
      "Footnote2": "",
      "Footnote3": "",
      "Footnote4": "",
      "Footnote5": "",
      "Footnote6": "",
      "Footnote7": "",
      "Footnote8": "",
      "Footnote9": "",
      "Footnote10": "",
      "_datalist_program_name": "t_aeoverall_24w",
      "_datalist_report_name": "t_aeoverall_24w_1",
      "_datalist_by_without_order": "_name_",
      "_datalist_page_without_order": "",
      "_datalist_page_title": "",
      "_datalist_DateTime": "05OCT20:14:51:56",
      "_datalist_Filename": "t_aeoverall_24w",
      "_datalist_FilenameListing": "t_aeoverall_24w",
      "_datalist_FilenameRTF": "t_aeoverall_24w",
      "_datalist_IsPhysicalName": "YES",
      "_datalist_NumberOfOutputObservat": "14",
      "_datalist_PageGroupNumber": "1",
      "_datalist_Prog": "t_aeoverall_24w",
      "_datalist_TablesbyObservation": "1",
      "_datalist_TablesbyValues": "",
      "_datalist_TablesbyVariables": "",
      "_datalist_BY": "_order_ fline _name_",
      "_datalist_BYLEN": "",
      "_datalist_CONTBY": "",
      "_datalist_DATA": "m_all",
      "_datalist_FREELINE": "",
      "_datalist_HB_ALIGN": "CENTER",
      "_datalist_HC_ALIGN": "",
      "_datalist_HN_ALIGN": "",
      "_datalist_HSPLIT": "'@'",
      "_datalist_HV_ALIGN": "CENTER",
      "_datalist_IGNORE_PRESPACE": "NO",
      "_datalist_LABEL": "NO",
      "_datalist_LAYOUT": "STANDARD",
      "_datalist_MAXLEN": "50",
      "_datalist_NCOLUMN1": "_COL1_",
      "_datalist_OPTIMAL": "NO",
      "_datalist_ORDER": "fline _order_",
      "_datalist_ORDER_VAR": "",
      "_datalist_PAGE": "",
      "_datalist_POSTVAR": "",
      "_datalist_PRINT_EMPTY": "YES",
      "_datalist_REPBY": "NO",
      "_datalist_SPACE": "2",
      "_datalist_SPLIT": "'/ *'",
      "_datalist_SPLITBY": "YES",
      "_datalist_TABLESBY": "",
      "_datalist_TOGETHER": "fline",
      "_datalist_TRANSPOSE": "",
      "_datalist_VAR": "_COL1_",
      "_datalist_VERTICAL_HEADER": "",
      "_datalist_var_actual": "_order_ _name_ _COL1_ fline error _orderN _n_tog _n_tog_uni _n_togR _obsid_ _1_b1 _1_b2 _1_b3"
    }
  ],
  "SASJSONExport",
  "1.0 PRETTY FMTCHARACTER FMTNUMERIC",
  "SASTableData+HEADER_OBJECT",
  [
    {
      "NAME": "_1_b1",
      "LABEL": "_1_b1"
    },
    {
      "NAME": "_1_b2",
      "LABEL": "_1_b2"
    },
    {
      "NAME": "_1_b3",
      "LABEL": "_1_b3"
    },
    {
      "NAME": "_COL1_",
      "LABEL": "Prophylaxis@N=18 (100%)"
    },
    {
      "NAME": "_n_tog",
      "LABEL": "Together indicator variable"
    },
    {
      "NAME": "_n_togR",
      "LABEL": "_n_togR"
    },
    {
      "NAME": "_n_tog_uni",
      "LABEL": "Together indicator with group blocks"
    },
    {
      "NAME": "_name_",
      "LABEL": "_name_"
    },
    {
      "NAME": "_obsid_",
      "LABEL": "_obsid_"
    },
    {
      "NAME": "_orderN",
      "LABEL": "_orderN"
    },
    {
      "NAME": "_order_",
      "LABEL": "order variable"
    },
    {
      "NAME": "error",
      "LABEL": "error"
    },
    {
      "NAME": "fline",
      "LABEL": "freeline variable"
    }
  ],
  "SASJSONExport",
  "1.0 PRETTY FMTCHARACTER FMTNUMERIC",
  "SASTableData+t_aeoverall_24w_1",
  [
    {
      "_order_":        1,
      "_name_": "Number of subjects (%) with the specified AE:",
      "_COL1_": "",
      "fline": 1,
      "error": 0,
      "_orderN": 1,
      "_n_tog": 1,
      "_n_tog_uni":        1,
      "_n_togR": 1,
      "_obsid_": 1,
      "_1_b1": 1,
      "_1_b2": 1,
      "_1_b3": 1
    },
    {
      "_order_":        2,
      "_name_": "   Any AE",
      "_COL1_": " 8 ( 44.4%)",
      "fline": 2,
      "error": 0,
      "_orderN": 2,
      "_n_tog": 1,
      "_n_tog_uni":        2,
      "_n_togR": 1,
      "_obsid_": 2,
      "_1_b1": 1,
      "_1_b2": 1,
      "_1_b3": 1
    },
    {
      "_order_":        3,
      "_name_": "      Any study drug-related AE",
      "_COL1_": " 0",
      "fline": 3,
      "error": 0,
      "_orderN": 3,
      "_n_tog": 1,
      "_n_tog_uni":        3,
      "_n_togR": 1,
      "_obsid_": 3,
      "_1_b1": 1,
      "_1_b2": 1,
      "_1_b3": 1
    },
    {
      "_order_":        4,
      "_name_": "      Any AE related to procedures required by the protocol",
      "_COL1_": " 0",
      "fline": 4,
      "error": 0,
      "_orderN": 4,
      "_n_tog": 1,
      "_n_tog_uni":        4,
      "_n_togR": 1,
      "_obsid_": 4,
      "_1_b1": 1,
      "_1_b2": 1,
      "_1_b3": 1
    },
    {
      "_order_":  5.00001,
      "_name_": "      Maximum intensity for any AE",
      "_COL1_": "",
      "fline": 5,
      "error": 0,
      "_orderN": 5,
      "_n_tog": 1,
      "_n_tog_uni":        5,
      "_n_togR": 0,
      "_obsid_": 5,
      "_1_b1": 1,
      "_1_b2": 1,
      "_1_b3": 1
    },
    {
      "_order_":    5.001,
      "_name_": "         MILD",
      "_COL1_": " 6 ( 33.3%)",
      "fline": 5,
      "error": 0,
      "_orderN": 6,
      "_n_tog": 0,
      "_n_tog_uni":        5,
      "_n_togR": 0,
      "_obsid_": 6,
      "_1_b1": 1,
      "_1_b2": 1,
      "_1_b3": 1
    },
    {
      "_order_":    5.002,
      "_name_": "         MODERATE",
      "_COL1_": " 1 (  5.6%)",
      "fline": 5,
      "error": 0,
      "_orderN": 7,
      "_n_tog": 0,
      "_n_tog_uni":        5,
      "_n_togR": 0,
      "_obsid_": 7,
      "_1_b1": 1,
      "_1_b2": 1,
      "_1_b3": 1
    },
    {
      "_order_":    5.003,
      "_name_": "         SEVERE",
      "_COL1_": " 1 (  5.6%)",
      "fline": 5,
      "error": 0,
      "_orderN": 8,
      "_n_tog": 0,
      "_n_tog_uni":        5,
      "_n_togR": 1,
      "_obsid_": 8,
      "_1_b1": 1,
      "_1_b2": 1,
      "_1_b3": 1
    },
    {
      "_order_":        7,
      "_name_": "   AE related deaths",
      "_COL1_": " 0",
      "fline": 7,
      "error": 0,
      "_orderN": 9,
      "_n_tog": 1,
      "_n_tog_uni":        6,
      "_n_togR": 1,
      "_obsid_": 9,
      "_1_b1": 1,
      "_1_b2": 1,
      "_1_b3": 1
    },
    {
      "_order_":        8,
      "_name_": "   Any SAE",
      "_COL1_": " 1 (  5.6%)",
      "fline": 8,
      "error": 0,
      "_orderN": 10,
      "_n_tog": 1,
      "_n_tog_uni":        7,
      "_n_togR": 1,
      "_obsid_": 10,
      "_1_b1": 1,
      "_1_b2": 1,
      "_1_b3": 1
    },
    {
      "_order_":        9,
      "_name_": "      Any study drug-related SAE",
      "_COL1_": " 0",
      "fline": 9,
      "error": 0,
      "_orderN": 11,
      "_n_tog": 1,
      "_n_tog_uni":        8,
      "_n_togR": 1,
      "_obsid_": 11,
      "_1_b1": 1,
      "_1_b2": 1,
      "_1_b3": 1
    },
    {
      "_order_":       10,
      "_name_": "      Any SAE related to procedures required by the protocol",
      "_COL1_": " 0",
      "fline": 10,
      "error": 0,
      "_orderN": 12,
      "_n_tog": 1,
      "_n_tog_uni":        9,
      "_n_togR": 1,
      "_obsid_": 12,
      "_1_b1": 1,
      "_1_b2": 1,
      "_1_b3": 1
    },
    {
      "_order_":       11,
      "_name_": "   Discontinuation of study drug due to AE",
      "_COL1_": " 0",
      "fline": 11,
      "error": 0,
      "_orderN": 13,
      "_n_tog": 1,
      "_n_tog_uni":       10,
      "_n_togR": 1,
      "_obsid_": 13,
      "_1_b1": 1,
      "_1_b2": 1,
      "_1_b3": 1
    },
    {
      "_order_":       12,
      "_name_": "   Discontinuation of study drug due to SAE",
      "_COL1_": " 0",
      "fline": 12,
      "error": 0,
      "_orderN": 14,
      "_n_tog": 1,
      "_n_tog_uni":       11,
      "_n_togR": 1,
      "_obsid_": 14,
      "_1_b1": 1,
      "_1_b2": 1,
      "_1_b3": 1
    }
  ]
]
