[
  "SASJSONExport",
  "1.0 PRETTY FMTCHARACTER FMTNUMERIC",
  "SASTableData+PROPERTIES_OBJECT",
  [
    {
      "Report_Number": "Table 1.3.1 / 8",
      "Number_of_Titles": 1,
      "Title1": "Table: Number of subjects with treatment-emergent study drug-related adverse events by primary system organ class, preferred term (intent to treat - subjects with at least 24 weeks of treatment duration)",
      "Title2": "",
      "Title3": "",
      "Title4": "",
      "Title5": "",
      "Title6": "",
      "Title7": "",
      "Title8": "",
      "Title9": "",
      "Title10": "",
      "Number_of_Footnotes": 1,
      "Footnote1": "Bayer: /var/swan/root/bhc/949027/19764/stat/main01/dev/analysis/pgms/t_aesummary3_24w.sas      05OCT2020 14:52",
      "Footnote2": "",
      "Footnote3": "",
      "Footnote4": "",
      "Footnote5": "",
      "Footnote6": "",
      "Footnote7": "",
      "Footnote8": "",
      "Footnote9": "",
      "Footnote10": "",
      "_datalist_program_name": "t_aesummary3_24w",
      "_datalist_report_name": "t_aesummary3_24w_1",
      "_datalist_by_without_order": "aebodsys aedecod _levtxt",
      "_datalist_page_without_order": "",
      "_datalist_page_title": "",
      "_datalist_DateTime": "05OCT20:14:52:04",
      "_datalist_Filename": "t_aesummary3_24w",
      "_datalist_FilenameListing": "t_aesummary3_24w",
      "_datalist_FilenameRTF": "t_aesummary3_24w",
      "_datalist_IsPhysicalName": "YES",
      "_datalist_NumberOfOutputObservat": "0",
      "_datalist_PageGroupNumber": "1",
      "_datalist_Prog": "t_aesummary3_24w",
      "_datalist_TablesbyObservation": "1",
      "_datalist_TablesbyValues": "",
      "_datalist_TablesbyVariables": "",
      "_datalist_BY": "_sort1 aebodsys aedecod _anyev _labind _togeth _levtxt",
      "_datalist_BYLEN": "",
      "_datalist_CONTBY": "FIRST.aebodsys",
      "_datalist_DATA": "_aet1_01",
      "_datalist_FREELINE": "aebodsys",
      "_datalist_HB_ALIGN": "LEFT",
      "_datalist_HC_ALIGN": "",
      "_datalist_HN_ALIGN": "",
      "_datalist_HSPLIT": "'@'",
      "_datalist_HV_ALIGN": "CENTER",
      "_datalist_IGNORE_PRESPACE": "NO",
      "_datalist_LABEL": "YES",
      "_datalist_LAYOUT": "STANDARD",
      "_datalist_MAXLEN": "80",
      "_datalist_NCOLUMN1": "_p_char",
      "_datalist_OPTIMAL": "NO",
      "_datalist_ORDER": "_sort1 _anyev _labind _togeth",
      "_datalist_ORDER_VAR": "",
      "_datalist_PAGE": "",
      "_datalist_POSTVAR": "",
      "_datalist_PRINT_EMPTY": "YES",
      "_datalist_REPBY": "NO",
      "_datalist_SPACE": "2",
      "_datalist_SPLIT": "'/ *'",
      "_datalist_SPLITBY": "YES",
      "_datalist_TABLESBY": "",
      "_datalist_TOGETHER": "_togeth",
      "_datalist_TRANSPOSE": "",
      "_datalist_VAR": "_p_char",
      "_datalist_VERTICAL_HEADER": "",
      "_datalist_var_actual": "_obsid_ _levtxt _p_char _anyev AEBODSYS AEDECOD _sort1 _labind _togeth _orderN _n_free _n_tog _n_tog_uni _n_cont _n_freeR _n_togR _1_b1 _1_b2 _1_b3 _1_b4 _1_b5 _1_b6 _1_b7"
    }
  ],
  "SASJSONExport",
  "1.0 PRETTY FMTCHARACTER FMTNUMERIC",
  "SASTableData+HEADER_OBJECT",
  [
    {
      "NAME": "AEBODSYS",
      "LABEL": "Primary system organ class"
    },
    {
      "NAME": "AEDECOD",
      "LABEL": "Preferred term MedDRA version 23.0"
    },
    {
      "NAME": "_1_b1",
      "LABEL": "_1_b1"
    },
    {
      "NAME": "_1_b2",
      "LABEL": "_1_b2"
    },
    {
      "NAME": "_1_b3",
      "LABEL": "_1_b3"
    },
    {
      "NAME": "_1_b4",
      "LABEL": "_1_b4"
    },
    {
      "NAME": "_1_b5",
      "LABEL": "_1_b5"
    },
    {
      "NAME": "_1_b6",
      "LABEL": "_1_b6"
    },
    {
      "NAME": "_1_b7",
      "LABEL": "_1_b7"
    },
    {
      "NAME": "_anyev",
      "LABEL": "Order variable for variable levels"
    },
    {
      "NAME": "_labind",
      "LABEL": "Order variable for lowest level"
    },
    {
      "NAME": "_levtxt",
      "LABEL": "NA"
    },
    {
      "NAME": "_n_cont",
      "LABEL": "_n_cont"
    },
    {
      "NAME": "_n_free",
      "LABEL": "Freeline indicator variable"
    },
    {
      "NAME": "_n_freeR",
      "LABEL": "_n_freeR"
    },
    {
      "NAME": "_n_tog",
      "LABEL": "Together indicator variable"
    },
    {
      "NAME": "_n_togR",
      "LABEL": "_n_togR"
    },
    {
      "NAME": "_n_tog_uni",
      "LABEL": "Together indicator with group blocks"
    },
    {
      "NAME": "_obsid_",
      "LABEL": "_obsid_"
    },
    {
      "NAME": "_orderN",
      "LABEL": "_orderN"
    },
    {
      "NAME": "_p_char",
      "LABEL": "N (%)"
    },
    {
      "NAME": "_sort1",
      "LABEL": "Order variable for ANY EVENT"
    },
    {
      "NAME": "_togeth",
      "LABEL": "_togeth"
    }
  ],
  "SASJSONExport",
  "1.0 PRETTY FMTCHARACTER FMTNUMERIC",
  "SASTableData+t_aesummary3_24w_1",
  [
    {
      "_obsid_": 0,
      "_levtxt": "",
      "_p_char": "",
      "_anyev": null,
      "AEBODSYS": "",
      "AEDECOD": "",
      "_sort1": null,
      "_labind": null,
      "_togeth": null,
      "_orderN": null,
      "_n_free": null,
      "_n_tog": null,
      "_n_tog_uni": null,
      "_n_cont": null,
      "_n_freeR": null,
      "_n_togR": null,
      "_1_b1": 1,
      "_1_b2": 1,
      "_1_b3": 1,
      "_1_b4": 1,
      "_1_b5": 1,
      "_1_b6": 1,
      "_1_b7": 1
    }
  ]
]
