[
  "SASJSONExport",
  "1.0 PRETTY FMTCHARACTER FMTNUMERIC",
  "SASTableData+PROPERTIES_OBJECT",
  [
    {
      "Report_Number": "Table 1.3.1 / 3",
      "Number_of_Titles": 1,
      "Title1": "Table: Number of subjects with treatment-emergent adverse events by primary system organ class, preferred term (safety analysis set)",
      "Title2": "",
      "Title3": "",
      "Title4": "",
      "Title5": "",
      "Title6": "",
      "Title7": "",
      "Title8": "",
      "Title9": "",
      "Title10": "",
      "Number_of_Footnotes": 1,
      "Footnote1": "Bayer: /var/swan/root/bhc/949027/19764/stat/main01/dev/analysis/pgms/t_aesummary1.sas      05OCT2020 14:51",
      "Footnote2": "",
      "Footnote3": "",
      "Footnote4": "",
      "Footnote5": "",
      "Footnote6": "",
      "Footnote7": "",
      "Footnote8": "",
      "Footnote9": "",
      "Footnote10": "",
      "_datalist_program_name": "t_aesummary1",
      "_datalist_report_name": "t_aesummary1_1",
      "_datalist_by_without_order": "aebodsys aedecod _levtxt",
      "_datalist_page_without_order": "",
      "_datalist_page_title": "",
      "_datalist_DateTime": "05OCT20:14:51:57",
      "_datalist_Filename": "t_aesummary1",
      "_datalist_FilenameListing": "t_aesummary1",
      "_datalist_FilenameRTF": "t_aesummary1",
      "_datalist_IsPhysicalName": "YES",
      "_datalist_NumberOfOutputObservat": "26",
      "_datalist_PageGroupNumber": "1",
      "_datalist_Prog": "t_aesummary1",
      "_datalist_TablesbyObservation": "1",
      "_datalist_TablesbyValues": "",
      "_datalist_TablesbyVariables": "",
      "_datalist_BY": "_sort1 aebodsys aedecod _anyev _labind _togeth _levtxt",
      "_datalist_BYLEN": "",
      "_datalist_CONTBY": "FIRST.aebodsys",
      "_datalist_DATA": "_aet1_01",
      "_datalist_FREELINE": "aebodsys",
      "_datalist_HB_ALIGN": "LEFT",
      "_datalist_HC_ALIGN": "",
      "_datalist_HN_ALIGN": "",
      "_datalist_HSPLIT": "'@'",
      "_datalist_HV_ALIGN": "CENTER",
      "_datalist_IGNORE_PRESPACE": "NO",
      "_datalist_LABEL": "YES",
      "_datalist_LAYOUT": "STANDARD",
      "_datalist_MAXLEN": "80",
      "_datalist_NCOLUMN1": "_t_1",
      "_datalist_OPTIMAL": "NO",
      "_datalist_ORDER": "_sort1 _anyev _labind _togeth",
      "_datalist_ORDER_VAR": "",
      "_datalist_PAGE": "",
      "_datalist_POSTVAR": "",
      "_datalist_PRINT_EMPTY": "YES",
      "_datalist_REPBY": "NO",
      "_datalist_SPACE": "2",
      "_datalist_SPLIT": "'/ *'",
      "_datalist_SPLITBY": "YES",
      "_datalist_TABLESBY": "",
      "_datalist_TOGETHER": "_togeth",
      "_datalist_TRANSPOSE": "",
      "_datalist_VAR": "_t_1",
      "_datalist_VERTICAL_HEADER": "",
      "_datalist_var_actual": "_sort1 AEBODSYS AEDECOD _anyev _labind _levtxt _togeth _t_1 error _orderN _n_free _n_tog _n_tog_uni _n_cont _n_freeR _n_togR _obsid_ _1_b1 _1_b2 _1_b3 _1_b4 _1_b5 _1_b6 _1_b7"
    }
  ],
  "SASJSONExport",
  "1.0 PRETTY FMTCHARACTER FMTNUMERIC",
  "SASTableData+HEADER_OBJECT",
  [
    {
      "NAME": "AEBODSYS",
      "LABEL": "Primary system organ class"
    },
    {
      "NAME": "AEDECOD",
      "LABEL": "Preferred term MedDRA version 23.0"
    },
    {
      "NAME": "_1_b1",
      "LABEL": "_1_b1"
    },
    {
      "NAME": "_1_b2",
      "LABEL": "_1_b2"
    },
    {
      "NAME": "_1_b3",
      "LABEL": "_1_b3"
    },
    {
      "NAME": "_1_b4",
      "LABEL": "_1_b4"
    },
    {
      "NAME": "_1_b5",
      "LABEL": "_1_b5"
    },
    {
      "NAME": "_1_b6",
      "LABEL": "_1_b6"
    },
    {
      "NAME": "_1_b7",
      "LABEL": "_1_b7"
    },
    {
      "NAME": "_anyev",
      "LABEL": "Order variable for variable levels"
    },
    {
      "NAME": "_labind",
      "LABEL": "Order variable for lowest level"
    },
    {
      "NAME": "_levtxt",
      "LABEL": "NA"
    },
    {
      "NAME": "_n_cont",
      "LABEL": "_n_cont"
    },
    {
      "NAME": "_n_free",
      "LABEL": "Freeline indicator variable"
    },
    {
      "NAME": "_n_freeR",
      "LABEL": "_n_freeR"
    },
    {
      "NAME": "_n_tog",
      "LABEL": "Together indicator variable"
    },
    {
      "NAME": "_n_togR",
      "LABEL": "_n_togR"
    },
    {
      "NAME": "_n_tog_uni",
      "LABEL": "Together indicator with group blocks"
    },
    {
      "NAME": "_obsid_",
      "LABEL": "_obsid_"
    },
    {
      "NAME": "_orderN",
      "LABEL": "_orderN"
    },
    {
      "NAME": "_sort1",
      "LABEL": "Order variable for ANY EVENT"
    },
    {
      "NAME": "_t_1",
      "LABEL": "Prophylaxis@N=32 (100%)"
    },
    {
      "NAME": "_togeth",
      "LABEL": "_togeth"
    },
    {
      "NAME": "error",
      "LABEL": "error"
    }
  ],
  "SASJSONExport",
  "1.0 PRETTY FMTCHARACTER FMTNUMERIC",
  "SASTableData+t_aesummary1_1",
  [
    {
      "_sort1": 0,
      "AEBODSYS": "",
      "AEDECOD": "",
      "_anyev": 1,
      "_labind": 1,
      "_levtxt": "Number of subjects (%) with at least one such adverse event",
      "_togeth": 1,
      "_t_1": "12 ( 37.5%)",
      "error": 0,
      "_orderN": 1,
      "_n_free": 1,
      "_n_tog": 1,
      "_n_tog_uni":        1,
      "_n_cont": 0,
      "_n_freeR": 1,
      "_n_togR": 1,
      "_obsid_": 1,
      "_1_b1": 1,
      "_1_b2": 1,
      "_1_b3": 1,
      "_1_b4": 1,
      "_1_b5": 1,
      "_1_b6": 1,
      "_1_b7": 1
    },
    {
      "_sort1": 1,
      "AEBODSYS": "Cardiac disorders",
      "AEDECOD": "",
      "_anyev": 2,
      "_labind": 1,
      "_levtxt": "Cardiac disorders",
      "_togeth": 2,
      "_t_1": " 1 (  3.1%)",
      "error": 0,
      "_orderN": 2,
      "_n_free": 1,
      "_n_tog": 1,
      "_n_tog_uni":        2,
      "_n_cont": 0,
      "_n_freeR": 0,
      "_n_togR": 0,
      "_obsid_": 2,
      "_1_b1": 1,
      "_1_b2": 1,
      "_1_b3": 1,
      "_1_b4": 1,
      "_1_b5": 1,
      "_1_b6": 1,
      "_1_b7": 1
    },
    {
      "_sort1": 1,
      "AEBODSYS": "Cardiac disorders",
      "AEDECOD": "Tachycardia",
      "_anyev": 3,
      "_labind": 2,
      "_levtxt": "   Tachycardia",
      "_togeth": 2,
      "_t_1": " 1 (  3.1%)",
      "error": 0,
      "_orderN": 3,
      "_n_free": 0,
      "_n_tog": 0,
      "_n_tog_uni":        2,
      "_n_cont": 1,
      "_n_freeR": 1,
      "_n_togR": 1,
      "_obsid_": 3,
      "_1_b1": 0,
      "_1_b2": 0,
      "_1_b3": 1,
      "_1_b4": 1,
      "_1_b5": 1,
      "_1_b6": 1,
      "_1_b7": 1
    },
    {
      "_sort1": 1,
      "AEBODSYS": "General disorders and administration site conditions",
      "AEDECOD": "",
      "_anyev": 2,
      "_labind": 1,
      "_levtxt": "General disorders and administration site conditions",
      "_togeth": 3,
      "_t_1": " 2 (  6.3%)",
      "error": 0,
      "_orderN": 4,
      "_n_free": 1,
      "_n_tog": 1,
      "_n_tog_uni":        3,
      "_n_cont": 0,
      "_n_freeR": 0,
      "_n_togR": 0,
      "_obsid_": 4,
      "_1_b1": 0,
      "_1_b2": 1,
      "_1_b3": 1,
      "_1_b4": 1,
      "_1_b5": 1,
      "_1_b6": 1,
      "_1_b7": 1
    },
    {
      "_sort1": 1,
      "AEBODSYS": "General disorders and administration site conditions",
      "AEDECOD": "Chest pain",
      "_anyev": 3,
      "_labind": 2,
      "_levtxt": "   Chest pain",
      "_togeth": 3,
      "_t_1": " 1 (  3.1%)",
      "error": 0,
      "_orderN": 5,
      "_n_free": 0,
      "_n_tog": 0,
      "_n_tog_uni":        3,
      "_n_cont": 1,
      "_n_freeR": 0,
      "_n_togR": 0,
      "_obsid_": 5,
      "_1_b1": 0,
      "_1_b2": 0,
      "_1_b3": 1,
      "_1_b4": 1,
      "_1_b5": 1,
      "_1_b6": 1,
      "_1_b7": 1
    },
    {
      "_sort1": 1,
      "AEBODSYS": "General disorders and administration site conditions",
      "AEDECOD": "Drug ineffective",
      "_anyev": 3,
      "_labind": 2,
      "_levtxt": "   Drug ineffective",
      "_togeth": 3,
      "_t_1": " 1 (  3.1%)",
      "error": 0,
      "_orderN": 6,
      "_n_free": 0,
      "_n_tog": 0,
      "_n_tog_uni":        3,
      "_n_cont": 1,
      "_n_freeR": 1,
      "_n_togR": 1,
      "_obsid_": 6,
      "_1_b1": 0,
      "_1_b2": 0,
      "_1_b3": 1,
      "_1_b4": 1,
      "_1_b5": 1,
      "_1_b6": 1,
      "_1_b7": 1
    },
    {
      "_sort1": 1,
      "AEBODSYS": "Immune system disorders",
      "AEDECOD": "",
      "_anyev": 2,
      "_labind": 1,
      "_levtxt": "Immune system disorders",
      "_togeth": 4,
      "_t_1": " 1 (  3.1%)",
      "error": 0,
      "_orderN": 7,
      "_n_free": 1,
      "_n_tog": 1,
      "_n_tog_uni":        4,
      "_n_cont": 0,
      "_n_freeR": 0,
      "_n_togR": 0,
      "_obsid_": 7,
      "_1_b1": 0,
      "_1_b2": 1,
      "_1_b3": 1,
      "_1_b4": 1,
      "_1_b5": 1,
      "_1_b6": 1,
      "_1_b7": 1
    },
    {
      "_sort1": 1,
      "AEBODSYS": "Immune system disorders",
      "AEDECOD": "Hypersensitivity",
      "_anyev": 3,
      "_labind": 2,
      "_levtxt": "   Hypersensitivity",
      "_togeth": 4,
      "_t_1": " 1 (  3.1%)",
      "error": 0,
      "_orderN": 8,
      "_n_free": 0,
      "_n_tog": 0,
      "_n_tog_uni":        4,
      "_n_cont": 1,
      "_n_freeR": 1,
      "_n_togR": 1,
      "_obsid_": 8,
      "_1_b1": 0,
      "_1_b2": 0,
      "_1_b3": 1,
      "_1_b4": 1,
      "_1_b5": 1,
      "_1_b6": 1,
      "_1_b7": 1
    },
    {
      "_sort1": 1,
      "AEBODSYS": "Infections and infestations",
      "AEDECOD": "",
      "_anyev": 2,
      "_labind": 1,
      "_levtxt": "Infections and infestations",
      "_togeth": 5,
      "_t_1": " 4 ( 12.5%)",
      "error": 0,
      "_orderN": 9,
      "_n_free": 1,
      "_n_tog": 1,
      "_n_tog_uni":        5,
      "_n_cont": 0,
      "_n_freeR": 0,
      "_n_togR": 0,
      "_obsid_": 9,
      "_1_b1": 0,
      "_1_b2": 1,
      "_1_b3": 1,
      "_1_b4": 1,
      "_1_b5": 1,
      "_1_b6": 1,
      "_1_b7": 1
    },
    {
      "_sort1": 1,
      "AEBODSYS": "Infections and infestations",
      "AEDECOD": "Nasopharyngitis",
      "_anyev": 3,
      "_labind": 2,
      "_levtxt": "   Nasopharyngitis",
      "_togeth": 5,
      "_t_1": " 1 (  3.1%)",
      "error": 0,
      "_orderN": 10,
      "_n_free": 0,
      "_n_tog": 0,
      "_n_tog_uni":        5,
      "_n_cont": 1,
      "_n_freeR": 0,
      "_n_togR": 0,
      "_obsid_": 10,
      "_1_b1": 0,
      "_1_b2": 0,
      "_1_b3": 1,
      "_1_b4": 1,
      "_1_b5": 1,
      "_1_b6": 1,
      "_1_b7": 1
    },
    {
      "_sort1": 1,
      "AEBODSYS": "Infections and infestations",
      "AEDECOD": "Upper respiratory tract infection",
      "_anyev": 3,
      "_labind": 2,
      "_levtxt": "   Upper respiratory tract infection",
      "_togeth": 5,
      "_t_1": " 3 (  9.4%)",
      "error": 0,
      "_orderN": 11,
      "_n_free": 0,
      "_n_tog": 0,
      "_n_tog_uni":        5,
      "_n_cont": 1,
      "_n_freeR": 1,
      "_n_togR": 1,
      "_obsid_": 11,
      "_1_b1": 0,
      "_1_b2": 0,
      "_1_b3": 1,
      "_1_b4": 1,
      "_1_b5": 1,
      "_1_b6": 1,
      "_1_b7": 1
    },
    {
      "_sort1": 1,
      "AEBODSYS": "Injury, poisoning and procedural complications",
      "AEDECOD": "",
      "_anyev": 2,
      "_labind": 1,
      "_levtxt": "Injury, poisoning and procedural complications",
      "_togeth": 6,
      "_t_1": " 1 (  3.1%)",
      "error": 0,
      "_orderN": 12,
      "_n_free": 1,
      "_n_tog": 1,
      "_n_tog_uni":        6,
      "_n_cont": 0,
      "_n_freeR": 0,
      "_n_togR": 0,
      "_obsid_": 12,
      "_1_b1": 0,
      "_1_b2": 1,
      "_1_b3": 1,
      "_1_b4": 1,
      "_1_b5": 1,
      "_1_b6": 1,
      "_1_b7": 1
    },
    {
      "_sort1": 1,
      "AEBODSYS": "Injury, poisoning and procedural complications",
      "AEDECOD": "Fall",
      "_anyev": 3,
      "_labind": 2,
      "_levtxt": "   Fall",
      "_togeth": 6,
      "_t_1": " 1 (  3.1%)",
      "error": 0,
      "_orderN": 13,
      "_n_free": 0,
      "_n_tog": 0,
      "_n_tog_uni":        6,
      "_n_cont": 1,
      "_n_freeR": 1,
      "_n_togR": 1,
      "_obsid_": 13,
      "_1_b1": 0,
      "_1_b2": 0,
      "_1_b3": 1,
      "_1_b4": 1,
      "_1_b5": 1,
      "_1_b6": 1,
      "_1_b7": 1
    },
    {
      "_sort1": 1,
      "AEBODSYS": "Musculoskeletal and connective tissue disorders",
      "AEDECOD": "",
      "_anyev": 2,
      "_labind": 1,
      "_levtxt": "Musculoskeletal and connective tissue disorders",
      "_togeth": 7,
      "_t_1": " 2 (  6.3%)",
      "error": 0,
      "_orderN": 14,
      "_n_free": 1,
      "_n_tog": 1,
      "_n_tog_uni":        7,
      "_n_cont": 0,
      "_n_freeR": 0,
      "_n_togR": 0,
      "_obsid_": 14,
      "_1_b1": 0,
      "_1_b2": 1,
      "_1_b3": 1,
      "_1_b4": 1,
      "_1_b5": 1,
      "_1_b6": 1,
      "_1_b7": 1
    },
    {
      "_sort1": 1,
      "AEBODSYS": "Musculoskeletal and connective tissue disorders",
      "AEDECOD": "Arthralgia",
      "_anyev": 3,
      "_labind": 2,
      "_levtxt": "   Arthralgia",
      "_togeth": 7,
      "_t_1": " 1 (  3.1%)",
      "error": 0,
      "_orderN": 15,
      "_n_free": 0,
      "_n_tog": 0,
      "_n_tog_uni":        7,
      "_n_cont": 1,
      "_n_freeR": 0,
      "_n_togR": 0,
      "_obsid_": 15,
      "_1_b1": 0,
      "_1_b2": 0,
      "_1_b3": 1,
      "_1_b4": 1,
      "_1_b5": 1,
      "_1_b6": 1,
      "_1_b7": 1
    },
    {
      "_sort1": 1,
      "AEBODSYS": "Musculoskeletal and connective tissue disorders",
      "AEDECOD": "Haemarthrosis",
      "_anyev": 3,
      "_labind": 2,
      "_levtxt": "   Haemarthrosis",
      "_togeth": 7,
      "_t_1": " 1 (  3.1%)",
      "error": 0,
      "_orderN": 16,
      "_n_free": 0,
      "_n_tog": 0,
      "_n_tog_uni":        7,
      "_n_cont": 1,
      "_n_freeR": 1,
      "_n_togR": 1,
      "_obsid_": 16,
      "_1_b1": 0,
      "_1_b2": 0,
      "_1_b3": 1,
      "_1_b4": 1,
      "_1_b5": 1,
      "_1_b6": 1,
      "_1_b7": 1
    },
    {
      "_sort1": 1,
      "AEBODSYS": "Nervous system disorders",
      "AEDECOD": "",
      "_anyev": 2,
      "_labind": 1,
      "_levtxt": "Nervous system disorders",
      "_togeth": 8,
      "_t_1": " 1 (  3.1%)",
      "error": 0,
      "_orderN": 17,
      "_n_free": 1,
      "_n_tog": 1,
      "_n_tog_uni":        8,
      "_n_cont": 0,
      "_n_freeR": 0,
      "_n_togR": 0,
      "_obsid_": 17,
      "_1_b1": 0,
      "_1_b2": 1,
      "_1_b3": 1,
      "_1_b4": 1,
      "_1_b5": 1,
      "_1_b6": 1,
      "_1_b7": 1
    },
    {
      "_sort1": 1,
      "AEBODSYS": "Nervous system disorders",
      "AEDECOD": "Dysgeusia",
      "_anyev": 3,
      "_labind": 2,
      "_levtxt": "   Dysgeusia",
      "_togeth": 8,
      "_t_1": " 1 (  3.1%)",
      "error": 0,
      "_orderN": 18,
      "_n_free": 0,
      "_n_tog": 0,
      "_n_tog_uni":        8,
      "_n_cont": 1,
      "_n_freeR": 1,
      "_n_togR": 1,
      "_obsid_": 18,
      "_1_b1": 0,
      "_1_b2": 0,
      "_1_b3": 1,
      "_1_b4": 1,
      "_1_b5": 1,
      "_1_b6": 1,
      "_1_b7": 1
    },
    {
      "_sort1": 1,
      "AEBODSYS": "Respiratory, thoracic and mediastinal disorders",
      "AEDECOD": "",
      "_anyev": 2,
      "_labind": 1,
      "_levtxt": "Respiratory, thoracic and mediastinal disorders",
      "_togeth": 9,
      "_t_1": " 2 (  6.3%)",
      "error": 0,
      "_orderN": 19,
      "_n_free": 1,
      "_n_tog": 1,
      "_n_tog_uni":        9,
      "_n_cont": 0,
      "_n_freeR": 0,
      "_n_togR": 0,
      "_obsid_": 19,
      "_1_b1": 0,
      "_1_b2": 1,
      "_1_b3": 1,
      "_1_b4": 1,
      "_1_b5": 1,
      "_1_b6": 1,
      "_1_b7": 1
    },
    {
      "_sort1": 1,
      "AEBODSYS": "Respiratory, thoracic and mediastinal disorders",
      "AEDECOD": "Cough",
      "_anyev": 3,
      "_labind": 2,
      "_levtxt": "   Cough",
      "_togeth": 9,
      "_t_1": " 1 (  3.1%)",
      "error": 0,
      "_orderN": 20,
      "_n_free": 0,
      "_n_tog": 0,
      "_n_tog_uni":        9,
      "_n_cont": 1,
      "_n_freeR": 0,
      "_n_togR": 0,
      "_obsid_": 20,
      "_1_b1": 0,
      "_1_b2": 0,
      "_1_b3": 1,
      "_1_b4": 1,
      "_1_b5": 1,
      "_1_b6": 1,
      "_1_b7": 1
    },
    {
      "_sort1": 1,
      "AEBODSYS": "Respiratory, thoracic and mediastinal disorders",
      "AEDECOD": "Nasal congestion",
      "_anyev": 3,
      "_labind": 2,
      "_levtxt": "   Nasal congestion",
      "_togeth": 9,
      "_t_1": " 1 (  3.1%)",
      "error": 0,
      "_orderN": 21,
      "_n_free": 0,
      "_n_tog": 0,
      "_n_tog_uni":        9,
      "_n_cont": 1,
      "_n_freeR": 1,
      "_n_togR": 1,
      "_obsid_": 21,
      "_1_b1": 0,
      "_1_b2": 0,
      "_1_b3": 1,
      "_1_b4": 1,
      "_1_b5": 1,
      "_1_b6": 1,
      "_1_b7": 1
    },
    {
      "_sort1": 1,
      "AEBODSYS": "Skin and subcutaneous tissue disorders",
      "AEDECOD": "",
      "_anyev": 2,
      "_labind": 1,
      "_levtxt": "Skin and subcutaneous tissue disorders",
      "_togeth": 10,
      "_t_1": " 1 (  3.1%)",
      "error": 0,
      "_orderN": 22,
      "_n_free": 1,
      "_n_tog": 1,
      "_n_tog_uni":       10,
      "_n_cont": 0,
      "_n_freeR": 0,
      "_n_togR": 0,
      "_obsid_": 22,
      "_1_b1": 0,
      "_1_b2": 1,
      "_1_b3": 1,
      "_1_b4": 1,
      "_1_b5": 1,
      "_1_b6": 1,
      "_1_b7": 1
    },
    {
      "_sort1": 1,
      "AEBODSYS": "Skin and subcutaneous tissue disorders",
      "AEDECOD": "Pruritus",
      "_anyev": 3,
      "_labind": 2,
      "_levtxt": "   Pruritus",
      "_togeth": 10,
      "_t_1": " 1 (  3.1%)",
      "error": 0,
      "_orderN": 23,
      "_n_free": 0,
      "_n_tog": 0,
      "_n_tog_uni":       10,
      "_n_cont": 1,
      "_n_freeR": 0,
      "_n_togR": 0,
      "_obsid_": 23,
      "_1_b1": 0,
      "_1_b2": 0,
      "_1_b3": 1,
      "_1_b4": 1,
      "_1_b5": 1,
      "_1_b6": 1,
      "_1_b7": 1
    },
    {
      "_sort1": 1,
      "AEBODSYS": "Skin and subcutaneous tissue disorders",
      "AEDECOD": "Rash maculo-papular",
      "_anyev": 3,
      "_labind": 2,
      "_levtxt": "   Rash maculo-papular",
      "_togeth": 10,
      "_t_1": " 1 (  3.1%)",
      "error": 0,
      "_orderN": 24,
      "_n_free": 0,
      "_n_tog": 0,
      "_n_tog_uni":       10,
      "_n_cont": 1,
      "_n_freeR": 1,
      "_n_togR": 1,
      "_obsid_": 24,
      "_1_b1": 0,
      "_1_b2": 0,
      "_1_b3": 1,
      "_1_b4": 1,
      "_1_b5": 1,
      "_1_b6": 1,
      "_1_b7": 1
    },
    {
      "_sort1": 1,
      "AEBODSYS": "Surgical and medical procedures",
      "AEDECOD": "",
      "_anyev": 2,
      "_labind": 1,
      "_levtxt": "Surgical and medical procedures",
      "_togeth": 11,
      "_t_1": " 1 (  3.1%)",
      "error": 0,
      "_orderN": 25,
      "_n_free": 1,
      "_n_tog": 1,
      "_n_tog_uni":       11,
      "_n_cont": 0,
      "_n_freeR": 0,
      "_n_togR": 0,
      "_obsid_": 25,
      "_1_b1": 0,
      "_1_b2": 1,
      "_1_b3": 1,
      "_1_b4": 1,
      "_1_b5": 1,
      "_1_b6": 1,
      "_1_b7": 1
    },
    {
      "_sort1": 1,
      "AEBODSYS": "Surgical and medical procedures",
      "AEDECOD": "Tooth extraction",
      "_anyev": 3,
      "_labind": 2,
      "_levtxt": "   Tooth extraction",
      "_togeth": 11,
      "_t_1": " 1 (  3.1%)",
      "error": 0,
      "_orderN": 26,
      "_n_free": 0,
      "_n_tog": 0,
      "_n_tog_uni":       11,
      "_n_cont": 1,
      "_n_freeR": 1,
      "_n_togR": 1,
      "_obsid_": 26,
      "_1_b1": 0,
      "_1_b2": 0,
      "_1_b3": 1,
      "_1_b4": 1,
      "_1_b5": 1,
      "_1_b6": 1,
      "_1_b7": 1
    }
  ]
]
