[
  "SASJSONExport",
  "1.0 PRETTY FMTCHARACTER FMTNUMERIC",
  "SASTableData+PROPERTIES_OBJECT",
  [
    {
      "Report_Number": "Table 1.3.2 / 1",
      "Number_of_Titles": 1,
      "Title1": "Table: Listing of FVIII inhibitor and anti-drug antibody measurement results (safety analysis set)",
      "Title2": "",
      "Title3": "",
      "Title4": "",
      "Title5": "",
      "Title6": "",
      "Title7": "",
      "Title8": "",
      "Title9": "",
      "Title10": "",
      "Number_of_Footnotes": 7,
      "Footnote1": "Age: years.",
      "Footnote2": "Sex: M = Male, F = Female.",
      "Footnote3": "Race: A = Asian, B = Black, W = White, AI = American Indian or Alaska Native, NH = Native Hawaiian or Other Pacific Islander, NR = Not Reported, MUL = Multiple.",
      "Footnote4": "Ethnicity: HL = Hispanic or Latino, NHL = Not Hispanic or Latino, NR = Not Reported.",
      "Footnote5": "Positive antibodies are shown with titration value in brackets.",
      "Footnote6": "",
      "Footnote7": "Bayer: /var/swan/root/bhc/949027/19764/stat/main01/dev/analysis/pgms/t_antibodies.sas      05OCT2020 14:52",
      "Footnote8": "",
      "Footnote9": "",
      "Footnote10": "",
      "_datalist_program_name": "t_antibodies",
      "_datalist_report_name": "t_antibodies_1",
      "_datalist_by_without_order": "uasre lb_trdur_pa lb_edcnt_pa lbdy",
      "_datalist_page_without_order": "dosgrpn",
      "_datalist_page_title": "Dosing group:  Twice a week",
      "_datalist_DateTime": "05OCT20:14:52:08",
      "_datalist_Filename": "t_antibodies",
      "_datalist_FilenameListing": "t_antibodies",
      "_datalist_FilenameRTF": "t_antibodies",
      "_datalist_IsPhysicalName": "YES",
      "_datalist_NumberOfOutputObservat": "113",
      "_datalist_PageGroupNumber": "1",
      "_datalist_Prog": "t_antibodies",
      "_datalist_TablesbyObservation": "1",
      "_datalist_TablesbyValues": "",
      "_datalist_TablesbyVariables": "",
      "_datalist_BY": "usubjid uasre lb_trdur_pa lb_edcnt_pa lbdy",
      "_datalist_BYLEN": "",
      "_datalist_CONTBY": "",
      "_datalist_DATA": "final",
      "_datalist_FREELINE": "usubjid",
      "_datalist_HB_ALIGN": "CENTER",
      "_datalist_HC_ALIGN": "",
      "_datalist_HN_ALIGN": "",
      "_datalist_HSPLIT": "",
      "_datalist_HV_ALIGN": "CENTER",
      "_datalist_IGNORE_PRESPACE": "NO",
      "_datalist_LABEL": "YES",
      "_datalist_LAYOUT": "STANDARD",
      "_datalist_MAXLEN": "20",
      "_datalist_NCOLUMN1": "",
      "_datalist_OPTIMAL": "NO",
      "_datalist_ORDER": "usubjid",
      "_datalist_ORDER_VAR": "",
      "_datalist_PAGE": "dosgrpn",
      "_datalist_POSTVAR": "",
      "_datalist_PRINT_EMPTY": "YES",
      "_datalist_REPBY": "NO",
      "_datalist_SPACE": "2",
      "_datalist_SPLIT": "'/ *'",
      "_datalist_SPLITBY": "YES",
      "_datalist_TABLESBY": "",
      "_datalist_TOGETHER": "usubjid",
      "_datalist_TRANSPOSE": "",
      "_datalist_VAR": "lbdt lb_tc lb_FAC8INHN lb_AB949027 lb_PEGAB",
      "_datalist_VERTICAL_HEADER": "",
      "_datalist_var_actual": "USUBJID DOSGRPN UASRE LBDY LBDT LB_TC lb_AB949027 lb_FAC8INHN lb_PEGAB lb_TRDUR_PA lb_EDCNT_PA _orderN _n_free _n_tog _n_tog_uni _n_freeR _n_togR _obsid_ _1_b1 _1_b2 _1_b3 _1_b4 _1_b5"
    }
  ],
  "SASJSONExport",
  "1.0 PRETTY FMTCHARACTER FMTNUMERIC",
  "SASTableData+HEADER_OBJECT",
  [
    {
      "NAME": "DOSGRPN",
      "LABEL": "Dosing group"
    },
    {
      "NAME": "LBDT",
      "LABEL": "Specimen Collection Date"
    },
    {
      "NAME": "LBDY",
      "LABEL": "Relative day at collection day from Visit 2"
    },
    {
      "NAME": "LB_TC",
      "LABEL": "Time of Specimen Collection"
    },
    {
      "NAME": "UASRE",
      "LABEL": "Unique Subject ID/Age/Sex/Race/Ethnicity"
    },
    {
      "NAME": "USUBJID",
      "LABEL": "Unique Subject Identifier"
    },
    {
      "NAME": "_1_b1",
      "LABEL": "_1_b1"
    },
    {
      "NAME": "_1_b2",
      "LABEL": "_1_b2"
    },
    {
      "NAME": "_1_b3",
      "LABEL": "_1_b3"
    },
    {
      "NAME": "_1_b4",
      "LABEL": "_1_b4"
    },
    {
      "NAME": "_1_b5",
      "LABEL": "_1_b5"
    },
    {
      "NAME": "_n_free",
      "LABEL": "Freeline indicator variable"
    },
    {
      "NAME": "_n_freeR",
      "LABEL": "_n_freeR"
    },
    {
      "NAME": "_n_tog",
      "LABEL": "Together indicator variable"
    },
    {
      "NAME": "_n_togR",
      "LABEL": "_n_togR"
    },
    {
      "NAME": "_n_tog_uni",
      "LABEL": "Together indicator with group blocks"
    },
    {
      "NAME": "_obsid_",
      "LABEL": "_obsid_"
    },
    {
      "NAME": "_orderN",
      "LABEL": "_orderN"
    },
    {
      "NAME": "lb_AB949027",
      "LABEL": "Bay 94-9027 Antibody in Plasma"
    },
    {
      "NAME": "lb_EDCNT_PA",
      "LABEL": "Number of exposure days"
    },
    {
      "NAME": "lb_FAC8INHN",
      "LABEL": "Factor VIII Inhibitor (BU) in Plasma - Bethesda Assay, Nijimegen Modification"
    },
    {
      "NAME": "lb_PEGAB",
      "LABEL": "PEG Antibody in Plasma"
    },
    {
      "NAME": "lb_TRDUR_PA",
      "LABEL": "Treatment duration (days)"
    }
  ],
  "SASJSONExport",
  "1.0 PRETTY FMTCHARACTER FMTNUMERIC",
  "SASTableData+t_antibodies_1",
  [
    {
      "USUBJID": "19764180010002",
      "DOSGRPN": "Twice a week",
      "UASRE": "19764180010002/32/M/W/NHL",
      "LBDY":      -23,
      "LBDT": "06NOV2019",
      "LB_TC": "10:30",
      "lb_AB949027": "Negative",
      "lb_FAC8INHN": "<0.4",
      "lb_PEGAB": "Negative",
      "lb_TRDUR_PA": 112.43,
      "lb_EDCNT_PA":  31,
      "_orderN": 1,
      "_n_free": 1,
      "_n_tog": 1,
      "_n_tog_uni":        1,
      "_n_freeR": 0,
      "_n_togR": 0,
      "_obsid_": 1,
      "_1_b1": 1,
      "_1_b2": 1,
      "_1_b3": 1,
      "_1_b4": 1,
      "_1_b5": 1
    },
    {
      "USUBJID": "19764180010002",
      "DOSGRPN": "Twice a week",
      "UASRE": "19764180010002/32/M/W/NHL",
      "LBDY":        1,
      "LBDT": "29NOV2019",
      "LB_TC": "11:05",
      "lb_AB949027": "Negative",
      "lb_FAC8INHN": "<0.4",
      "lb_PEGAB": "Negative",
      "lb_TRDUR_PA": 112.43,
      "lb_EDCNT_PA":  31,
      "_orderN": 2,
      "_n_free": 0,
      "_n_tog": 0,
      "_n_tog_uni":        1,
      "_n_freeR": 0,
      "_n_togR": 0,
      "_obsid_": 2,
      "_1_b1": 0,
      "_1_b2": 0,
      "_1_b3": 0,
      "_1_b4": 0,
      "_1_b5": 1
    },
    {
      "USUBJID": "19764180010002",
      "DOSGRPN": "Twice a week",
      "UASRE": "19764180010002/32/M/W/NHL",
      "LBDY":       40,
      "LBDT": "07JAN2020",
      "LB_TC": "10:40",
      "lb_AB949027": "",
      "lb_FAC8INHN": "<0.4",
      "lb_PEGAB": "",
      "lb_TRDUR_PA": 112.43,
      "lb_EDCNT_PA":  31,
      "_orderN": 3,
      "_n_free": 0,
      "_n_tog": 0,
      "_n_tog_uni":        1,
      "_n_freeR": 1,
      "_n_togR": 1,
      "_obsid_": 3,
      "_1_b1": 0,
      "_1_b2": 0,
      "_1_b3": 0,
      "_1_b4": 0,
      "_1_b5": 1
    },
    {
      "USUBJID": "19764180030002",
      "DOSGRPN": "Twice a week",
      "UASRE": "19764180030002/53/M/W/NHL",
      "LBDY":      -21,
      "LBDT": "27JAN2020",
      "LB_TC": "11:25",
      "lb_AB949027": "Negative",
      "lb_FAC8INHN": "<0.4",
      "lb_PEGAB": "Negative",
      "lb_TRDUR_PA": 193.34,
      "lb_EDCNT_PA":  54,
      "_orderN": 4,
      "_n_free": 1,
      "_n_tog": 1,
      "_n_tog_uni":        2,
      "_n_freeR": 0,
      "_n_togR": 0,
      "_obsid_": 4,
      "_1_b1": 1,
      "_1_b2": 1,
      "_1_b3": 1,
      "_1_b4": 1,
      "_1_b5": 1
    },
    {
      "USUBJID": "19764180030002",
      "DOSGRPN": "Twice a week",
      "UASRE": "19764180030002/53/M/W/NHL",
      "LBDY":        1,
      "LBDT": "17FEB2020",
      "LB_TC": "09:15",
      "lb_AB949027": "Negative",
      "lb_FAC8INHN": "<0.4",
      "lb_PEGAB": "Negative",
      "lb_TRDUR_PA": 193.34,
      "lb_EDCNT_PA":  54,
      "_orderN": 5,
      "_n_free": 0,
      "_n_tog": 0,
      "_n_tog_uni":        2,
      "_n_freeR": 0,
      "_n_togR": 0,
      "_obsid_": 5,
      "_1_b1": 0,
      "_1_b2": 0,
      "_1_b3": 0,
      "_1_b4": 0,
      "_1_b5": 1
    },
    {
      "USUBJID": "19764180030002",
      "DOSGRPN": "Twice a week",
      "UASRE": "19764180030002/53/M/W/NHL",
      "LBDY":       51,
      "LBDT": "07APR2020",
      "LB_TC": "11:07",
      "lb_AB949027": "Negative",
      "lb_FAC8INHN": "<0.4",
      "lb_PEGAB": "Negative",
      "lb_TRDUR_PA": 193.34,
      "lb_EDCNT_PA":  54,
      "_orderN": 6,
      "_n_free": 0,
      "_n_tog": 0,
      "_n_tog_uni":        2,
      "_n_freeR": 1,
      "_n_togR": 1,
      "_obsid_": 6,
      "_1_b1": 0,
      "_1_b2": 0,
      "_1_b3": 0,
      "_1_b4": 0,
      "_1_b5": 1
    },
    {
      "USUBJID": "19764180030003",
      "DOSGRPN": "Twice a week",
      "UASRE": "19764180030003/67/M/W/NHL",
      "LBDY":      -58,
      "LBDT": "18FEB2020",
      "LB_TC": "12:00",
      "lb_AB949027": "Negative",
      "lb_FAC8INHN": "<0.4",
      "lb_PEGAB": "Negative",
      "lb_TRDUR_PA": 134.04,
      "lb_EDCNT_PA":  38,
      "_orderN": 7,
      "_n_free": 1,
      "_n_tog": 1,
      "_n_tog_uni":        3,
      "_n_freeR": 0,
      "_n_togR": 0,
      "_obsid_": 7,
      "_1_b1": 1,
      "_1_b2": 1,
      "_1_b3": 1,
      "_1_b4": 1,
      "_1_b5": 1
    },
    {
      "USUBJID": "19764180030003",
      "DOSGRPN": "Twice a week",
      "UASRE": "19764180030003/67/M/W/NHL",
      "LBDY":        1,
      "LBDT": "16APR2020",
      "LB_TC": "09:48",
      "lb_AB949027": "Negative",
      "lb_FAC8INHN": "<0.4",
      "lb_PEGAB": "Negative",
      "lb_TRDUR_PA": 134.04,
      "lb_EDCNT_PA":  38,
      "_orderN": 8,
      "_n_free": 0,
      "_n_tog": 0,
      "_n_tog_uni":        3,
      "_n_freeR": 0,
      "_n_togR": 0,
      "_obsid_": 8,
      "_1_b1": 0,
      "_1_b2": 0,
      "_1_b3": 0,
      "_1_b4": 0,
      "_1_b5": 1
    },
    {
      "USUBJID": "19764180030003",
      "DOSGRPN": "Twice a week",
      "UASRE": "19764180030003/67/M/W/NHL",
      "LBDY":       69,
      "LBDT": "23JUN2020",
      "LB_TC": "09:28",
      "lb_AB949027": "",
      "lb_FAC8INHN": "<0.4",
      "lb_PEGAB": "",
      "lb_TRDUR_PA": 134.04,
      "lb_EDCNT_PA":  38,
      "_orderN": 9,
      "_n_free": 0,
      "_n_tog": 0,
      "_n_tog_uni":        3,
      "_n_freeR": 1,
      "_n_togR": 1,
      "_obsid_": 9,
      "_1_b1": 0,
      "_1_b2": 0,
      "_1_b3": 0,
      "_1_b4": 0,
      "_1_b5": 1
    },
    {
      "USUBJID": "19764220010001",
      "DOSGRPN": "Twice a week",
      "UASRE": "19764220010001/44/M/W/NHL",
      "LBDY":      -24,
      "LBDT": "06DEC2019",
      "LB_TC": "10:00",
      "lb_AB949027": "Negative",
      "lb_FAC8INHN": "<0.4",
      "lb_PEGAB": "Negative",
      "lb_TRDUR_PA":   9.89,
      "lb_EDCNT_PA":   5,
      "_orderN": 10,
      "_n_free": 1,
      "_n_tog": 1,
      "_n_tog_uni":        4,
      "_n_freeR": 0,
      "_n_togR": 0,
      "_obsid_": 10,
      "_1_b1": 1,
      "_1_b2": 1,
      "_1_b3": 1,
      "_1_b4": 1,
      "_1_b5": 1
    },
    {
      "USUBJID": "19764220010001",
      "DOSGRPN": "Twice a week",
      "UASRE": "19764220010001/44/M/W/NHL",
      "LBDY":        1,
      "LBDT": "30DEC2019",
      "LB_TC": "11:00",
      "lb_AB949027": "Negative",
      "lb_FAC8INHN": "<0.4",
      "lb_PEGAB": "Negative",
      "lb_TRDUR_PA":   9.89,
      "lb_EDCNT_PA":   5,
      "_orderN": 11,
      "_n_free": 0,
      "_n_tog": 0,
      "_n_tog_uni":        4,
      "_n_freeR": 0,
      "_n_togR": 0,
      "_obsid_": 11,
      "_1_b1": 0,
      "_1_b2": 0,
      "_1_b3": 0,
      "_1_b4": 0,
      "_1_b5": 1
    },
    {
      "USUBJID": "19764220010001",
      "DOSGRPN": "Twice a week",
      "UASRE": "19764220010001/44/M/W/NHL",
      "LBDY":       11,
      "LBDT": "09JAN2020",
      "LB_TC": "11:30",
      "lb_AB949027": "Negative",
      "lb_FAC8INHN": "<0.4",
      "lb_PEGAB": "Negative",
      "lb_TRDUR_PA":   9.89,
      "lb_EDCNT_PA":   5,
      "_orderN": 12,
      "_n_free": 0,
      "_n_tog": 0,
      "_n_tog_uni":        4,
      "_n_freeR": 1,
      "_n_togR": 1,
      "_obsid_": 12,
      "_1_b1": 0,
      "_1_b2": 0,
      "_1_b3": 0,
      "_1_b4": 0,
      "_1_b5": 1
    },
    {
      "USUBJID": "19764240010002",
      "DOSGRPN": "Twice a week",
      "UASRE": "19764240010002/24/M/W/NHL",
      "LBDY":      -88,
      "LBDT": "13MAR2020",
      "LB_TC": "10:20",
      "lb_AB949027": "Negative",
      "lb_FAC8INHN": "<0.4",
      "lb_PEGAB": "Negative",
      "lb_TRDUR_PA":  79.01,
      "lb_EDCNT_PA":  19,
      "_orderN": 13,
      "_n_free": 1,
      "_n_tog": 1,
      "_n_tog_uni":        5,
      "_n_freeR": 0,
      "_n_togR": 0,
      "_obsid_": 13,
      "_1_b1": 1,
      "_1_b2": 1,
      "_1_b3": 1,
      "_1_b4": 1,
      "_1_b5": 1
    },
    {
      "USUBJID": "19764240010002",
      "DOSGRPN": "Twice a week",
      "UASRE": "19764240010002/24/M/W/NHL",
      "LBDY":        1,
      "LBDT": "09JUN2020",
      "LB_TC": "",
      "lb_AB949027": "",
      "lb_FAC8INHN": "<0.4",
      "lb_PEGAB": "",
      "lb_TRDUR_PA":  79.01,
      "lb_EDCNT_PA":  19,
      "_orderN": 14,
      "_n_free": 0,
      "_n_tog": 0,
      "_n_tog_uni":        5,
      "_n_freeR": 0,
      "_n_togR": 0,
      "_obsid_": 14,
      "_1_b1": 0,
      "_1_b2": 0,
      "_1_b3": 0,
      "_1_b4": 0,
      "_1_b5": 1
    },
    {
      "USUBJID": "19764240010002",
      "DOSGRPN": "Twice a week",
      "UASRE": "19764240010002/24/M/W/NHL",
      "LBDY":        1,
      "LBDT": "09JUN2020",
      "LB_TC": "11:43",
      "lb_AB949027": "Negative",
      "lb_FAC8INHN": "<0.4",
      "lb_PEGAB": "Negative",
      "lb_TRDUR_PA":  79.01,
      "lb_EDCNT_PA":  19,
      "_orderN": 15,
      "_n_free": 0,
      "_n_tog": 0,
      "_n_tog_uni":        5,
      "_n_freeR": 0,
      "_n_togR": 0,
      "_obsid_": 15,
      "_1_b1": 0,
      "_1_b2": 0,
      "_1_b3": 0,
      "_1_b4": 0,
      "_1_b5": 0
    },
    {
      "USUBJID": "19764240010002",
      "DOSGRPN": "Twice a week",
      "UASRE": "19764240010002/24/M/W/NHL",
      "LBDY":       60,
      "LBDT": "07AUG2020",
      "LB_TC": "12:30",
      "lb_AB949027": "",
      "lb_FAC8INHN": "<0.4",
      "lb_PEGAB": "",
      "lb_TRDUR_PA":  79.01,
      "lb_EDCNT_PA":  19,
      "_orderN": 16,
      "_n_free": 0,
      "_n_tog": 0,
      "_n_tog_uni":        5,
      "_n_freeR": 1,
      "_n_togR": 1,
      "_obsid_": 16,
      "_1_b1": 0,
      "_1_b2": 0,
      "_1_b3": 0,
      "_1_b4": 0,
      "_1_b5": 1
    },
    {
      "USUBJID": "19764350010006",
      "DOSGRPN": "Twice a week",
      "UASRE": "19764350010006/56/M/W/NHL",
      "LBDY":      -27,
      "LBDT": "03JAN2020",
      "LB_TC": "11:58",
      "lb_AB949027": "Negative",
      "lb_FAC8INHN": "<0.4",
      "lb_PEGAB": "Negative",
      "lb_TRDUR_PA": 209.35,
      "lb_EDCNT_PA":  54,
      "_orderN": 17,
      "_n_free": 1,
      "_n_tog": 1,
      "_n_tog_uni":        6,
      "_n_freeR": 0,
      "_n_togR": 0,
      "_obsid_": 17,
      "_1_b1": 1,
      "_1_b2": 1,
      "_1_b3": 1,
      "_1_b4": 1,
      "_1_b5": 1
    },
    {
      "USUBJID": "19764350010006",
      "DOSGRPN": "Twice a week",
      "UASRE": "19764350010006/56/M/W/NHL",
      "LBDY":        1,
      "LBDT": "30JAN2020",
      "LB_TC": "12:17",
      "lb_AB949027": "Negative",
      "lb_FAC8INHN": "<0.4",
      "lb_PEGAB": "Negative",
      "lb_TRDUR_PA": 209.35,
      "lb_EDCNT_PA":  54,
      "_orderN": 18,
      "_n_free": 0,
      "_n_tog": 0,
      "_n_tog_uni":        6,
      "_n_freeR": 0,
      "_n_togR": 0,
      "_obsid_": 18,
      "_1_b1": 0,
      "_1_b2": 0,
      "_1_b3": 0,
      "_1_b4": 0,
      "_1_b5": 1
    },
    {
      "USUBJID": "19764350010006",
      "DOSGRPN": "Twice a week",
      "UASRE": "19764350010006/56/M/W/NHL",
      "LBDY":       86,
      "LBDT": "24APR2020",
      "LB_TC": "13:19",
      "lb_AB949027": "Negative",
      "lb_FAC8INHN": "<0.4",
      "lb_PEGAB": "Negative",
      "lb_TRDUR_PA": 209.35,
      "lb_EDCNT_PA":  54,
      "_orderN": 19,
      "_n_free": 0,
      "_n_tog": 0,
      "_n_tog_uni":        6,
      "_n_freeR": 0,
      "_n_togR": 0,
      "_obsid_": 19,
      "_1_b1": 0,
      "_1_b2": 0,
      "_1_b3": 0,
      "_1_b4": 0,
      "_1_b5": 1
    },
    {
      "USUBJID": "19764350010006",
      "DOSGRPN": "Twice a week",
      "UASRE": "19764350010006/56/M/W/NHL",
      "LBDY":      188,
      "LBDT": "04AUG2020",
      "LB_TC": "12:52",
      "lb_AB949027": "",
      "lb_FAC8INHN": "<0.4",
      "lb_PEGAB": "",
      "lb_TRDUR_PA": 209.35,
      "lb_EDCNT_PA":  54,
      "_orderN": 20,
      "_n_free": 0,
      "_n_tog": 0,
      "_n_tog_uni":        6,
      "_n_freeR": 1,
      "_n_togR": 1,
      "_obsid_": 20,
      "_1_b1": 0,
      "_1_b2": 0,
      "_1_b3": 0,
      "_1_b4": 0,
      "_1_b5": 1
    },
    {
      "USUBJID": "19764360010003",
      "DOSGRPN": "Twice a week",
      "UASRE": "19764360010003/44/M/W/NHL",
      "LBDY":      -28,
      "LBDT": "19MAY2020",
      "LB_TC": "13:50",
      "lb_AB949027": "Negative",
      "lb_FAC8INHN": "<0.4",
      "lb_PEGAB": "Negative",
      "lb_TRDUR_PA":  72.91,
      "lb_EDCNT_PA":  18,
      "_orderN": 21,
      "_n_free": 1,
      "_n_tog": 1,
      "_n_tog_uni":        7,
      "_n_freeR": 0,
      "_n_togR": 0,
      "_obsid_": 21,
      "_1_b1": 1,
      "_1_b2": 1,
      "_1_b3": 1,
      "_1_b4": 1,
      "_1_b5": 1
    },
    {
      "USUBJID": "19764360010003",
      "DOSGRPN": "Twice a week",
      "UASRE": "19764360010003/44/M/W/NHL",
      "LBDY":        1,
      "LBDT": "16JUN2020",
      "LB_TC": "08:31",
      "lb_AB949027": "Negative",
      "lb_FAC8INHN": "<0.4",
      "lb_PEGAB": "Negative",
      "lb_TRDUR_PA":  72.91,
      "lb_EDCNT_PA":  18,
      "_orderN": 22,
      "_n_free": 0,
      "_n_tog": 0,
      "_n_tog_uni":        7,
      "_n_freeR": 0,
      "_n_togR": 0,
      "_obsid_": 22,
      "_1_b1": 0,
      "_1_b2": 0,
      "_1_b3": 0,
      "_1_b4": 0,
      "_1_b5": 1
    },
    {
      "USUBJID": "19764360010003",
      "DOSGRPN": "Twice a week",
      "UASRE": "19764360010003/44/M/W/NHL",
      "LBDY":       71,
      "LBDT": "25AUG2020",
      "LB_TC": "08:59",
      "lb_AB949027": "",
      "lb_FAC8INHN": "<0.4",
      "lb_PEGAB": "",
      "lb_TRDUR_PA":  72.91,
      "lb_EDCNT_PA":  18,
      "_orderN": 23,
      "_n_free": 0,
      "_n_tog": 0,
      "_n_tog_uni":        7,
      "_n_freeR": 1,
      "_n_togR": 1,
      "_obsid_": 23,
      "_1_b1": 0,
      "_1_b2": 0,
      "_1_b3": 0,
      "_1_b4": 0,
      "_1_b5": 1
    },
    {
      "USUBJID": "19764360010004",
      "DOSGRPN": "Twice a week",
      "UASRE": "19764360010004/61/M/W/NHL",
      "LBDY":      -21,
      "LBDT": "26MAY2020",
      "LB_TC": "10:15",
      "lb_AB949027": "Negative",
      "lb_FAC8INHN": "<0.4",
      "lb_PEGAB": "Negative",
      "lb_TRDUR_PA":  70.03,
      "lb_EDCNT_PA":  17,
      "_orderN": 24,
      "_n_free": 1,
      "_n_tog": 1,
      "_n_tog_uni":        8,
      "_n_freeR": 0,
      "_n_togR": 0,
      "_obsid_": 24,
      "_1_b1": 1,
      "_1_b2": 1,
      "_1_b3": 1,
      "_1_b4": 1,
      "_1_b5": 1
    },
    {
      "USUBJID": "19764360010004",
      "DOSGRPN": "Twice a week",
      "UASRE": "19764360010004/61/M/W/NHL",
      "LBDY":        1,
      "LBDT": "16JUN2020",
      "LB_TC": "09:44",
      "lb_AB949027": "Negative",
      "lb_FAC8INHN": "<0.4",
      "lb_PEGAB": "Negative",
      "lb_TRDUR_PA":  70.03,
      "lb_EDCNT_PA":  17,
      "_orderN": 25,
      "_n_free": 0,
      "_n_tog": 0,
      "_n_tog_uni":        8,
      "_n_freeR": 0,
      "_n_togR": 0,
      "_obsid_": 25,
      "_1_b1": 0,
      "_1_b2": 0,
      "_1_b3": 0,
      "_1_b4": 0,
      "_1_b5": 1
    },
    {
      "USUBJID": "19764360010004",
      "DOSGRPN": "Twice a week",
      "UASRE": "19764360010004/61/M/W/NHL",
      "LBDY":       71,
      "LBDT": "25AUG2020",
      "LB_TC": "10:27",
      "lb_AB949027": "",
      "lb_FAC8INHN": "<0.4",
      "lb_PEGAB": "",
      "lb_TRDUR_PA":  70.03,
      "lb_EDCNT_PA":  17,
      "_orderN": 26,
      "_n_free": 0,
      "_n_tog": 0,
      "_n_tog_uni":        8,
      "_n_freeR": 1,
      "_n_togR": 1,
      "_obsid_": 26,
      "_1_b1": 0,
      "_1_b2": 0,
      "_1_b3": 0,
      "_1_b4": 0,
      "_1_b5": 1
    },
    {
      "USUBJID": "19764410010001",
      "DOSGRPN": "Twice a week",
      "UASRE": "19764410010001/40/M/W/NHL",
      "LBDY":      -47,
      "LBDT": "19DEC2019",
      "LB_TC": "10:05",
      "lb_AB949027": "Negative",
      "lb_FAC8INHN": "<0.4",
      "lb_PEGAB": "Negative",
      "lb_TRDUR_PA": 138.99,
      "lb_EDCNT_PA":  31,
      "_orderN": 27,
      "_n_free": 1,
      "_n_tog": 1,
      "_n_tog_uni":        9,
      "_n_freeR": 0,
      "_n_togR": 0,
      "_obsid_": 27,
      "_1_b1": 1,
      "_1_b2": 1,
      "_1_b3": 1,
      "_1_b4": 1,
      "_1_b5": 1
    },
    {
      "USUBJID": "19764410010001",
      "DOSGRPN": "Twice a week",
      "UASRE": "19764410010001/40/M/W/NHL",
      "LBDY":        1,
      "LBDT": "04FEB2020",
      "LB_TC": "10:05",
      "lb_AB949027": "Negative",
      "lb_FAC8INHN": "<0.4",
      "lb_PEGAB": "Negative",
      "lb_TRDUR_PA": 138.99,
      "lb_EDCNT_PA":  31,
      "_orderN": 28,
      "_n_free": 0,
      "_n_tog": 0,
      "_n_tog_uni":        9,
      "_n_freeR": 0,
      "_n_togR": 0,
      "_obsid_": 28,
      "_1_b1": 0,
      "_1_b2": 0,
      "_1_b3": 0,
      "_1_b4": 0,
      "_1_b5": 1
    },
    {
      "USUBJID": "19764410010001",
      "DOSGRPN": "Twice a week",
      "UASRE": "19764410010001/40/M/W/NHL",
      "LBDY":       64,
      "LBDT": "07APR2020",
      "LB_TC": "08:45",
      "lb_AB949027": "",
      "lb_FAC8INHN": "<0.4",
      "lb_PEGAB": "",
      "lb_TRDUR_PA": 138.99,
      "lb_EDCNT_PA":  31,
      "_orderN": 29,
      "_n_free": 0,
      "_n_tog": 0,
      "_n_tog_uni":        9,
      "_n_freeR": 0,
      "_n_togR": 0,
      "_obsid_": 29,
      "_1_b1": 0,
      "_1_b2": 0,
      "_1_b3": 0,
      "_1_b4": 0,
      "_1_b5": 1
    },
    {
      "USUBJID": "19764410010001",
      "DOSGRPN": "Twice a week",
      "UASRE": "19764410010001/40/M/W/NHL",
      "LBDY":       64,
      "LBDT": "07APR2020",
      "LB_TC": "09:15",
      "lb_AB949027": "Negative",
      "lb_FAC8INHN": "",
      "lb_PEGAB": "Negative",
      "lb_TRDUR_PA": 138.99,
      "lb_EDCNT_PA":  31,
      "_orderN": 30,
      "_n_free": 0,
      "_n_tog": 0,
      "_n_tog_uni":        9,
      "_n_freeR": 0,
      "_n_togR": 0,
      "_obsid_": 30,
      "_1_b1": 0,
      "_1_b2": 0,
      "_1_b3": 0,
      "_1_b4": 0,
      "_1_b5": 0
    },
    {
      "USUBJID": "19764410010001",
      "DOSGRPN": "Twice a week",
      "UASRE": "19764410010001/40/M/W/NHL",
      "LBDY":      121,
      "LBDT": "03JUN2020",
      "LB_TC": "09:00",
      "lb_AB949027": "Negative",
      "lb_FAC8INHN": "<0.4",
      "lb_PEGAB": "Negative",
      "lb_TRDUR_PA": 138.99,
      "lb_EDCNT_PA":  31,
      "_orderN": 31,
      "_n_free": 0,
      "_n_tog": 0,
      "_n_tog_uni":        9,
      "_n_freeR": 0,
      "_n_togR": 0,
      "_obsid_": 31,
      "_1_b1": 0,
      "_1_b2": 0,
      "_1_b3": 0,
      "_1_b4": 0,
      "_1_b5": 1
    },
    {
      "USUBJID": "19764410010001",
      "DOSGRPN": "Twice a week",
      "UASRE": "19764410010001/40/M/W/NHL",
      "LBDY":      140,
      "LBDT": "22JUN2020",
      "LB_TC": "08:40",
      "lb_AB949027": "Negative",
      "lb_FAC8INHN": "<0.4",
      "lb_PEGAB": "Negative",
      "lb_TRDUR_PA": 138.99,
      "lb_EDCNT_PA":  31,
      "_orderN": 32,
      "_n_free": 0,
      "_n_tog": 0,
      "_n_tog_uni":        9,
      "_n_freeR": 1,
      "_n_togR": 1,
      "_obsid_": 32,
      "_1_b1": 0,
      "_1_b2": 0,
      "_1_b3": 0,
      "_1_b4": 0,
      "_1_b5": 1
    },
    {
      "USUBJID": "19764180010006",
      "DOSGRPN": "Every 5 days",
      "UASRE": "19764180010006/39/M/W/NHL",
      "LBDY":      -17,
      "LBDT": "22JUN2020",
      "LB_TC": "11:30",
      "lb_AB949027": "Negative",
      "lb_FAC8INHN": "<0.4",
      "lb_PEGAB": "Negative",
      "lb_TRDUR_PA":  50.43,
      "lb_EDCNT_PA":  11,
      "_orderN": 33,
      "_n_free": 1,
      "_n_tog": 1,
      "_n_tog_uni":       10,
      "_n_freeR": 0,
      "_n_togR": 0,
      "_obsid_": 33,
      "_1_b1": 1,
      "_1_b2": 1,
      "_1_b3": 1,
      "_1_b4": 1,
      "_1_b5": 1
    },
    {
      "USUBJID": "19764180010006",
      "DOSGRPN": "Every 5 days",
      "UASRE": "19764180010006/39/M/W/NHL",
      "LBDY":        1,
      "LBDT": "09JUL2020",
      "LB_TC": "",
      "lb_AB949027": "",
      "lb_FAC8INHN": "<0.4",
      "lb_PEGAB": "",
      "lb_TRDUR_PA":  50.43,
      "lb_EDCNT_PA":  11,
      "_orderN": 34,
      "_n_free": 0,
      "_n_tog": 0,
      "_n_tog_uni":       10,
      "_n_freeR": 0,
      "_n_togR": 0,
      "_obsid_": 34,
      "_1_b1": 0,
      "_1_b2": 0,
      "_1_b3": 0,
      "_1_b4": 0,
      "_1_b5": 1
    },
    {
      "USUBJID": "19764180010006",
      "DOSGRPN": "Every 5 days",
      "UASRE": "19764180010006/39/M/W/NHL",
      "LBDY":        1,
      "LBDT": "09JUL2020",
      "LB_TC": "12:10",
      "lb_AB949027": "Negative",
      "lb_FAC8INHN": "",
      "lb_PEGAB": "Negative",
      "lb_TRDUR_PA":  50.43,
      "lb_EDCNT_PA":  11,
      "_orderN": 35,
      "_n_free": 0,
      "_n_tog": 0,
      "_n_tog_uni":       10,
      "_n_freeR": 1,
      "_n_togR": 1,
      "_obsid_": 35,
      "_1_b1": 0,
      "_1_b2": 0,
      "_1_b3": 0,
      "_1_b4": 0,
      "_1_b5": 0
    },
    {
      "USUBJID": "19764180030001",
      "DOSGRPN": "Every 5 days",
      "UASRE": "19764180030001/55/M/W/NHL",
      "LBDY":      -21,
      "LBDT": "27JAN2020",
      "LB_TC": "11:20",
      "lb_AB949027": "Negative",
      "lb_FAC8INHN": "<0.4",
      "lb_PEGAB": "Negative",
      "lb_TRDUR_PA": 192.31,
      "lb_EDCNT_PA":  40,
      "_orderN": 36,
      "_n_free": 1,
      "_n_tog": 1,
      "_n_tog_uni":       11,
      "_n_freeR": 0,
      "_n_togR": 0,
      "_obsid_": 36,
      "_1_b1": 1,
      "_1_b2": 1,
      "_1_b3": 1,
      "_1_b4": 1,
      "_1_b5": 1
    },
    {
      "USUBJID": "19764180030001",
      "DOSGRPN": "Every 5 days",
      "UASRE": "19764180030001/55/M/W/NHL",
      "LBDY":        1,
      "LBDT": "17FEB2020",
      "LB_TC": "09:05",
      "lb_AB949027": "Negative",
      "lb_FAC8INHN": "<0.4",
      "lb_PEGAB": "Negative",
      "lb_TRDUR_PA": 192.31,
      "lb_EDCNT_PA":  40,
      "_orderN": 37,
      "_n_free": 0,
      "_n_tog": 0,
      "_n_tog_uni":       11,
      "_n_freeR": 0,
      "_n_togR": 0,
      "_obsid_": 37,
      "_1_b1": 0,
      "_1_b2": 0,
      "_1_b3": 0,
      "_1_b4": 0,
      "_1_b5": 1
    },
    {
      "USUBJID": "19764180030001",
      "DOSGRPN": "Every 5 days",
      "UASRE": "19764180030001/55/M/W/NHL",
      "LBDY":       51,
      "LBDT": "07APR2020",
      "LB_TC": "10:19",
      "lb_AB949027": "Negative",
      "lb_FAC8INHN": "<0.4",
      "lb_PEGAB": "Negative",
      "lb_TRDUR_PA": 192.31,
      "lb_EDCNT_PA":  40,
      "_orderN": 38,
      "_n_free": 0,
      "_n_tog": 0,
      "_n_tog_uni":       11,
      "_n_freeR": 1,
      "_n_togR": 1,
      "_obsid_": 38,
      "_1_b1": 0,
      "_1_b2": 0,
      "_1_b3": 0,
      "_1_b4": 0,
      "_1_b5": 1
    },
    {
      "USUBJID": "19764220030001",
      "DOSGRPN": "Every 5 days",
      "UASRE": "19764220030001/45/M/W/NHL",
      "LBDY":      -54,
      "LBDT": "11DEC2019",
      "LB_TC": "12:00",
      "lb_AB949027": "Negative",
      "lb_FAC8INHN": "<0.4",
      "lb_PEGAB": "Negative",
      "lb_TRDUR_PA": 206.24,
      "lb_EDCNT_PA":  41,
      "_orderN": 39,
      "_n_free": 1,
      "_n_tog": 1,
      "_n_tog_uni":       12,
      "_n_freeR": 0,
      "_n_togR": 0,
      "_obsid_": 39,
      "_1_b1": 1,
      "_1_b2": 1,
      "_1_b3": 1,
      "_1_b4": 1,
      "_1_b5": 1
    },
    {
      "USUBJID": "19764220030001",
      "DOSGRPN": "Every 5 days",
      "UASRE": "19764220030001/45/M/W/NHL",
      "LBDY":        1,
      "LBDT": "03FEB2020",
      "LB_TC": "09:30",
      "lb_AB949027": "Negative",
      "lb_FAC8INHN": "<0.4",
      "lb_PEGAB": "Negative",
      "lb_TRDUR_PA": 206.24,
      "lb_EDCNT_PA":  41,
      "_orderN": 40,
      "_n_free": 0,
      "_n_tog": 0,
      "_n_tog_uni":       12,
      "_n_freeR": 0,
      "_n_togR": 0,
      "_obsid_": 40,
      "_1_b1": 0,
      "_1_b2": 0,
      "_1_b3": 0,
      "_1_b4": 0,
      "_1_b5": 1
    },
    {
      "USUBJID": "19764220030001",
      "DOSGRPN": "Every 5 days",
      "UASRE": "19764220030001/45/M/W/NHL",
      "LBDY":      101,
      "LBDT": "13MAY2020",
      "LB_TC": "09:05",
      "lb_AB949027": "Negative",
      "lb_FAC8INHN": "<0.4",
      "lb_PEGAB": "Negative",
      "lb_TRDUR_PA": 206.24,
      "lb_EDCNT_PA":  41,
      "_orderN": 41,
      "_n_free": 0,
      "_n_tog": 0,
      "_n_tog_uni":       12,
      "_n_freeR": 0,
      "_n_togR": 0,
      "_obsid_": 41,
      "_1_b1": 0,
      "_1_b2": 0,
      "_1_b3": 0,
      "_1_b4": 0,
      "_1_b5": 1
    },
    {
      "USUBJID": "19764220030001",
      "DOSGRPN": "Every 5 days",
      "UASRE": "19764220030001/45/M/W/NHL",
      "LBDY":      179,
      "LBDT": "30JUL2020",
      "LB_TC": "08:00",
      "lb_AB949027": "",
      "lb_FAC8INHN": "<0.4",
      "lb_PEGAB": "",
      "lb_TRDUR_PA": 206.24,
      "lb_EDCNT_PA":  41,
      "_orderN": 42,
      "_n_free": 0,
      "_n_tog": 0,
      "_n_tog_uni":       12,
      "_n_freeR": 1,
      "_n_togR": 1,
      "_obsid_": 42,
      "_1_b1": 0,
      "_1_b2": 0,
      "_1_b3": 0,
      "_1_b4": 0,
      "_1_b5": 1
    },
    {
      "USUBJID": "19764220040001",
      "DOSGRPN": "Every 5 days",
      "UASRE": "19764220040001/48/M/W/NHL",
      "LBDY":      -14,
      "LBDT": "09DEC2019",
      "LB_TC": "12:50",
      "lb_AB949027": "Negative",
      "lb_FAC8INHN": "<0.4",
      "lb_PEGAB": "Negative",
      "lb_TRDUR_PA": 245.07,
      "lb_EDCNT_PA":  50,
      "_orderN": 43,
      "_n_free": 1,
      "_n_tog": 1,
      "_n_tog_uni":       13,
      "_n_freeR": 0,
      "_n_togR": 0,
      "_obsid_": 43,
      "_1_b1": 1,
      "_1_b2": 1,
      "_1_b3": 1,
      "_1_b4": 1,
      "_1_b5": 1
    },
    {
      "USUBJID": "19764220040001",
      "DOSGRPN": "Every 5 days",
      "UASRE": "19764220040001/48/M/W/NHL",
      "LBDY":        1,
      "LBDT": "23DEC2019",
      "LB_TC": "10:00",
      "lb_AB949027": "Negative",
      "lb_FAC8INHN": "<0.4",
      "lb_PEGAB": "Negative",
      "lb_TRDUR_PA": 245.07,
      "lb_EDCNT_PA":  50,
      "_orderN": 44,
      "_n_free": 0,
      "_n_tog": 0,
      "_n_tog_uni":       13,
      "_n_freeR": 0,
      "_n_togR": 0,
      "_obsid_": 44,
      "_1_b1": 0,
      "_1_b2": 0,
      "_1_b3": 0,
      "_1_b4": 0,
      "_1_b5": 1
    },
    {
      "USUBJID": "19764220040001",
      "DOSGRPN": "Every 5 days",
      "UASRE": "19764220040001/48/M/W/NHL",
      "LBDY":       57,
      "LBDT": "17FEB2020",
      "LB_TC": "08:46",
      "lb_AB949027": "Negative",
      "lb_FAC8INHN": "<0.4",
      "lb_PEGAB": "Negative",
      "lb_TRDUR_PA": 245.07,
      "lb_EDCNT_PA":  50,
      "_orderN": 45,
      "_n_free": 0,
      "_n_tog": 0,
      "_n_tog_uni":       13,
      "_n_freeR": 0,
      "_n_togR": 0,
      "_obsid_": 45,
      "_1_b1": 0,
      "_1_b2": 0,
      "_1_b3": 0,
      "_1_b4": 0,
      "_1_b5": 1
    },
    {
      "USUBJID": "19764220040001",
      "DOSGRPN": "Every 5 days",
      "UASRE": "19764220040001/48/M/W/NHL",
      "LBDY":      198,
      "LBDT": "07JUL2020",
      "LB_TC": "11:00",
      "lb_AB949027": "Negative",
      "lb_FAC8INHN": "<0.4",
      "lb_PEGAB": "Negative",
      "lb_TRDUR_PA": 245.07,
      "lb_EDCNT_PA":  50,
      "_orderN": 46,
      "_n_free": 0,
      "_n_tog": 0,
      "_n_tog_uni":       13,
      "_n_freeR": 1,
      "_n_togR": 1,
      "_obsid_": 46,
      "_1_b1": 0,
      "_1_b2": 0,
      "_1_b3": 0,
      "_1_b4": 0,
      "_1_b5": 1
    },
    {
      "USUBJID": "19764350010001",
      "DOSGRPN": "Every 5 days",
      "UASRE": "19764350010001/54/M/W/NHL",
      "LBDY":      -44,
      "LBDT": "23SEP2019",
      "LB_TC": "13:21",
      "lb_AB949027": "Negative",
      "lb_FAC8INHN": "<0.4",
      "lb_PEGAB": "Negative",
      "lb_TRDUR_PA": 293.00,
      "lb_EDCNT_PA":  61,
      "_orderN": 47,
      "_n_free": 1,
      "_n_tog": 1,
      "_n_tog_uni":       14,
      "_n_freeR": 0,
      "_n_togR": 0,
      "_obsid_": 47,
      "_1_b1": 1,
      "_1_b2": 1,
      "_1_b3": 1,
      "_1_b4": 1,
      "_1_b5": 1
    },
    {
      "USUBJID": "19764350010001",
      "DOSGRPN": "Every 5 days",
      "UASRE": "19764350010001/54/M/W/NHL",
      "LBDY":        1,
      "LBDT": "06NOV2019",
      "LB_TC": "12:07",
      "lb_AB949027": "Negative",
      "lb_FAC8INHN": "<0.4",
      "lb_PEGAB": "Negative",
      "lb_TRDUR_PA": 293.00,
      "lb_EDCNT_PA":  61,
      "_orderN": 48,
      "_n_free": 0,
      "_n_tog": 0,
      "_n_tog_uni":       14,
      "_n_freeR": 0,
      "_n_togR": 0,
      "_obsid_": 48,
      "_1_b1": 0,
      "_1_b2": 0,
      "_1_b3": 0,
      "_1_b4": 0,
      "_1_b5": 1
    },
    {
      "USUBJID": "19764350010001",
      "DOSGRPN": "Every 5 days",
      "UASRE": "19764350010001/54/M/W/NHL",
      "LBDY":       64,
      "LBDT": "08JAN2020",
      "LB_TC": "12:39",
      "lb_AB949027": "Negative",
      "lb_FAC8INHN": "<0.4",
      "lb_PEGAB": "Negative",
      "lb_TRDUR_PA": 293.00,
      "lb_EDCNT_PA":  61,
      "_orderN": 49,
      "_n_free": 0,
      "_n_tog": 0,
      "_n_tog_uni":       14,
      "_n_freeR": 0,
      "_n_togR": 0,
      "_obsid_": 49,
      "_1_b1": 0,
      "_1_b2": 0,
      "_1_b3": 0,
      "_1_b4": 0,
      "_1_b5": 1
    },
    {
      "USUBJID": "19764350010001",
      "DOSGRPN": "Every 5 days",
      "UASRE": "19764350010001/54/M/W/NHL",
      "LBDY":      189,
      "LBDT": "12MAY2020",
      "LB_TC": "11:15",
      "lb_AB949027": "Negative",
      "lb_FAC8INHN": "<0.4",
      "lb_PEGAB": "Negative",
      "lb_TRDUR_PA": 293.00,
      "lb_EDCNT_PA":  61,
      "_orderN": 50,
      "_n_free": 0,
      "_n_tog": 0,
      "_n_tog_uni":       14,
      "_n_freeR": 1,
      "_n_togR": 1,
      "_obsid_": 50,
      "_1_b1": 0,
      "_1_b2": 0,
      "_1_b3": 0,
      "_1_b4": 0,
      "_1_b5": 1
    },
    {
      "USUBJID": "19764350010003",
      "DOSGRPN": "Every 5 days",
      "UASRE": "19764350010003/25/M/W/NHL",
      "LBDY":      -54,
      "LBDT": "02OCT2019",
      "LB_TC": "11:30",
      "lb_AB949027": "Negative",
      "lb_FAC8INHN": "<0.4",
      "lb_PEGAB": "Negative",
      "lb_TRDUR_PA": 274.71,
      "lb_EDCNT_PA":  61,
      "_orderN": 51,
      "_n_free": 1,
      "_n_tog": 1,
      "_n_tog_uni":       15,
      "_n_freeR": 0,
      "_n_togR": 0,
      "_obsid_": 51,
      "_1_b1": 1,
      "_1_b2": 1,
      "_1_b3": 1,
      "_1_b4": 1,
      "_1_b5": 1
    },
    {
      "USUBJID": "19764350010003",
      "DOSGRPN": "Every 5 days",
      "UASRE": "19764350010003/25/M/W/NHL",
      "LBDY":        1,
      "LBDT": "25NOV2019",
      "LB_TC": "11:36",
      "lb_AB949027": "Negative",
      "lb_FAC8INHN": "<0.4",
      "lb_PEGAB": "Negative",
      "lb_TRDUR_PA": 274.71,
      "lb_EDCNT_PA":  61,
      "_orderN": 52,
      "_n_free": 0,
      "_n_tog": 0,
      "_n_tog_uni":       15,
      "_n_freeR": 0,
      "_n_togR": 0,
      "_obsid_": 52,
      "_1_b1": 0,
      "_1_b2": 0,
      "_1_b3": 0,
      "_1_b4": 0,
      "_1_b5": 1
    },
    {
      "USUBJID": "19764350010003",
      "DOSGRPN": "Every 5 days",
      "UASRE": "19764350010003/25/M/W/NHL",
      "LBDY":       71,
      "LBDT": "03FEB2020",
      "LB_TC": "11:32",
      "lb_AB949027": "Negative",
      "lb_FAC8INHN": "<0.4",
      "lb_PEGAB": "Negative",
      "lb_TRDUR_PA": 274.71,
      "lb_EDCNT_PA":  61,
      "_orderN": 53,
      "_n_free": 0,
      "_n_tog": 0,
      "_n_tog_uni":       15,
      "_n_freeR": 0,
      "_n_togR": 0,
      "_obsid_": 53,
      "_1_b1": 0,
      "_1_b2": 0,
      "_1_b3": 0,
      "_1_b4": 0,
      "_1_b5": 1
    },
    {
      "USUBJID": "19764350010003",
      "DOSGRPN": "Every 5 days",
      "UASRE": "19764350010003/25/M/W/NHL",
      "LBDY":      184,
      "LBDT": "26MAY2020",
      "LB_TC": "09:28",
      "lb_AB949027": "Negative",
      "lb_FAC8INHN": "<0.4",
      "lb_PEGAB": "Negative",
      "lb_TRDUR_PA": 274.71,
      "lb_EDCNT_PA":  61,
      "_orderN": 54,
      "_n_free": 0,
      "_n_tog": 0,
      "_n_tog_uni":       15,
      "_n_freeR": 1,
      "_n_togR": 1,
      "_obsid_": 54,
      "_1_b1": 0,
      "_1_b2": 0,
      "_1_b3": 0,
      "_1_b4": 0,
      "_1_b5": 1
    },
    {
      "USUBJID": "19764350010007",
      "DOSGRPN": "Every 5 days",
      "UASRE": "19764350010007/27/M/W/NHL",
      "LBDY":      -27,
      "LBDT": "28JUL2020",
      "LB_TC": "13:30",
      "lb_AB949027": "",
      "lb_FAC8INHN": "<0.4",
      "lb_PEGAB": "",
      "lb_TRDUR_PA": null,
      "lb_EDCNT_PA":   1,
      "_orderN": 55,
      "_n_free": 1,
      "_n_tog": 1,
      "_n_tog_uni":       16,
      "_n_freeR": 0,
      "_n_togR": 0,
      "_obsid_": 55,
      "_1_b1": 1,
      "_1_b2": 1,
      "_1_b3": 1,
      "_1_b4": 1,
      "_1_b5": 1
    },
    {
      "USUBJID": "19764350010007",
      "DOSGRPN": "Every 5 days",
      "UASRE": "19764350010007/27/M/W/NHL",
      "LBDY":        1,
      "LBDT": "24AUG2020",
      "LB_TC": "11:54",
      "lb_AB949027": "",
      "lb_FAC8INHN": "<0.4",
      "lb_PEGAB": "",
      "lb_TRDUR_PA": null,
      "lb_EDCNT_PA":   1,
      "_orderN": 56,
      "_n_free": 0,
      "_n_tog": 0,
      "_n_tog_uni":       16,
      "_n_freeR": 1,
      "_n_togR": 1,
      "_obsid_": 56,
      "_1_b1": 0,
      "_1_b2": 0,
      "_1_b3": 0,
      "_1_b4": 0,
      "_1_b5": 1
    },
    {
      "USUBJID": "19764410030002",
      "DOSGRPN": "Every 5 days",
      "UASRE": "19764410030002/20/M/W/NHL",
      "LBDY":      -42,
      "LBDT": "28OCT2019",
      "LB_TC": "10:30",
      "lb_AB949027": "Negative",
      "lb_FAC8INHN": "<0.4",
      "lb_PEGAB": "Negative",
      "lb_TRDUR_PA": 260.03,
      "lb_EDCNT_PA":  62,
      "_orderN": 57,
      "_n_free": 1,
      "_n_tog": 1,
      "_n_tog_uni":       17,
      "_n_freeR": 0,
      "_n_togR": 0,
      "_obsid_": 57,
      "_1_b1": 1,
      "_1_b2": 1,
      "_1_b3": 1,
      "_1_b4": 1,
      "_1_b5": 1
    },
    {
      "USUBJID": "19764410030002",
      "DOSGRPN": "Every 5 days",
      "UASRE": "19764410030002/20/M/W/NHL",
      "LBDY":        1,
      "LBDT": "09DEC2019",
      "LB_TC": "09:50",
      "lb_AB949027": "Negative",
      "lb_FAC8INHN": "<0.4",
      "lb_PEGAB": "Negative",
      "lb_TRDUR_PA": 260.03,
      "lb_EDCNT_PA":  62,
      "_orderN": 58,
      "_n_free": 0,
      "_n_tog": 0,
      "_n_tog_uni":       17,
      "_n_freeR": 0,
      "_n_togR": 0,
      "_obsid_": 58,
      "_1_b1": 0,
      "_1_b2": 0,
      "_1_b3": 0,
      "_1_b4": 0,
      "_1_b5": 1
    },
    {
      "USUBJID": "19764410030002",
      "DOSGRPN": "Every 5 days",
      "UASRE": "19764410030002/20/M/W/NHL",
      "LBDY":       57,
      "LBDT": "03FEB2020",
      "LB_TC": "11:00",
      "lb_AB949027": "Negative",
      "lb_FAC8INHN": "<0.4",
      "lb_PEGAB": "Negative",
      "lb_TRDUR_PA": 260.03,
      "lb_EDCNT_PA":  62,
      "_orderN": 59,
      "_n_free": 0,
      "_n_tog": 0,
      "_n_tog_uni":       17,
      "_n_freeR": 1,
      "_n_togR": 1,
      "_obsid_": 59,
      "_1_b1": 0,
      "_1_b2": 0,
      "_1_b3": 0,
      "_1_b4": 0,
      "_1_b5": 1
    },
    {
      "USUBJID": "19764490010001",
      "DOSGRPN": "Every 5 days",
      "UASRE": "19764490010001/42/M/W/NHL",
      "LBDY":      -35,
      "LBDT": "17DEC2019",
      "LB_TC": "12:20",
      "lb_AB949027": "Negative",
      "lb_FAC8INHN": "<0.4",
      "lb_PEGAB": "Negative",
      "lb_TRDUR_PA": 217.93,
      "lb_EDCNT_PA":  50,
      "_orderN": 60,
      "_n_free": 1,
      "_n_tog": 1,
      "_n_tog_uni":       18,
      "_n_freeR": 0,
      "_n_togR": 0,
      "_obsid_": 60,
      "_1_b1": 1,
      "_1_b2": 1,
      "_1_b3": 1,
      "_1_b4": 1,
      "_1_b5": 1
    },
    {
      "USUBJID": "19764490010001",
      "DOSGRPN": "Every 5 days",
      "UASRE": "19764490010001/42/M/W/NHL",
      "LBDY":        1,
      "LBDT": "21JAN2020",
      "LB_TC": "09:47",
      "lb_AB949027": "Negative",
      "lb_FAC8INHN": "<0.4",
      "lb_PEGAB": "Negative",
      "lb_TRDUR_PA": 217.93,
      "lb_EDCNT_PA":  50,
      "_orderN": 61,
      "_n_free": 0,
      "_n_tog": 0,
      "_n_tog_uni":       18,
      "_n_freeR": 0,
      "_n_togR": 0,
      "_obsid_": 61,
      "_1_b1": 0,
      "_1_b2": 0,
      "_1_b3": 0,
      "_1_b4": 0,
      "_1_b5": 1
    },
    {
      "USUBJID": "19764490010001",
      "DOSGRPN": "Every 5 days",
      "UASRE": "19764490010001/42/M/W/NHL",
      "LBDY":       50,
      "LBDT": "10MAR2020",
      "LB_TC": "10:20",
      "lb_AB949027": "Negative",
      "lb_FAC8INHN": "<0.4",
      "lb_PEGAB": "Negative",
      "lb_TRDUR_PA": 217.93,
      "lb_EDCNT_PA":  50,
      "_orderN": 62,
      "_n_free": 0,
      "_n_tog": 0,
      "_n_tog_uni":       18,
      "_n_freeR": 1,
      "_n_togR": 1,
      "_obsid_": 62,
      "_1_b1": 0,
      "_1_b2": 0,
      "_1_b3": 0,
      "_1_b4": 0,
      "_1_b5": 1
    },
    {
      "USUBJID": "19764490010002",
      "DOSGRPN": "Every 5 days",
      "UASRE": "19764490010002/36/M/W/NHL",
      "LBDY":      -28,
      "LBDT": "19FEB2020",
      "LB_TC": "09:30",
      "lb_AB949027": "Negative",
      "lb_FAC8INHN": "<0.4",
      "lb_PEGAB": "Negative",
      "lb_TRDUR_PA": 160.25,
      "lb_EDCNT_PA":  33,
      "_orderN": 63,
      "_n_free": 1,
      "_n_tog": 1,
      "_n_tog_uni":       19,
      "_n_freeR": 0,
      "_n_togR": 0,
      "_obsid_": 63,
      "_1_b1": 1,
      "_1_b2": 1,
      "_1_b3": 1,
      "_1_b4": 1,
      "_1_b5": 1
    },
    {
      "USUBJID": "19764490010002",
      "DOSGRPN": "Every 5 days",
      "UASRE": "19764490010002/36/M/W/NHL",
      "LBDY":        1,
      "LBDT": "18MAR2020",
      "LB_TC": "10:30",
      "lb_AB949027": "Negative",
      "lb_FAC8INHN": "<0.4",
      "lb_PEGAB": "Negative",
      "lb_TRDUR_PA": 160.25,
      "lb_EDCNT_PA":  33,
      "_orderN": 64,
      "_n_free": 0,
      "_n_tog": 0,
      "_n_tog_uni":       19,
      "_n_freeR": 0,
      "_n_togR": 0,
      "_obsid_": 64,
      "_1_b1": 0,
      "_1_b2": 0,
      "_1_b3": 0,
      "_1_b4": 0,
      "_1_b5": 1
    },
    {
      "USUBJID": "19764490010002",
      "DOSGRPN": "Every 5 days",
      "UASRE": "19764490010002/36/M/W/NHL",
      "LBDY":       72,
      "LBDT": "28MAY2020",
      "LB_TC": "10:30",
      "lb_AB949027": "Negative",
      "lb_FAC8INHN": "<0.4",
      "lb_PEGAB": "Negative",
      "lb_TRDUR_PA": 160.25,
      "lb_EDCNT_PA":  33,
      "_orderN": 65,
      "_n_free": 0,
      "_n_tog": 0,
      "_n_tog_uni":       19,
      "_n_freeR": 1,
      "_n_togR": 1,
      "_obsid_": 65,
      "_1_b1": 0,
      "_1_b2": 0,
      "_1_b3": 0,
      "_1_b4": 0,
      "_1_b5": 1
    },
    {
      "USUBJID": "19764490010003",
      "DOSGRPN": "Every 5 days",
      "UASRE": "19764490010003/48/M/W/NHL",
      "LBDY":      -27,
      "LBDT": "02JUL2020",
      "LB_TC": "09:55",
      "lb_AB949027": "Negative",
      "lb_FAC8INHN": "<0.4",
      "lb_PEGAB": "Negative",
      "lb_TRDUR_PA":  30.28,
      "lb_EDCNT_PA":   7,
      "_orderN": 66,
      "_n_free": 1,
      "_n_tog": 1,
      "_n_tog_uni":       20,
      "_n_freeR": 0,
      "_n_togR": 0,
      "_obsid_": 66,
      "_1_b1": 1,
      "_1_b2": 1,
      "_1_b3": 1,
      "_1_b4": 1,
      "_1_b5": 1
    },
    {
      "USUBJID": "19764490010003",
      "DOSGRPN": "Every 5 days",
      "UASRE": "19764490010003/48/M/W/NHL",
      "LBDY":        1,
      "LBDT": "29JUL2020",
      "LB_TC": "10:20",
      "lb_AB949027": "",
      "lb_FAC8INHN": "<0.4",
      "lb_PEGAB": "",
      "lb_TRDUR_PA":  30.28,
      "lb_EDCNT_PA":   7,
      "_orderN": 67,
      "_n_free": 0,
      "_n_tog": 0,
      "_n_tog_uni":       20,
      "_n_freeR": 1,
      "_n_togR": 1,
      "_obsid_": 67,
      "_1_b1": 0,
      "_1_b2": 0,
      "_1_b3": 0,
      "_1_b4": 0,
      "_1_b5": 1
    },
    {
      "USUBJID": "19764180010001",
      "DOSGRPN": "Every 7 days",
      "UASRE": "19764180010001/23/M/W/NHL",
      "LBDY":      -21,
      "LBDT": "30OCT2019",
      "LB_TC": "10:00",
      "lb_AB949027": "Negative",
      "lb_FAC8INHN": "<0.4",
      "lb_PEGAB": "Negative",
      "lb_TRDUR_PA": 275.42,
      "lb_EDCNT_PA":  42,
      "_orderN": 68,
      "_n_free": 1,
      "_n_tog": 1,
      "_n_tog_uni":       21,
      "_n_freeR": 0,
      "_n_togR": 0,
      "_obsid_": 68,
      "_1_b1": 1,
      "_1_b2": 1,
      "_1_b3": 1,
      "_1_b4": 1,
      "_1_b5": 1
    },
    {
      "USUBJID": "19764180010001",
      "DOSGRPN": "Every 7 days",
      "UASRE": "19764180010001/23/M/W/NHL",
      "LBDY":        1,
      "LBDT": "20NOV2019",
      "LB_TC": "12:30",
      "lb_AB949027": "Negative",
      "lb_FAC8INHN": "<0.4",
      "lb_PEGAB": "Negative",
      "lb_TRDUR_PA": 275.42,
      "lb_EDCNT_PA":  42,
      "_orderN": 69,
      "_n_free": 0,
      "_n_tog": 0,
      "_n_tog_uni":       21,
      "_n_freeR": 0,
      "_n_togR": 0,
      "_obsid_": 69,
      "_1_b1": 0,
      "_1_b2": 0,
      "_1_b3": 0,
      "_1_b4": 0,
      "_1_b5": 1
    },
    {
      "USUBJID": "19764180010001",
      "DOSGRPN": "Every 7 days",
      "UASRE": "19764180010001/23/M/W/NHL",
      "LBDY":       59,
      "LBDT": "17JAN2020",
      "LB_TC": "12:30",
      "lb_AB949027": "Negative",
      "lb_FAC8INHN": "<0.4",
      "lb_PEGAB": "Negative",
      "lb_TRDUR_PA": 275.42,
      "lb_EDCNT_PA":  42,
      "_orderN": 70,
      "_n_free": 0,
      "_n_tog": 0,
      "_n_tog_uni":       21,
      "_n_freeR": 0,
      "_n_togR": 0,
      "_obsid_": 70,
      "_1_b1": 0,
      "_1_b2": 0,
      "_1_b3": 0,
      "_1_b4": 0,
      "_1_b5": 1
    },
    {
      "USUBJID": "19764180010001",
      "DOSGRPN": "Every 7 days",
      "UASRE": "19764180010001/23/M/W/NHL",
      "LBDY":      199,
      "LBDT": "05JUN2020",
      "LB_TC": "10:30",
      "lb_AB949027": "Negative",
      "lb_FAC8INHN": "<0.4",
      "lb_PEGAB": "Negative",
      "lb_TRDUR_PA": 275.42,
      "lb_EDCNT_PA":  42,
      "_orderN": 71,
      "_n_free": 0,
      "_n_tog": 0,
      "_n_tog_uni":       21,
      "_n_freeR": 1,
      "_n_togR": 1,
      "_obsid_": 71,
      "_1_b1": 0,
      "_1_b2": 0,
      "_1_b3": 0,
      "_1_b4": 0,
      "_1_b5": 1
    },
    {
      "USUBJID": "19764180010004",
      "DOSGRPN": "Every 7 days",
      "UASRE": "19764180010004/18/M/W/NHL",
      "LBDY":      -48,
      "LBDT": "28NOV2019",
      "LB_TC": "11:40",
      "lb_AB949027": "Negative",
      "lb_FAC8INHN": "<0.4",
      "lb_PEGAB": "Negative",
      "lb_TRDUR_PA": 225.34,
      "lb_EDCNT_PA":  36,
      "_orderN": 72,
      "_n_free": 1,
      "_n_tog": 1,
      "_n_tog_uni":       22,
      "_n_freeR": 0,
      "_n_togR": 0,
      "_obsid_": 72,
      "_1_b1": 1,
      "_1_b2": 1,
      "_1_b3": 1,
      "_1_b4": 1,
      "_1_b5": 1
    },
    {
      "USUBJID": "19764180010004",
      "DOSGRPN": "Every 7 days",
      "UASRE": "19764180010004/18/M/W/NHL",
      "LBDY":        1,
      "LBDT": "15JAN2020",
      "LB_TC": "11:40",
      "lb_AB949027": "Negative",
      "lb_FAC8INHN": "<0.4",
      "lb_PEGAB": "Negative",
      "lb_TRDUR_PA": 225.34,
      "lb_EDCNT_PA":  36,
      "_orderN": 73,
      "_n_free": 0,
      "_n_tog": 0,
      "_n_tog_uni":       22,
      "_n_freeR": 0,
      "_n_togR": 0,
      "_obsid_": 73,
      "_1_b1": 0,
      "_1_b2": 0,
      "_1_b3": 0,
      "_1_b4": 0,
      "_1_b5": 1
    },
    {
      "USUBJID": "19764180010004",
      "DOSGRPN": "Every 7 days",
      "UASRE": "19764180010004/18/M/W/NHL",
      "LBDY":       51,
      "LBDT": "05MAR2020",
      "LB_TC": "11:50",
      "lb_AB949027": "Negative",
      "lb_FAC8INHN": "<0.4",
      "lb_PEGAB": "Negative",
      "lb_TRDUR_PA": 225.34,
      "lb_EDCNT_PA":  36,
      "_orderN": 74,
      "_n_free": 0,
      "_n_tog": 0,
      "_n_tog_uni":       22,
      "_n_freeR": 0,
      "_n_togR": 0,
      "_obsid_": 74,
      "_1_b1": 0,
      "_1_b2": 0,
      "_1_b3": 0,
      "_1_b4": 0,
      "_1_b5": 1
    },
    {
      "USUBJID": "19764180010004",
      "DOSGRPN": "Every 7 days",
      "UASRE": "19764180010004/18/M/W/NHL",
      "LBDY":      176,
      "LBDT": "08JUL2020",
      "LB_TC": "12:30",
      "lb_AB949027": "Negative",
      "lb_FAC8INHN": "<0.4",
      "lb_PEGAB": "Negative",
      "lb_TRDUR_PA": 225.34,
      "lb_EDCNT_PA":  36,
      "_orderN": 75,
      "_n_free": 0,
      "_n_tog": 0,
      "_n_tog_uni":       22,
      "_n_freeR": 1,
      "_n_togR": 1,
      "_obsid_": 75,
      "_1_b1": 0,
      "_1_b2": 0,
      "_1_b3": 0,
      "_1_b4": 0,
      "_1_b5": 1
    },
    {
      "USUBJID": "19764180010005",
      "DOSGRPN": "Every 7 days",
      "UASRE": "19764180010005/39/M/W/NHL",
      "LBDY":     -125,
      "LBDT": "01JAN2020",
      "LB_TC": "",
      "lb_AB949027": "Negative",
      "lb_FAC8INHN": "",
      "lb_PEGAB": "Negative",
      "lb_TRDUR_PA": 113.39,
      "lb_EDCNT_PA":  20,
      "_orderN": 76,
      "_n_free": 1,
      "_n_tog": 1,
      "_n_tog_uni":       23,
      "_n_freeR": 0,
      "_n_togR": 0,
      "_obsid_": 76,
      "_1_b1": 1,
      "_1_b2": 1,
      "_1_b3": 1,
      "_1_b4": 1,
      "_1_b5": 1
    },
    {
      "USUBJID": "19764180010005",
      "DOSGRPN": "Every 7 days",
      "UASRE": "19764180010005/39/M/W/NHL",
      "LBDY":      -55,
      "LBDT": "11MAR2020",
      "LB_TC": "08:30",
      "lb_AB949027": "Negative",
      "lb_FAC8INHN": "<0.4",
      "lb_PEGAB": "Negative",
      "lb_TRDUR_PA": 113.39,
      "lb_EDCNT_PA":  20,
      "_orderN": 77,
      "_n_free": 0,
      "_n_tog": 0,
      "_n_tog_uni":       23,
      "_n_freeR": 0,
      "_n_togR": 0,
      "_obsid_": 77,
      "_1_b1": 0,
      "_1_b2": 0,
      "_1_b3": 0,
      "_1_b4": 0,
      "_1_b5": 1
    },
    {
      "USUBJID": "19764180010005",
      "DOSGRPN": "Every 7 days",
      "UASRE": "19764180010005/39/M/W/NHL",
      "LBDY":        1,
      "LBDT": "05MAY2020",
      "LB_TC": "10:00",
      "lb_AB949027": "Negative",
      "lb_FAC8INHN": "<0.4",
      "lb_PEGAB": "Negative",
      "lb_TRDUR_PA": 113.39,
      "lb_EDCNT_PA":  20,
      "_orderN": 78,
      "_n_free": 0,
      "_n_tog": 0,
      "_n_tog_uni":       23,
      "_n_freeR": 1,
      "_n_togR": 1,
      "_obsid_": 78,
      "_1_b1": 0,
      "_1_b2": 0,
      "_1_b3": 0,
      "_1_b4": 0,
      "_1_b5": 1
    },
    {
      "USUBJID": "19764240030001",
      "DOSGRPN": "Every 7 days",
      "UASRE": "19764240030001/36/M/W/HL",
      "LBDY":      -88,
      "LBDT": "02MAR2020",
      "LB_TC": "11:07",
      "lb_AB949027": "Negative",
      "lb_FAC8INHN": "<0.4",
      "lb_PEGAB": "Negative",
      "lb_TRDUR_PA":  70.00,
      "lb_EDCNT_PA":  15,
      "_orderN": 79,
      "_n_free": 1,
      "_n_tog": 1,
      "_n_tog_uni":       24,
      "_n_freeR": 0,
      "_n_togR": 0,
      "_obsid_": 79,
      "_1_b1": 1,
      "_1_b2": 1,
      "_1_b3": 1,
      "_1_b4": 1,
      "_1_b5": 1
    },
    {
      "USUBJID": "19764240030001",
      "DOSGRPN": "Every 7 days",
      "UASRE": "19764240030001/36/M/W/HL",
      "LBDY":        1,
      "LBDT": "29MAY2020",
      "LB_TC": "12:09",
      "lb_AB949027": "Negative",
      "lb_FAC8INHN": "<0.4",
      "lb_PEGAB": "Negative",
      "lb_TRDUR_PA":  70.00,
      "lb_EDCNT_PA":  15,
      "_orderN": 80,
      "_n_free": 0,
      "_n_tog": 0,
      "_n_tog_uni":       24,
      "_n_freeR": 0,
      "_n_togR": 0,
      "_obsid_": 80,
      "_1_b1": 0,
      "_1_b2": 0,
      "_1_b3": 0,
      "_1_b4": 0,
      "_1_b5": 1
    },
    {
      "USUBJID": "19764240030001",
      "DOSGRPN": "Every 7 days",
      "UASRE": "19764240030001/36/M/W/HL",
      "LBDY":       46,
      "LBDT": "13JUL2020",
      "LB_TC": "11:38",
      "lb_AB949027": "",
      "lb_FAC8INHN": "<0.4",
      "lb_PEGAB": "",
      "lb_TRDUR_PA":  70.00,
      "lb_EDCNT_PA":  15,
      "_orderN": 81,
      "_n_free": 0,
      "_n_tog": 0,
      "_n_tog_uni":       24,
      "_n_freeR": 1,
      "_n_togR": 1,
      "_obsid_": 81,
      "_1_b1": 0,
      "_1_b2": 0,
      "_1_b3": 0,
      "_1_b4": 0,
      "_1_b5": 1
    },
    {
      "USUBJID": "19764350010002",
      "DOSGRPN": "Every 7 days",
      "UASRE": "19764350010002/23/M/W/NHL",
      "LBDY":      -45,
      "LBDT": "27SEP2019",
      "LB_TC": "11:09",
      "lb_AB949027": "Negative",
      "lb_FAC8INHN": "<0.4",
      "lb_PEGAB": "Negative",
      "lb_TRDUR_PA": 284.24,
      "lb_EDCNT_PA":  45,
      "_orderN": 82,
      "_n_free": 1,
      "_n_tog": 1,
      "_n_tog_uni":       25,
      "_n_freeR": 0,
      "_n_togR": 0,
      "_obsid_": 82,
      "_1_b1": 1,
      "_1_b2": 1,
      "_1_b3": 1,
      "_1_b4": 1,
      "_1_b5": 1
    },
    {
      "USUBJID": "19764350010002",
      "DOSGRPN": "Every 7 days",
      "UASRE": "19764350010002/23/M/W/NHL",
      "LBDY":        1,
      "LBDT": "11NOV2019",
      "LB_TC": "10:44",
      "lb_AB949027": "Negative",
      "lb_FAC8INHN": "<0.4",
      "lb_PEGAB": "Negative",
      "lb_TRDUR_PA": 284.24,
      "lb_EDCNT_PA":  45,
      "_orderN": 83,
      "_n_free": 0,
      "_n_tog": 0,
      "_n_tog_uni":       25,
      "_n_freeR": 0,
      "_n_togR": 0,
      "_obsid_": 83,
      "_1_b1": 0,
      "_1_b2": 0,
      "_1_b3": 0,
      "_1_b4": 0,
      "_1_b5": 1
    },
    {
      "USUBJID": "19764350010002",
      "DOSGRPN": "Every 7 days",
      "UASRE": "19764350010002/23/M/W/NHL",
      "LBDY":       61,
      "LBDT": "10JAN2020",
      "LB_TC": "10:56",
      "lb_AB949027": "Negative",
      "lb_FAC8INHN": "<0.4",
      "lb_PEGAB": "Negative",
      "lb_TRDUR_PA": 284.24,
      "lb_EDCNT_PA":  45,
      "_orderN": 84,
      "_n_free": 0,
      "_n_tog": 0,
      "_n_tog_uni":       25,
      "_n_freeR": 0,
      "_n_togR": 0,
      "_obsid_": 84,
      "_1_b1": 0,
      "_1_b2": 0,
      "_1_b3": 0,
      "_1_b4": 0,
      "_1_b5": 1
    },
    {
      "USUBJID": "19764350010002",
      "DOSGRPN": "Every 7 days",
      "UASRE": "19764350010002/23/M/W/NHL",
      "LBDY":      192,
      "LBDT": "20MAY2020",
      "LB_TC": "09:28",
      "lb_AB949027": "Negative",
      "lb_FAC8INHN": "<0.4",
      "lb_PEGAB": "Negative",
      "lb_TRDUR_PA": 284.24,
      "lb_EDCNT_PA":  45,
      "_orderN": 85,
      "_n_free": 0,
      "_n_tog": 0,
      "_n_tog_uni":       25,
      "_n_freeR": 1,
      "_n_togR": 1,
      "_obsid_": 85,
      "_1_b1": 0,
      "_1_b2": 0,
      "_1_b3": 0,
      "_1_b4": 0,
      "_1_b5": 1
    },
    {
      "USUBJID": "19764350010005",
      "DOSGRPN": "Every 7 days",
      "UASRE": "19764350010005/64/M/W/NHL",
      "LBDY":      -53,
      "LBDT": "07OCT2019",
      "LB_TC": "11:40",
      "lb_AB949027": "Negative",
      "lb_FAC8INHN": "<0.4",
      "lb_PEGAB": "Negative",
      "lb_TRDUR_PA": 268.91,
      "lb_EDCNT_PA":  43,
      "_orderN": 86,
      "_n_free": 1,
      "_n_tog": 1,
      "_n_tog_uni":       26,
      "_n_freeR": 0,
      "_n_togR": 0,
      "_obsid_": 86,
      "_1_b1": 1,
      "_1_b2": 1,
      "_1_b3": 1,
      "_1_b4": 1,
      "_1_b5": 1
    },
    {
      "USUBJID": "19764350010005",
      "DOSGRPN": "Every 7 days",
      "UASRE": "19764350010005/64/M/W/NHL",
      "LBDY":        1,
      "LBDT": "29NOV2019",
      "LB_TC": "12:01",
      "lb_AB949027": "Negative",
      "lb_FAC8INHN": "<0.4",
      "lb_PEGAB": "Negative",
      "lb_TRDUR_PA": 268.91,
      "lb_EDCNT_PA":  43,
      "_orderN": 87,
      "_n_free": 0,
      "_n_tog": 0,
      "_n_tog_uni":       26,
      "_n_freeR": 0,
      "_n_togR": 0,
      "_obsid_": 87,
      "_1_b1": 0,
      "_1_b2": 0,
      "_1_b3": 0,
      "_1_b4": 0,
      "_1_b5": 1
    },
    {
      "USUBJID": "19764350010005",
      "DOSGRPN": "Every 7 days",
      "UASRE": "19764350010005/64/M/W/NHL",
      "LBDY":       60,
      "LBDT": "27JAN2020",
      "LB_TC": "11:50",
      "lb_AB949027": "Negative",
      "lb_FAC8INHN": "<0.4",
      "lb_PEGAB": "Negative",
      "lb_TRDUR_PA": 268.91,
      "lb_EDCNT_PA":  43,
      "_orderN": 88,
      "_n_free": 0,
      "_n_tog": 0,
      "_n_tog_uni":       26,
      "_n_freeR": 0,
      "_n_togR": 0,
      "_obsid_": 88,
      "_1_b1": 0,
      "_1_b2": 0,
      "_1_b3": 0,
      "_1_b4": 0,
      "_1_b5": 1
    },
    {
      "USUBJID": "19764350010005",
      "DOSGRPN": "Every 7 days",
      "UASRE": "19764350010005/64/M/W/NHL",
      "LBDY":      179,
      "LBDT": "25MAY2020",
      "LB_TC": "11:18",
      "lb_AB949027": "Negative",
      "lb_FAC8INHN": "<0.4",
      "lb_PEGAB": "Negative",
      "lb_TRDUR_PA": 268.91,
      "lb_EDCNT_PA":  43,
      "_orderN": 89,
      "_n_free": 0,
      "_n_tog": 0,
      "_n_tog_uni":       26,
      "_n_freeR": 1,
      "_n_togR": 1,
      "_obsid_": 89,
      "_1_b1": 0,
      "_1_b2": 0,
      "_1_b3": 0,
      "_1_b4": 0,
      "_1_b5": 1
    },
    {
      "USUBJID": "19764360010001",
      "DOSGRPN": "Every 7 days",
      "UASRE": "19764360010001/68/M/W/NHL",
      "LBDY":      -49,
      "LBDT": "17DEC2019",
      "LB_TC": "09:30",
      "lb_AB949027": "Negative",
      "lb_FAC8INHN": "<0.4",
      "lb_PEGAB": "Negative",
      "lb_TRDUR_PA": 202.92,
      "lb_EDCNT_PA":  34,
      "_orderN": 90,
      "_n_free": 1,
      "_n_tog": 1,
      "_n_tog_uni":       27,
      "_n_freeR": 0,
      "_n_togR": 0,
      "_obsid_": 90,
      "_1_b1": 1,
      "_1_b2": 1,
      "_1_b3": 1,
      "_1_b4": 1,
      "_1_b5": 1
    },
    {
      "USUBJID": "19764360010001",
      "DOSGRPN": "Every 7 days",
      "UASRE": "19764360010001/68/M/W/NHL",
      "LBDY":        1,
      "LBDT": "04FEB2020",
      "LB_TC": "10:15",
      "lb_AB949027": "Negative",
      "lb_FAC8INHN": "<0.4",
      "lb_PEGAB": "Negative",
      "lb_TRDUR_PA": 202.92,
      "lb_EDCNT_PA":  34,
      "_orderN": 91,
      "_n_free": 0,
      "_n_tog": 0,
      "_n_tog_uni":       27,
      "_n_freeR": 0,
      "_n_togR": 0,
      "_obsid_": 91,
      "_1_b1": 0,
      "_1_b2": 0,
      "_1_b3": 0,
      "_1_b4": 0,
      "_1_b5": 1
    },
    {
      "USUBJID": "19764360010001",
      "DOSGRPN": "Every 7 days",
      "UASRE": "19764360010001/68/M/W/NHL",
      "LBDY":       50,
      "LBDT": "24MAR2020",
      "LB_TC": "10:00",
      "lb_AB949027": "Negative",
      "lb_FAC8INHN": "<0.4",
      "lb_PEGAB": "Negative",
      "lb_TRDUR_PA": 202.92,
      "lb_EDCNT_PA":  34,
      "_orderN": 92,
      "_n_free": 0,
      "_n_tog": 0,
      "_n_tog_uni":       27,
      "_n_freeR": 0,
      "_n_togR": 0,
      "_obsid_": 92,
      "_1_b1": 0,
      "_1_b2": 0,
      "_1_b3": 0,
      "_1_b4": 0,
      "_1_b5": 1
    },
    {
      "USUBJID": "19764360010001",
      "DOSGRPN": "Every 7 days",
      "UASRE": "19764360010001/68/M/W/NHL",
      "LBDY":      197,
      "LBDT": "18AUG2020",
      "LB_TC": "09:09",
      "lb_AB949027": "",
      "lb_FAC8INHN": "<0.4",
      "lb_PEGAB": "",
      "lb_TRDUR_PA": 202.92,
      "lb_EDCNT_PA":  34,
      "_orderN": 93,
      "_n_free": 0,
      "_n_tog": 0,
      "_n_tog_uni":       27,
      "_n_freeR": 1,
      "_n_togR": 1,
      "_obsid_": 93,
      "_1_b1": 0,
      "_1_b2": 0,
      "_1_b3": 0,
      "_1_b4": 0,
      "_1_b5": 1
    },
    {
      "USUBJID": "19764220010003",
      "DOSGRPN": "Variable frequency",
      "UASRE": "19764220010003/66/M/W/NHL",
      "LBDY":      -26,
      "LBDT": "30JAN2020",
      "LB_TC": "10:30",
      "lb_AB949027": "Negative",
      "lb_FAC8INHN": "<0.4",
      "lb_PEGAB": "Negative",
      "lb_TRDUR_PA": 185.19,
      "lb_EDCNT_PA":  41,
      "_orderN": 94,
      "_n_free": 1,
      "_n_tog": 1,
      "_n_tog_uni":       28,
      "_n_freeR": 0,
      "_n_togR": 0,
      "_obsid_": 94,
      "_1_b1": 1,
      "_1_b2": 1,
      "_1_b3": 1,
      "_1_b4": 1,
      "_1_b5": 1
    },
    {
      "USUBJID": "19764220010003",
      "DOSGRPN": "Variable frequency",
      "UASRE": "19764220010003/66/M/W/NHL",
      "LBDY":        1,
      "LBDT": "25FEB2020",
      "LB_TC": "12:00",
      "lb_AB949027": "Negative",
      "lb_FAC8INHN": "<0.4",
      "lb_PEGAB": "Negative",
      "lb_TRDUR_PA": 185.19,
      "lb_EDCNT_PA":  41,
      "_orderN": 95,
      "_n_free": 0,
      "_n_tog": 0,
      "_n_tog_uni":       28,
      "_n_freeR": 0,
      "_n_togR": 0,
      "_obsid_": 95,
      "_1_b1": 0,
      "_1_b2": 0,
      "_1_b3": 0,
      "_1_b4": 0,
      "_1_b5": 1
    },
    {
      "USUBJID": "19764220010003",
      "DOSGRPN": "Variable frequency",
      "UASRE": "19764220010003/66/M/W/NHL",
      "LBDY":       74,
      "LBDT": "08MAY2020",
      "LB_TC": "",
      "lb_AB949027": "",
      "lb_FAC8INHN": "<0.4",
      "lb_PEGAB": "",
      "lb_TRDUR_PA": 185.19,
      "lb_EDCNT_PA":  41,
      "_orderN": 96,
      "_n_free": 0,
      "_n_tog": 0,
      "_n_tog_uni":       28,
      "_n_freeR": 0,
      "_n_togR": 0,
      "_obsid_": 96,
      "_1_b1": 0,
      "_1_b2": 0,
      "_1_b3": 0,
      "_1_b4": 0,
      "_1_b5": 1
    },
    {
      "USUBJID": "19764220010003",
      "DOSGRPN": "Variable frequency",
      "UASRE": "19764220010003/66/M/W/NHL",
      "LBDY":       74,
      "LBDT": "08MAY2020",
      "LB_TC": "10:20",
      "lb_AB949027": "Negative",
      "lb_FAC8INHN": "<0.4",
      "lb_PEGAB": "Negative",
      "lb_TRDUR_PA": 185.19,
      "lb_EDCNT_PA":  41,
      "_orderN": 97,
      "_n_free": 0,
      "_n_tog": 0,
      "_n_tog_uni":       28,
      "_n_freeR": 1,
      "_n_togR": 1,
      "_obsid_": 97,
      "_1_b1": 0,
      "_1_b2": 0,
      "_1_b3": 0,
      "_1_b4": 0,
      "_1_b5": 0
    },
    {
      "USUBJID": "19764220010004",
      "DOSGRPN": "Variable frequency",
      "UASRE": "19764220010004/64/M/W/NHL",
      "LBDY":      -75,
      "LBDT": "27FEB2020",
      "LB_TC": "10:00",
      "lb_AB949027": "Negative",
      "lb_FAC8INHN": "<0.4",
      "lb_PEGAB": "Negative",
      "lb_TRDUR_PA": 107.22,
      "lb_EDCNT_PA":  28,
      "_orderN": 98,
      "_n_free": 1,
      "_n_tog": 1,
      "_n_tog_uni":       29,
      "_n_freeR": 0,
      "_n_togR": 0,
      "_obsid_": 98,
      "_1_b1": 1,
      "_1_b2": 1,
      "_1_b3": 1,
      "_1_b4": 1,
      "_1_b5": 1
    },
    {
      "USUBJID": "19764220010004",
      "DOSGRPN": "Variable frequency",
      "UASRE": "19764220010004/64/M/W/NHL",
      "LBDY":        1,
      "LBDT": "12MAY2020",
      "LB_TC": "12:45",
      "lb_AB949027": "Negative",
      "lb_FAC8INHN": "<0.4",
      "lb_PEGAB": "Negative",
      "lb_TRDUR_PA": 107.22,
      "lb_EDCNT_PA":  28,
      "_orderN": 99,
      "_n_free": 0,
      "_n_tog": 0,
      "_n_tog_uni":       29,
      "_n_freeR": 0,
      "_n_togR": 0,
      "_obsid_": 99,
      "_1_b1": 0,
      "_1_b2": 0,
      "_1_b3": 0,
      "_1_b4": 0,
      "_1_b5": 1
    },
    {
      "USUBJID": "19764220010004",
      "DOSGRPN": "Variable frequency",
      "UASRE": "19764220010004/64/M/W/NHL",
      "LBDY":       36,
      "LBDT": "16JUN2020",
      "LB_TC": "10:00",
      "lb_AB949027": "",
      "lb_FAC8INHN": "<0.4",
      "lb_PEGAB": "",
      "lb_TRDUR_PA": 107.22,
      "lb_EDCNT_PA":  28,
      "_orderN": 100,
      "_n_free": 0,
      "_n_tog": 0,
      "_n_tog_uni":       29,
      "_n_freeR": 1,
      "_n_togR": 1,
      "_obsid_": 100,
      "_1_b1": 0,
      "_1_b2": 0,
      "_1_b3": 0,
      "_1_b4": 0,
      "_1_b5": 1
    },
    {
      "USUBJID": "19764240020001",
      "DOSGRPN": "Variable frequency",
      "UASRE": "19764240020001/42/M/W/HL",
      "LBDY":      -26,
      "LBDT": "31OCT2019",
      "LB_TC": "11:40",
      "lb_AB949027": "Negative",
      "lb_FAC8INHN": "<0.4",
      "lb_PEGAB": "Negative",
      "lb_TRDUR_PA": 273.99,
      "lb_EDCNT_PA":  55,
      "_orderN": 101,
      "_n_free": 1,
      "_n_tog": 1,
      "_n_tog_uni":       30,
      "_n_freeR": 0,
      "_n_togR": 0,
      "_obsid_": 101,
      "_1_b1": 1,
      "_1_b2": 1,
      "_1_b3": 1,
      "_1_b4": 1,
      "_1_b5": 1
    },
    {
      "USUBJID": "19764240020001",
      "DOSGRPN": "Variable frequency",
      "UASRE": "19764240020001/42/M/W/HL",
      "LBDY":        1,
      "LBDT": "26NOV2019",
      "LB_TC": "11:35",
      "lb_AB949027": "Negative",
      "lb_FAC8INHN": "<0.4",
      "lb_PEGAB": "Negative",
      "lb_TRDUR_PA": 273.99,
      "lb_EDCNT_PA":  55,
      "_orderN": 102,
      "_n_free": 0,
      "_n_tog": 0,
      "_n_tog_uni":       30,
      "_n_freeR": 0,
      "_n_togR": 0,
      "_obsid_": 102,
      "_1_b1": 0,
      "_1_b2": 0,
      "_1_b3": 0,
      "_1_b4": 0,
      "_1_b5": 1
    },
    {
      "USUBJID": "19764240020001",
      "DOSGRPN": "Variable frequency",
      "UASRE": "19764240020001/42/M/W/HL",
      "LBDY":       72,
      "LBDT": "05FEB2020",
      "LB_TC": "12:05",
      "lb_AB949027": "Negative",
      "lb_FAC8INHN": "<0.4",
      "lb_PEGAB": "Negative",
      "lb_TRDUR_PA": 273.99,
      "lb_EDCNT_PA":  55,
      "_orderN": 103,
      "_n_free": 0,
      "_n_tog": 0,
      "_n_tog_uni":       30,
      "_n_freeR": 0,
      "_n_togR": 0,
      "_obsid_": 103,
      "_1_b1": 0,
      "_1_b2": 0,
      "_1_b3": 0,
      "_1_b4": 0,
      "_1_b5": 1
    },
    {
      "USUBJID": "19764240020001",
      "DOSGRPN": "Variable frequency",
      "UASRE": "19764240020001/42/M/W/HL",
      "LBDY":      193,
      "LBDT": "05JUN2020",
      "LB_TC": "10:38",
      "lb_AB949027": "Negative",
      "lb_FAC8INHN": "<0.4",
      "lb_PEGAB": "Negative",
      "lb_TRDUR_PA": 273.99,
      "lb_EDCNT_PA":  55,
      "_orderN": 104,
      "_n_free": 0,
      "_n_tog": 0,
      "_n_tog_uni":       30,
      "_n_freeR": 1,
      "_n_togR": 1,
      "_obsid_": 104,
      "_1_b1": 0,
      "_1_b2": 0,
      "_1_b3": 0,
      "_1_b4": 0,
      "_1_b5": 1
    },
    {
      "USUBJID": "19764360010002",
      "DOSGRPN": "Variable frequency",
      "UASRE": "19764360010002/42/M/W/NHL",
      "LBDY":      -49,
      "LBDT": "17DEC2019",
      "LB_TC": "11:30",
      "lb_AB949027": "Negative",
      "lb_FAC8INHN": "<0.4",
      "lb_PEGAB": "Negative",
      "lb_TRDUR_PA": 205.94,
      "lb_EDCNT_PA":  46,
      "_orderN": 105,
      "_n_free": 1,
      "_n_tog": 1,
      "_n_tog_uni":       31,
      "_n_freeR": 0,
      "_n_togR": 0,
      "_obsid_": 105,
      "_1_b1": 1,
      "_1_b2": 1,
      "_1_b3": 1,
      "_1_b4": 1,
      "_1_b5": 1
    },
    {
      "USUBJID": "19764360010002",
      "DOSGRPN": "Variable frequency",
      "UASRE": "19764360010002/42/M/W/NHL",
      "LBDY":        1,
      "LBDT": "04FEB2020",
      "LB_TC": "11:19",
      "lb_AB949027": "Negative",
      "lb_FAC8INHN": "<0.4",
      "lb_PEGAB": "Negative",
      "lb_TRDUR_PA": 205.94,
      "lb_EDCNT_PA":  46,
      "_orderN": 106,
      "_n_free": 0,
      "_n_tog": 0,
      "_n_tog_uni":       31,
      "_n_freeR": 0,
      "_n_togR": 0,
      "_obsid_": 106,
      "_1_b1": 0,
      "_1_b2": 0,
      "_1_b3": 0,
      "_1_b4": 0,
      "_1_b5": 1
    },
    {
      "USUBJID": "19764360010002",
      "DOSGRPN": "Variable frequency",
      "UASRE": "19764360010002/42/M/W/NHL",
      "LBDY":       50,
      "LBDT": "24MAR2020",
      "LB_TC": "11:00",
      "lb_AB949027": "Negative",
      "lb_FAC8INHN": "<0.4",
      "lb_PEGAB": "Negative",
      "lb_TRDUR_PA": 205.94,
      "lb_EDCNT_PA":  46,
      "_orderN": 107,
      "_n_free": 0,
      "_n_tog": 0,
      "_n_tog_uni":       31,
      "_n_freeR": 0,
      "_n_togR": 0,
      "_obsid_": 107,
      "_1_b1": 0,
      "_1_b2": 0,
      "_1_b3": 0,
      "_1_b4": 0,
      "_1_b5": 1
    },
    {
      "USUBJID": "19764360010002",
      "DOSGRPN": "Variable frequency",
      "UASRE": "19764360010002/42/M/W/NHL",
      "LBDY":      197,
      "LBDT": "18AUG2020",
      "LB_TC": "09:37",
      "lb_AB949027": "",
      "lb_FAC8INHN": "<0.4",
      "lb_PEGAB": "",
      "lb_TRDUR_PA": 205.94,
      "lb_EDCNT_PA":  46,
      "_orderN": 108,
      "_n_free": 0,
      "_n_tog": 0,
      "_n_tog_uni":       31,
      "_n_freeR": 1,
      "_n_togR": 1,
      "_obsid_": 108,
      "_1_b1": 0,
      "_1_b2": 0,
      "_1_b3": 0,
      "_1_b4": 0,
      "_1_b5": 1
    },
    {
      "USUBJID": "19764410030001",
      "DOSGRPN": "Variable frequency",
      "UASRE": "19764410030001/23/M/W/NHL",
      "LBDY":      -47,
      "LBDT": "23OCT2019",
      "LB_TC": "10:30",
      "lb_AB949027": "Negative",
      "lb_FAC8INHN": "<0.4",
      "lb_PEGAB": "Negative",
      "lb_TRDUR_PA": 257.04,
      "lb_EDCNT_PA":  80,
      "_orderN": 109,
      "_n_free": 1,
      "_n_tog": 1,
      "_n_tog_uni":       32,
      "_n_freeR": 0,
      "_n_togR": 0,
      "_obsid_": 109,
      "_1_b1": 1,
      "_1_b2": 1,
      "_1_b3": 1,
      "_1_b4": 1,
      "_1_b5": 1
    },
    {
      "USUBJID": "19764410030001",
      "DOSGRPN": "Variable frequency",
      "UASRE": "19764410030001/23/M/W/NHL",
      "LBDY":        1,
      "LBDT": "09DEC2019",
      "LB_TC": "09:05",
      "lb_AB949027": "Negative",
      "lb_FAC8INHN": "<0.4",
      "lb_PEGAB": "Negative",
      "lb_TRDUR_PA": 257.04,
      "lb_EDCNT_PA":  80,
      "_orderN": 110,
      "_n_free": 0,
      "_n_tog": 0,
      "_n_tog_uni":       32,
      "_n_freeR": 0,
      "_n_togR": 0,
      "_obsid_": 110,
      "_1_b1": 0,
      "_1_b2": 0,
      "_1_b3": 0,
      "_1_b4": 0,
      "_1_b5": 1
    },
    {
      "USUBJID": "19764410030001",
      "DOSGRPN": "Variable frequency",
      "UASRE": "19764410030001/23/M/W/NHL",
      "LBDY":       37,
      "LBDT": "14JAN2020",
      "LB_TC": "11:00",
      "lb_AB949027": "Negative",
      "lb_FAC8INHN": "<0.4",
      "lb_PEGAB": "Negative",
      "lb_TRDUR_PA": 257.04,
      "lb_EDCNT_PA":  80,
      "_orderN": 111,
      "_n_free": 0,
      "_n_tog": 0,
      "_n_tog_uni":       32,
      "_n_freeR": 0,
      "_n_togR": 0,
      "_obsid_": 111,
      "_1_b1": 0,
      "_1_b2": 0,
      "_1_b3": 0,
      "_1_b4": 0,
      "_1_b5": 1
    },
    {
      "USUBJID": "19764410030001",
      "DOSGRPN": "Variable frequency",
      "UASRE": "19764410030001/23/M/W/NHL",
      "LBDY":       65,
      "LBDT": "11FEB2020",
      "LB_TC": "10:41",
      "lb_AB949027": "Negative",
      "lb_FAC8INHN": "<0.4",
      "lb_PEGAB": "Negative",
      "lb_TRDUR_PA": 257.04,
      "lb_EDCNT_PA":  80,
      "_orderN": 112,
      "_n_free": 0,
      "_n_tog": 0,
      "_n_tog_uni":       32,
      "_n_freeR": 0,
      "_n_togR": 0,
      "_obsid_": 112,
      "_1_b1": 0,
      "_1_b2": 0,
      "_1_b3": 0,
      "_1_b4": 0,
      "_1_b5": 1
    },
    {
      "USUBJID": "19764410030001",
      "DOSGRPN": "Variable frequency",
      "UASRE": "19764410030001/23/M/W/NHL",
      "LBDY":      204,
      "LBDT": "29JUN2020",
      "LB_TC": "11:30",
      "lb_AB949027": "",
      "lb_FAC8INHN": "<0.4",
      "lb_PEGAB": "",
      "lb_TRDUR_PA": 257.04,
      "lb_EDCNT_PA":  80,
      "_orderN": 113,
      "_n_free": 0,
      "_n_tog": 0,
      "_n_tog_uni":       32,
      "_n_freeR": 1,
      "_n_togR": 1,
      "_obsid_": 113,
      "_1_b1": 0,
      "_1_b2": 0,
      "_1_b3": 0,
      "_1_b4": 0,
      "_1_b5": 1
    }
  ]
]
