[
  "SASJSONExport",
  "1.0 PRETTY FMTCHARACTER FMTNUMERIC",
  "SASTableData+PROPERTIES_OBJECT",
  [
    {
      "Report_Number": "Table 1.2 / 6",
      "Number_of_Titles": 1,
      "Title1": "Table: Summary of treated target joint bleeds (intent to treat - subjects with at least 24 weeks of treatment duration and with target joint at baseline)",
      "Title2": "",
      "Title3": "",
      "Title4": "",
      "Title5": "",
      "Title6": "",
      "Title7": "",
      "Title8": "",
      "Title9": "",
      "Title10": "",
      "Number_of_Footnotes": 4,
      "Footnote1": "Target joint bleed: Joint bleed into a joint that was specified as target joint at baseline.",
      "Footnote2": "Total bleeds = treated bleeds",
      "Footnote3": "",
      "Footnote4": "Bayer: /var/swan/root/bhc/949027/19764/stat/main01/dev/analysis/pgms/t_bleeds_target_treated_24wt.sas      05OCT2020 14:51",
      "Footnote5": "",
      "Footnote6": "",
      "Footnote7": "",
      "Footnote8": "",
      "Footnote9": "",
      "Footnote10": "",
      "_datalist_program_name": "t_bleeds_target_treated_24w",
      "_datalist_report_name": "t_bleeds_target_treated_24w_1",
      "_datalist_by_without_order": "text",
      "_datalist_page_without_order": "",
      "_datalist_page_title": "",
      "_datalist_DateTime": "05OCT20:14:51:48",
      "_datalist_Filename": "t_bleeds_target_treated_24wt",
      "_datalist_FilenameListing": "t_bleeds_target_treated_24wt",
      "_datalist_FilenameRTF": "t_bleeds_target_treated_24wt",
      "_datalist_IsPhysicalName": "YES",
      "_datalist_NumberOfOutputObservat": "20",
      "_datalist_PageGroupNumber": "1",
      "_datalist_Prog": "t_bleeds_target_treated_24wt",
      "_datalist_TablesbyObservation": "1",
      "_datalist_TablesbyValues": "",
      "_datalist_TablesbyVariables": "",
      "_datalist_BY": "_posi_ _nr_ pos _widownr _newvar _ord_ _kind_ text",
      "_datalist_BYLEN": "",
      "_datalist_CONTBY": "",
      "_datalist_DATA": "out",
      "_datalist_FREELINE": "_posi_",
      "_datalist_HB_ALIGN": "CENTER",
      "_datalist_HC_ALIGN": "",
      "_datalist_HN_ALIGN": "",
      "_datalist_HSPLIT": "'@'",
      "_datalist_HV_ALIGN": "CENTER",
      "_datalist_IGNORE_PRESPACE": "NO",
      "_datalist_LABEL": "NO",
      "_datalist_LAYOUT": "STANDARD",
      "_datalist_MAXLEN": "20",
      "_datalist_NCOLUMN1": "col1 col2 col3 col4",
      "_datalist_OPTIMAL": "NO",
      "_datalist_ORDER": "_posi_ _nr_ pos _widownr _newvar _kind_ _ord_",
      "_datalist_ORDER_VAR": "",
      "_datalist_PAGE": "",
      "_datalist_POSTVAR": "",
      "_datalist_PRINT_EMPTY": "YES",
      "_datalist_REPBY": "NO",
      "_datalist_SPACE": "2",
      "_datalist_SPLIT": "'/ *'",
      "_datalist_SPLITBY": "YES",
      "_datalist_TABLESBY": "",
      "_datalist_TOGETHER": "_posi_",
      "_datalist_TRANSPOSE": "",
      "_datalist_VAR": "col1 col2 col3 col4",
      "_datalist_VERTICAL_HEADER": "",
      "_datalist_var_actual": "col4 col1 col2 col3 text _nr_ _kind_ _ord_ _newvar _widownr pos _posi_ error _orderN _n_free _n_tog _n_tog_uni _n_freeR _n_togR _obsid_ _1_b1 _1_b2 _1_b3 _1_b4 _1_b5 _1_b6 _1_b7 _1_b8"
    }
  ],
  "SASJSONExport",
  "1.0 PRETTY FMTCHARACTER FMTNUMERIC",
  "SASTableData+HEADER_OBJECT",
  [
    {
      "NAME": "_1_b1",
      "LABEL": "_1_b1"
    },
    {
      "NAME": "_1_b2",
      "LABEL": "_1_b2"
    },
    {
      "NAME": "_1_b3",
      "LABEL": "_1_b3"
    },
    {
      "NAME": "_1_b4",
      "LABEL": "_1_b4"
    },
    {
      "NAME": "_1_b5",
      "LABEL": "_1_b5"
    },
    {
      "NAME": "_1_b6",
      "LABEL": "_1_b6"
    },
    {
      "NAME": "_1_b7",
      "LABEL": "_1_b7"
    },
    {
      "NAME": "_1_b8",
      "LABEL": "_1_b8"
    },
    {
      "NAME": "_kind_",
      "LABEL": "order variable"
    },
    {
      "NAME": "_n_free",
      "LABEL": "Freeline indicator variable"
    },
    {
      "NAME": "_n_freeR",
      "LABEL": "_n_freeR"
    },
    {
      "NAME": "_n_tog",
      "LABEL": "Together indicator variable"
    },
    {
      "NAME": "_n_togR",
      "LABEL": "_n_togR"
    },
    {
      "NAME": "_n_tog_uni",
      "LABEL": "Together indicator with group blocks"
    },
    {
      "NAME": "_newvar",
      "LABEL": "order variable"
    },
    {
      "NAME": "_nr_",
      "LABEL": "_nr_"
    },
    {
      "NAME": "_obsid_",
      "LABEL": "_obsid_"
    },
    {
      "NAME": "_ord_",
      "LABEL": "order variable"
    },
    {
      "NAME": "_orderN",
      "LABEL": "_orderN"
    },
    {
      "NAME": "_posi_",
      "LABEL": "order, freeline and together variable"
    },
    {
      "NAME": "_widownr",
      "LABEL": "order variable"
    },
    {
      "NAME": "col1",
      "LABEL": "Every 5 days@(N=1)"
    },
    {
      "NAME": "col2",
      "LABEL": "Every 7 days@(N=1)"
    },
    {
      "NAME": "col3",
      "LABEL": "Variable frequency@(N=2)"
    },
    {
      "NAME": "col4",
      "LABEL": "Total@(N=4)"
    },
    {
      "NAME": "error",
      "LABEL": "error"
    },
    {
      "NAME": "pos",
      "LABEL": "order variable"
    },
    {
      "NAME": "text",
      "LABEL": "text"
    }
  ],
  "SASJSONExport",
  "1.0 PRETTY FMTCHARACTER FMTNUMERIC",
  "SASTableData+t_bleeds_target_treated_24w_1",
  [
    {
      "col4": "",
      "col1": "",
      "col2": "",
      "col3": "",
      "text": "Number of total target joint bleeds",
      "_nr_": 1,
      "_kind_": null,
      "_ord_": null,
      "_newvar": null,
      "_widownr": null,
      "pos": 0,
      "_posi_":        1,
      "error": 0,
      "_orderN": 1,
      "_n_free": 1,
      "_n_tog": 1,
      "_n_tog_uni":        1,
      "_n_freeR": 0,
      "_n_togR": 0,
      "_obsid_": 1,
      "_1_b1": 1,
      "_1_b2": 1,
      "_1_b3": 1,
      "_1_b4": 1,
      "_1_b5": 1,
      "_1_b6": 1,
      "_1_b7": 1,
      "_1_b8": 1
    },
    {
      "col4": " 2.0",
      "col1": "0.0",
      "col2": "0.0",
      "col3": " 4.0",
      "text": "   Mean",
      "_nr_": 1,
      "_kind_": null,
      "_ord_": null,
      "_newvar": null,
      "_widownr": null,
      "pos": 1,
      "_posi_":        1,
      "error": 0,
      "_orderN": 2,
      "_n_free": 0,
      "_n_tog": 0,
      "_n_tog_uni":        1,
      "_n_freeR": 0,
      "_n_togR": 0,
      "_obsid_": 2,
      "_1_b1": 0,
      "_1_b2": 0,
      "_1_b3": 1,
      "_1_b4": 1,
      "_1_b5": 1,
      "_1_b6": 1,
      "_1_b7": 1,
      "_1_b8": 1
    },
    {
      "col4": " 4.0",
      "col1": " .",
      "col2": " .",
      "col3": " 5.7",
      "text": "   SD",
      "_nr_": 1,
      "_kind_": null,
      "_ord_": null,
      "_newvar": null,
      "_widownr": null,
      "pos": 2,
      "_posi_":        1,
      "error": 0,
      "_orderN": 3,
      "_n_free": 0,
      "_n_tog": 0,
      "_n_tog_uni":        1,
      "_n_freeR": 0,
      "_n_togR": 0,
      "_obsid_": 3,
      "_1_b1": 0,
      "_1_b2": 0,
      "_1_b3": 1,
      "_1_b4": 1,
      "_1_b5": 1,
      "_1_b6": 1,
      "_1_b7": 1,
      "_1_b8": 1
    },
    {
      "col4": " 0",
      "col1": "0",
      "col2": "0",
      "col3": " 0",
      "text": "   Min",
      "_nr_": 1,
      "_kind_": null,
      "_ord_": null,
      "_newvar": null,
      "_widownr": null,
      "pos": 3,
      "_posi_":        1,
      "error": 0,
      "_orderN": 4,
      "_n_free": 0,
      "_n_tog": 0,
      "_n_tog_uni":        1,
      "_n_freeR": 0,
      "_n_togR": 0,
      "_obsid_": 4,
      "_1_b1": 0,
      "_1_b2": 0,
      "_1_b3": 1,
      "_1_b4": 1,
      "_1_b5": 1,
      "_1_b6": 1,
      "_1_b7": 1,
      "_1_b8": 1
    },
    {
      "col4": " 0.0",
      "col1": "0.0",
      "col2": "0.0",
      "col3": " 0.0",
      "text": "   Q1",
      "_nr_": 1,
      "_kind_": null,
      "_ord_": null,
      "_newvar": null,
      "_widownr": null,
      "pos": 4,
      "_posi_":        1,
      "error": 0,
      "_orderN": 5,
      "_n_free": 0,
      "_n_tog": 0,
      "_n_tog_uni":        1,
      "_n_freeR": 0,
      "_n_togR": 0,
      "_obsid_": 5,
      "_1_b1": 0,
      "_1_b2": 0,
      "_1_b3": 1,
      "_1_b4": 1,
      "_1_b5": 1,
      "_1_b6": 1,
      "_1_b7": 1,
      "_1_b8": 1
    },
    {
      "col4": " 0.0",
      "col1": "0.0",
      "col2": "0.0",
      "col3": " 4.0",
      "text": "   Median",
      "_nr_": 1,
      "_kind_": null,
      "_ord_": null,
      "_newvar": null,
      "_widownr": null,
      "pos": 5,
      "_posi_":        1,
      "error": 0,
      "_orderN": 6,
      "_n_free": 0,
      "_n_tog": 0,
      "_n_tog_uni":        1,
      "_n_freeR": 0,
      "_n_togR": 0,
      "_obsid_": 6,
      "_1_b1": 0,
      "_1_b2": 0,
      "_1_b3": 1,
      "_1_b4": 1,
      "_1_b5": 1,
      "_1_b6": 1,
      "_1_b7": 1,
      "_1_b8": 1
    },
    {
      "col4": " 4.0",
      "col1": "0.0",
      "col2": "0.0",
      "col3": " 8.0",
      "text": "   Q3",
      "_nr_": 1,
      "_kind_": null,
      "_ord_": null,
      "_newvar": null,
      "_widownr": null,
      "pos": 6,
      "_posi_":        1,
      "error": 0,
      "_orderN": 7,
      "_n_free": 0,
      "_n_tog": 0,
      "_n_tog_uni":        1,
      "_n_freeR": 0,
      "_n_togR": 0,
      "_obsid_": 7,
      "_1_b1": 0,
      "_1_b2": 0,
      "_1_b3": 1,
      "_1_b4": 1,
      "_1_b5": 1,
      "_1_b6": 1,
      "_1_b7": 1,
      "_1_b8": 1
    },
    {
      "col4": " 8",
      "col1": "0",
      "col2": "0",
      "col3": " 8",
      "text": "   Max",
      "_nr_": 1,
      "_kind_": null,
      "_ord_": null,
      "_newvar": null,
      "_widownr": null,
      "pos": 7,
      "_posi_":        1,
      "error": 0,
      "_orderN": 8,
      "_n_free": 0,
      "_n_tog": 0,
      "_n_tog_uni":        1,
      "_n_freeR": 0,
      "_n_togR": 0,
      "_obsid_": 8,
      "_1_b1": 0,
      "_1_b2": 0,
      "_1_b3": 1,
      "_1_b4": 1,
      "_1_b5": 1,
      "_1_b6": 1,
      "_1_b7": 1,
      "_1_b8": 1
    },
    {
      "col4": " 8",
      "col1": "0",
      "col2": "0",
      "col3": " 8",
      "text": "   Sum",
      "_nr_": 1,
      "_kind_": null,
      "_ord_": null,
      "_newvar": null,
      "_widownr": null,
      "pos": 8,
      "_posi_":        1,
      "error": 0,
      "_orderN": 9,
      "_n_free": 0,
      "_n_tog": 0,
      "_n_tog_uni":        1,
      "_n_freeR": 1,
      "_n_togR": 1,
      "_obsid_": 9,
      "_1_b1": 0,
      "_1_b2": 0,
      "_1_b3": 1,
      "_1_b4": 1,
      "_1_b5": 1,
      "_1_b6": 1,
      "_1_b7": 1,
      "_1_b8": 1
    },
    {
      "col4": "",
      "col1": "",
      "col2": "",
      "col3": "",
      "text": "Annualized number of total target joint bleeds",
      "_nr_": 2,
      "_kind_": null,
      "_ord_": null,
      "_newvar": null,
      "_widownr": null,
      "pos": 0,
      "_posi_":       10,
      "error": 0,
      "_orderN": 10,
      "_n_free": 1,
      "_n_tog": 1,
      "_n_tog_uni":        2,
      "_n_freeR": 0,
      "_n_togR": 0,
      "_obsid_": 10,
      "_1_b1": 1,
      "_1_b2": 1,
      "_1_b3": 1,
      "_1_b4": 1,
      "_1_b5": 1,
      "_1_b6": 1,
      "_1_b7": 1,
      "_1_b8": 1
    },
    {
      "col4": " 2.84",
      "col1": "0.00",
      "col2": "0.00",
      "col3": " 5.68",
      "text": "   Mean",
      "_nr_": 2,
      "_kind_": null,
      "_ord_": null,
      "_newvar": null,
      "_widownr": null,
      "pos": 9,
      "_posi_":       10,
      "error": 0,
      "_orderN": 11,
      "_n_free": 0,
      "_n_tog": 0,
      "_n_tog_uni":        2,
      "_n_freeR": 0,
      "_n_togR": 0,
      "_obsid_": 11,
      "_1_b1": 0,
      "_1_b2": 0,
      "_1_b3": 1,
      "_1_b4": 1,
      "_1_b5": 1,
      "_1_b6": 1,
      "_1_b7": 1,
      "_1_b8": 1
    },
    {
      "col4": " 5.68",
      "col1": " .",
      "col2": " .",
      "col3": " 8.04",
      "text": "   SD",
      "_nr_": 2,
      "_kind_": null,
      "_ord_": null,
      "_newvar": null,
      "_widownr": null,
      "pos": 10,
      "_posi_":       10,
      "error": 0,
      "_orderN": 12,
      "_n_free": 0,
      "_n_tog": 0,
      "_n_tog_uni":        2,
      "_n_freeR": 0,
      "_n_togR": 0,
      "_obsid_": 12,
      "_1_b1": 0,
      "_1_b2": 0,
      "_1_b3": 1,
      "_1_b4": 1,
      "_1_b5": 1,
      "_1_b6": 1,
      "_1_b7": 1,
      "_1_b8": 1
    },
    {
      "col4": " 0.0",
      "col1": "0.0",
      "col2": "0.0",
      "col3": " 0.0",
      "text": "   Min",
      "_nr_": 2,
      "_kind_": null,
      "_ord_": null,
      "_newvar": null,
      "_widownr": null,
      "pos": 11,
      "_posi_":       10,
      "error": 0,
      "_orderN": 13,
      "_n_free": 0,
      "_n_tog": 0,
      "_n_tog_uni":        2,
      "_n_freeR": 0,
      "_n_togR": 0,
      "_obsid_": 13,
      "_1_b1": 0,
      "_1_b2": 0,
      "_1_b3": 1,
      "_1_b4": 1,
      "_1_b5": 1,
      "_1_b6": 1,
      "_1_b7": 1,
      "_1_b8": 1
    },
    {
      "col4": " 0.00",
      "col1": "0.00",
      "col2": "0.00",
      "col3": " 0.00",
      "text": "   Q1",
      "_nr_": 2,
      "_kind_": null,
      "_ord_": null,
      "_newvar": null,
      "_widownr": null,
      "pos": 12,
      "_posi_":       10,
      "error": 0,
      "_orderN": 14,
      "_n_free": 0,
      "_n_tog": 0,
      "_n_tog_uni":        2,
      "_n_freeR": 0,
      "_n_togR": 0,
      "_obsid_": 14,
      "_1_b1": 0,
      "_1_b2": 0,
      "_1_b3": 1,
      "_1_b4": 1,
      "_1_b5": 1,
      "_1_b6": 1,
      "_1_b7": 1,
      "_1_b8": 1
    },
    {
      "col4": " 0.00",
      "col1": "0.00",
      "col2": "0.00",
      "col3": " 5.68",
      "text": "   Median",
      "_nr_": 2,
      "_kind_": null,
      "_ord_": null,
      "_newvar": null,
      "_widownr": null,
      "pos": 13,
      "_posi_":       10,
      "error": 0,
      "_orderN": 15,
      "_n_free": 0,
      "_n_tog": 0,
      "_n_tog_uni":        2,
      "_n_freeR": 0,
      "_n_togR": 0,
      "_obsid_": 15,
      "_1_b1": 0,
      "_1_b2": 0,
      "_1_b3": 1,
      "_1_b4": 1,
      "_1_b5": 1,
      "_1_b6": 1,
      "_1_b7": 1,
      "_1_b8": 1
    },
    {
      "col4": " 5.68",
      "col1": "0.00",
      "col2": "0.00",
      "col3": "11.37",
      "text": "   Q3",
      "_nr_": 2,
      "_kind_": null,
      "_ord_": null,
      "_newvar": null,
      "_widownr": null,
      "pos": 14,
      "_posi_":       10,
      "error": 0,
      "_orderN": 16,
      "_n_free": 0,
      "_n_tog": 0,
      "_n_tog_uni":        2,
      "_n_freeR": 0,
      "_n_togR": 0,
      "_obsid_": 16,
      "_1_b1": 0,
      "_1_b2": 0,
      "_1_b3": 1,
      "_1_b4": 1,
      "_1_b5": 1,
      "_1_b6": 1,
      "_1_b7": 1,
      "_1_b8": 1
    },
    {
      "col4": "11.4",
      "col1": "0.0",
      "col2": "0.0",
      "col3": "11.4",
      "text": "   Max",
      "_nr_": 2,
      "_kind_": null,
      "_ord_": null,
      "_newvar": null,
      "_widownr": null,
      "pos": 15,
      "_posi_":       10,
      "error": 0,
      "_orderN": 17,
      "_n_free": 0,
      "_n_tog": 0,
      "_n_tog_uni":        2,
      "_n_freeR": 1,
      "_n_togR": 1,
      "_obsid_": 17,
      "_1_b1": 0,
      "_1_b2": 0,
      "_1_b3": 1,
      "_1_b4": 1,
      "_1_b5": 1,
      "_1_b6": 1,
      "_1_b7": 1,
      "_1_b8": 1
    },
    {
      "col4": "",
      "col1": "",
      "col2": "",
      "col3": "",
      "text": "0 total target joint bleeds in the last 24 weeks of treatment",
      "_nr_": 1,
      "_kind_": 0,
      "_ord_": 1,
      "_newvar": 1,
      "_widownr": 2,
      "pos": null,
      "_posi_":       19,
      "error": 0,
      "_orderN": 18,
      "_n_free": 1,
      "_n_tog": 1,
      "_n_tog_uni":        3,
      "_n_freeR": 0,
      "_n_togR": 0,
      "_obsid_": 18,
      "_1_b1": 1,
      "_1_b2": 1,
      "_1_b3": 1,
      "_1_b4": 1,
      "_1_b5": 1,
      "_1_b6": 1,
      "_1_b7": 1,
      "_1_b8": 1
    },
    {
      "col4": "1 ( 25.0%)",
      "col1": "0",
      "col2": "0",
      "col3": "1 ( 50.0%)",
      "text": "   NO",
      "_nr_": 1,
      "_kind_": 9,
      "_ord_": 2,
      "_newvar": 2,
      "_widownr": 2,
      "pos": null,
      "_posi_":       19,
      "error": 0,
      "_orderN": 19,
      "_n_free": 0,
      "_n_tog": 0,
      "_n_tog_uni":        3,
      "_n_freeR": 0,
      "_n_togR": 0,
      "_obsid_": 19,
      "_1_b1": 0,
      "_1_b2": 0,
      "_1_b3": 0,
      "_1_b4": 0,
      "_1_b5": 1,
      "_1_b6": 1,
      "_1_b7": 1,
      "_1_b8": 1
    },
    {
      "col4": "3 ( 75.0%)",
      "col1": "1 (100.0%)",
      "col2": "1 (100.0%)",
      "col3": "1 ( 50.0%)",
      "text": "   YES",
      "_nr_": 1,
      "_kind_": 9,
      "_ord_": 3,
      "_newvar": 2,
      "_widownr": 2,
      "pos": null,
      "_posi_":       19,
      "error": 0,
      "_orderN": 20,
      "_n_free": 0,
      "_n_tog": 0,
      "_n_tog_uni":        3,
      "_n_freeR": 1,
      "_n_togR": 1,
      "_obsid_": 20,
      "_1_b1": 0,
      "_1_b2": 0,
      "_1_b3": 0,
      "_1_b4": 0,
      "_1_b5": 0,
      "_1_b6": 1,
      "_1_b7": 1,
      "_1_b8": 1
    }
  ]
]
