[
  "SASJSONExport",
  "1.0 PRETTY FMTCHARACTER FMTNUMERIC",
  "SASTableData+PROPERTIES_OBJECT",
  [
    {
      "Report_Number": "Table 1.2 / 2",
      "Number_of_Titles": 1,
      "Title1": "Table: Summary of all bleeds (intent to treat - subjects with at least 24 weeks of treatment duration)",
      "Title2": "",
      "Title3": "",
      "Title4": "",
      "Title5": "",
      "Title6": "",
      "Title7": "",
      "Title8": "",
      "Title9": "",
      "Title10": "",
      "Number_of_Footnotes": 4,
      "Footnote1": "Evaluation period covers time from baseline to end of data cut-off.",
      "Footnote2": "This table considers all bleeds, including untreated bleeds.",
      "Footnote3": "",
      "Footnote4": "Bayer: /var/swan/root/bhc/949027/19764/stat/main01/dev/analysis/pgms/t_bleeds_all_24w.sas      05OCT2020 14:51",
      "Footnote5": "",
      "Footnote6": "",
      "Footnote7": "",
      "Footnote8": "",
      "Footnote9": "",
      "Footnote10": "",
      "_datalist_program_name": "t_bleeds_all_24w",
      "_datalist_report_name": "t_bleeds_all_24w_1",
      "_datalist_by_without_order": "lbl_ana1 _stat_",
      "_datalist_page_without_order": "",
      "_datalist_page_title": "",
      "_datalist_DateTime": "05OCT20:14:51:43",
      "_datalist_Filename": "t_bleeds_all_24w",
      "_datalist_FilenameListing": "t_bleeds_all_24w",
      "_datalist_FilenameRTF": "t_bleeds_all_24w",
      "_datalist_IsPhysicalName": "YES",
      "_datalist_NumberOfOutputObservat": "60",
      "_datalist_PageGroupNumber": "1",
      "_datalist_Prog": "t_bleeds_all_24w",
      "_datalist_TablesbyObservation": "1",
      "_datalist_TablesbyValues": "",
      "_datalist_TablesbyVariables": "",
      "_datalist_BY": "_ldaor1 paramcd lbl_ana1 _togdif _statnr_ _stat_",
      "_datalist_BYLEN": "",
      "_datalist_CONTBY": "",
      "_datalist_DATA": "out",
      "_datalist_FREELINE": "_togdif",
      "_datalist_HB_ALIGN": "CENTER",
      "_datalist_HC_ALIGN": "",
      "_datalist_HN_ALIGN": "",
      "_datalist_HSPLIT": "'@'",
      "_datalist_HV_ALIGN": "CENTER",
      "_datalist_IGNORE_PRESPACE": "NO",
      "_datalist_LABEL": "NO",
      "_datalist_LAYOUT": "STANDARD",
      "_datalist_MAXLEN": "20",
      "_datalist_NCOLUMN1": "count1 count2 count3 count4 count5",
      "_datalist_OPTIMAL": "NO",
      "_datalist_ORDER": "_nr_ paramcd _statnr_ _togdif  _ldaor1",
      "_datalist_ORDER_VAR": "paramcd='NB_PA_AL' 'AB_PA_AL' 'NB_PA_SP' 'AB_PA_SP' 'NB_PA_TR' 'AB_PA_TR' 'NB_PA_JT' 'AB_PA_JT'",
      "_datalist_PAGE": "",
      "_datalist_POSTVAR": "",
      "_datalist_PRINT_EMPTY": "YES",
      "_datalist_REPBY": "NO",
      "_datalist_SPACE": "2",
      "_datalist_SPLIT": "'/ *'",
      "_datalist_SPLITBY": "YES",
      "_datalist_TABLESBY": "",
      "_datalist_TOGETHER": "_togdif",
      "_datalist_TRANSPOSE": "",
      "_datalist_VAR": "count1 count2 count3 count4 count5",
      "_datalist_VERTICAL_HEADER": "",
      "_datalist_var_actual": "_togdif count1 count2 count3 count4 count5 PARAMCD lbl_ana1 _statnr_ _stat_ _ldaor1 error _orderN _n_free _n_tog _n_tog_uni _n_freeR _n_togR _obsid_ _1_b1 _1_b2 _1_b3 _1_b4 _1_b5 _1_b6"
    }
  ],
  "SASJSONExport",
  "1.0 PRETTY FMTCHARACTER FMTNUMERIC",
  "SASTableData+HEADER_OBJECT",
  [
    {
      "NAME": "PARAMCD",
      "LABEL": "Parameter Code"
    },
    {
      "NAME": "_1_b1",
      "LABEL": "_1_b1"
    },
    {
      "NAME": "_1_b2",
      "LABEL": "_1_b2"
    },
    {
      "NAME": "_1_b3",
      "LABEL": "_1_b3"
    },
    {
      "NAME": "_1_b4",
      "LABEL": "_1_b4"
    },
    {
      "NAME": "_1_b5",
      "LABEL": "_1_b5"
    },
    {
      "NAME": "_1_b6",
      "LABEL": "_1_b6"
    },
    {
      "NAME": "_ldaor1",
      "LABEL": "_ldaor1"
    },
    {
      "NAME": "_n_free",
      "LABEL": "Freeline indicator variable"
    },
    {
      "NAME": "_n_freeR",
      "LABEL": "_n_freeR"
    },
    {
      "NAME": "_n_tog",
      "LABEL": "Together indicator variable"
    },
    {
      "NAME": "_n_togR",
      "LABEL": "_n_togR"
    },
    {
      "NAME": "_n_tog_uni",
      "LABEL": "Together indicator with group blocks"
    },
    {
      "NAME": "_obsid_",
      "LABEL": "_obsid_"
    },
    {
      "NAME": "_orderN",
      "LABEL": "_orderN"
    },
    {
      "NAME": "_stat_",
      "LABEL": "_stat_"
    },
    {
      "NAME": "_statnr_",
      "LABEL": "_statnr_"
    },
    {
      "NAME": "_togdif",
      "LABEL": "Variable used for TOGETHER and FREELINE"
    },
    {
      "NAME": "count1",
      "LABEL": "Twice a week@(N=2)"
    },
    {
      "NAME": "count2",
      "LABEL": "Every 5 days@(N=7)"
    },
    {
      "NAME": "count3",
      "LABEL": "Every 7 days@(N=5)"
    },
    {
      "NAME": "count4",
      "LABEL": "Variable frequency@(N=4)"
    },
    {
      "NAME": "count5",
      "LABEL": "Total@(N=18)"
    },
    {
      "NAME": "error",
      "LABEL": "error"
    },
    {
      "NAME": "lbl_ana1",
      "LABEL": "lbl_ana1"
    }
  ],
  "SASJSONExport",
  "1.0 PRETTY FMTCHARACTER FMTNUMERIC",
  "SASTableData+t_bleeds_all_24w_1",
  [
    {
      "_togdif": 5,
      "count1": " 4.5",
      "count2": " 2.0",
      "count3": "0.2",
      "count4": " 5.3",
      "count5": " 2.5",
      "PARAMCD": "Number of total bleeds - Part A",
      "lbl_ana1": "Number of all bleeds",
      "_statnr_": 1,
      "_stat_": "Mean",
      "_ldaor1": 1,
      "error": 0,
      "_orderN": 1,
      "_n_free": 1,
      "_n_tog": 1,
      "_n_tog_uni":        1,
      "_n_freeR": 0,
      "_n_togR": 0,
      "_obsid_": 1,
      "_1_b1": 1,
      "_1_b2": 1,
      "_1_b3": 1,
      "_1_b4": 1,
      "_1_b5": 1,
      "_1_b6": 1
    },
    {
      "_togdif": 5,
      "count1": " 4.9",
      "count2": " 1.9",
      "count3": "0.4",
      "count4": " 7.3",
      "count5": " 4.0",
      "PARAMCD": "Number of total bleeds - Part A",
      "lbl_ana1": "Number of all bleeds",
      "_statnr_": 2,
      "_stat_": "SD",
      "_ldaor1": 1,
      "error": 0,
      "_orderN": 2,
      "_n_free": 0,
      "_n_tog": 0,
      "_n_tog_uni":        1,
      "_n_freeR": 0,
      "_n_togR": 0,
      "_obsid_": 2,
      "_1_b1": 0,
      "_1_b2": 0,
      "_1_b3": 0,
      "_1_b4": 0,
      "_1_b5": 1,
      "_1_b6": 1
    },
    {
      "_togdif": 5,
      "count1": " 1",
      "count2": " 0",
      "count3": "0",
      "count4": " 0",
      "count5": " 0",
      "PARAMCD": "Number of total bleeds - Part A",
      "lbl_ana1": "Number of all bleeds",
      "_statnr_": 3,
      "_stat_": "Min",
      "_ldaor1": 1,
      "error": 0,
      "_orderN": 3,
      "_n_free": 0,
      "_n_tog": 0,
      "_n_tog_uni":        1,
      "_n_freeR": 0,
      "_n_togR": 0,
      "_obsid_": 3,
      "_1_b1": 0,
      "_1_b2": 0,
      "_1_b3": 0,
      "_1_b4": 0,
      "_1_b5": 1,
      "_1_b6": 1
    },
    {
      "_togdif": 5,
      "count1": " 1.0",
      "count2": " 1.0",
      "count3": "0.0",
      "count4": " 1.0",
      "count5": " 0.0",
      "PARAMCD": "Number of total bleeds - Part A",
      "lbl_ana1": "Number of all bleeds",
      "_statnr_": 4,
      "_stat_": "Q1",
      "_ldaor1": 1,
      "error": 0,
      "_orderN": 4,
      "_n_free": 0,
      "_n_tog": 0,
      "_n_tog_uni":        1,
      "_n_freeR": 0,
      "_n_togR": 0,
      "_obsid_": 4,
      "_1_b1": 0,
      "_1_b2": 0,
      "_1_b3": 0,
      "_1_b4": 0,
      "_1_b5": 1,
      "_1_b6": 1
    },
    {
      "_togdif": 5,
      "count1": " 4.5",
      "count2": " 2.0",
      "count3": "0.0",
      "count4": " 2.5",
      "count5": " 1.0",
      "PARAMCD": "Number of total bleeds - Part A",
      "lbl_ana1": "Number of all bleeds",
      "_statnr_": 5,
      "_stat_": "Median",
      "_ldaor1": 1,
      "error": 0,
      "_orderN": 5,
      "_n_free": 0,
      "_n_tog": 0,
      "_n_tog_uni":        1,
      "_n_freeR": 0,
      "_n_togR": 0,
      "_obsid_": 5,
      "_1_b1": 0,
      "_1_b2": 0,
      "_1_b3": 0,
      "_1_b4": 0,
      "_1_b5": 1,
      "_1_b6": 1
    },
    {
      "_togdif": 5,
      "count1": " 8.0",
      "count2": " 2.0",
      "count3": "0.0",
      "count4": " 9.5",
      "count5": " 2.0",
      "PARAMCD": "Number of total bleeds - Part A",
      "lbl_ana1": "Number of all bleeds",
      "_statnr_": 6,
      "_stat_": "Q3",
      "_ldaor1": 1,
      "error": 0,
      "_orderN": 6,
      "_n_free": 0,
      "_n_tog": 0,
      "_n_tog_uni":        1,
      "_n_freeR": 0,
      "_n_togR": 0,
      "_obsid_": 6,
      "_1_b1": 0,
      "_1_b2": 0,
      "_1_b3": 0,
      "_1_b4": 0,
      "_1_b5": 1,
      "_1_b6": 1
    },
    {
      "_togdif": 5,
      "count1": " 8",
      "count2": " 6",
      "count3": "1",
      "count4": "16",
      "count5": "16",
      "PARAMCD": "Number of total bleeds - Part A",
      "lbl_ana1": "Number of all bleeds",
      "_statnr_": 7,
      "_stat_": "Max",
      "_ldaor1": 1,
      "error": 0,
      "_orderN": 7,
      "_n_free": 0,
      "_n_tog": 0,
      "_n_tog_uni":        1,
      "_n_freeR": 0,
      "_n_togR": 0,
      "_obsid_": 7,
      "_1_b1": 0,
      "_1_b2": 0,
      "_1_b3": 0,
      "_1_b4": 0,
      "_1_b5": 1,
      "_1_b6": 1
    },
    {
      "_togdif": 5,
      "count1": " 9",
      "count2": "14",
      "count3": "1",
      "count4": "21",
      "count5": "45",
      "PARAMCD": "Number of total bleeds - Part A",
      "lbl_ana1": "Number of all bleeds",
      "_statnr_": 8,
      "_stat_": "Sum",
      "_ldaor1": 1,
      "error": 0,
      "_orderN": 8,
      "_n_free": 0,
      "_n_tog": 0,
      "_n_tog_uni":        1,
      "_n_freeR": 1,
      "_n_togR": 1,
      "_obsid_": 8,
      "_1_b1": 0,
      "_1_b2": 0,
      "_1_b3": 0,
      "_1_b4": 0,
      "_1_b5": 1,
      "_1_b6": 1
    },
    {
      "_togdif": 1,
      "count1": " 8.43",
      "count2": " 3.17",
      "count3": "0.27",
      "count4": " 7.68",
      "count5": " 3.95",
      "PARAMCD": "Annualized number of total bleeds - Part A",
      "lbl_ana1": "Annualized number of all bleed",
      "_statnr_": 1,
      "_stat_": "Mean",
      "_ldaor1": 2,
      "error": 0,
      "_orderN": 9,
      "_n_free": 1,
      "_n_tog": 1,
      "_n_tog_uni":        2,
      "_n_freeR": 0,
      "_n_togR": 0,
      "_obsid_": 9,
      "_1_b1": 1,
      "_1_b2": 1,
      "_1_b3": 1,
      "_1_b4": 1,
      "_1_b5": 1,
      "_1_b6": 1
    },
    {
      "_togdif": 1,
      "count1": " 9.45",
      "count2": " 3.26",
      "count3": "0.59",
      "count4": "10.27",
      "count5": " 6.13",
      "PARAMCD": "Annualized number of total bleeds - Part A",
      "lbl_ana1": "Annualized number of all bleed",
      "_statnr_": 2,
      "_stat_": "SD",
      "_ldaor1": 2,
      "error": 0,
      "_orderN": 10,
      "_n_free": 0,
      "_n_tog": 0,
      "_n_tog_uni":        2,
      "_n_freeR": 0,
      "_n_togR": 0,
      "_obsid_": 10,
      "_1_b1": 0,
      "_1_b2": 0,
      "_1_b3": 0,
      "_1_b4": 0,
      "_1_b5": 1,
      "_1_b6": 1
    },
    {
      "_togdif": 1,
      "count1": " 1.7",
      "count2": " 0.0",
      "count3": "0.0",
      "count4": " 0.0",
      "count5": " 0.0",
      "PARAMCD": "Annualized number of total bleeds - Part A",
      "lbl_ana1": "Annualized number of all bleed",
      "_statnr_": 3,
      "_stat_": "Min",
      "_ldaor1": 2,
      "error": 0,
      "_orderN": 11,
      "_n_free": 0,
      "_n_tog": 0,
      "_n_tog_uni":        2,
      "_n_freeR": 0,
      "_n_togR": 0,
      "_obsid_": 11,
      "_1_b1": 0,
      "_1_b2": 0,
      "_1_b3": 0,
      "_1_b4": 0,
      "_1_b5": 1,
      "_1_b6": 1
    },
    {
      "_togdif": 1,
      "count1": " 1.74",
      "count2": " 1.40",
      "count3": "0.00",
      "count4": " 1.33",
      "count5": " 0.00",
      "PARAMCD": "Annualized number of total bleeds - Part A",
      "lbl_ana1": "Annualized number of all bleed",
      "_statnr_": 4,
      "_stat_": "Q1",
      "_ldaor1": 2,
      "error": 0,
      "_orderN": 12,
      "_n_free": 0,
      "_n_tog": 0,
      "_n_tog_uni":        2,
      "_n_freeR": 0,
      "_n_togR": 0,
      "_obsid_": 12,
      "_1_b1": 0,
      "_1_b2": 0,
      "_1_b3": 0,
      "_1_b4": 0,
      "_1_b5": 1,
      "_1_b6": 1
    },
    {
      "_togdif": 1,
      "count1": " 8.43",
      "count2": " 2.49",
      "count3": "0.00",
      "count4": " 3.99",
      "count5": " 1.76",
      "PARAMCD": "Annualized number of total bleeds - Part A",
      "lbl_ana1": "Annualized number of all bleed",
      "_statnr_": 5,
      "_stat_": "Median",
      "_ldaor1": 2,
      "error": 0,
      "_orderN": 13,
      "_n_free": 0,
      "_n_tog": 0,
      "_n_tog_uni":        2,
      "_n_freeR": 0,
      "_n_togR": 0,
      "_obsid_": 13,
      "_1_b1": 0,
      "_1_b2": 0,
      "_1_b3": 0,
      "_1_b4": 0,
      "_1_b5": 1,
      "_1_b6": 1
    },
    {
      "_togdif": 1,
      "count1": "15.11",
      "count2": " 3.80",
      "count3": "0.00",
      "count4": "14.03",
      "count5": " 3.80",
      "PARAMCD": "Annualized number of total bleeds - Part A",
      "lbl_ana1": "Annualized number of all bleed",
      "_statnr_": 6,
      "_stat_": "Q3",
      "_ldaor1": 2,
      "error": 0,
      "_orderN": 14,
      "_n_free": 0,
      "_n_tog": 0,
      "_n_tog_uni":        2,
      "_n_freeR": 0,
      "_n_togR": 0,
      "_obsid_": 14,
      "_1_b1": 0,
      "_1_b2": 0,
      "_1_b3": 0,
      "_1_b4": 0,
      "_1_b5": 1,
      "_1_b6": 1
    },
    {
      "_togdif": 1,
      "count1": "15.1",
      "count2": "10.1",
      "count3": "1.3",
      "count4": "22.7",
      "count5": "22.7",
      "PARAMCD": "Annualized number of total bleeds - Part A",
      "lbl_ana1": "Annualized number of all bleed",
      "_statnr_": 7,
      "_stat_": "Max",
      "_ldaor1": 2,
      "error": 0,
      "_orderN": 15,
      "_n_free": 0,
      "_n_tog": 0,
      "_n_tog_uni":        2,
      "_n_freeR": 1,
      "_n_togR": 1,
      "_obsid_": 15,
      "_1_b1": 0,
      "_1_b2": 0,
      "_1_b3": 0,
      "_1_b4": 0,
      "_1_b5": 1,
      "_1_b6": 1
    },
    {
      "_togdif": 7,
      "count1": " 4.0",
      "count2": " 1.6",
      "count3": "0.0",
      "count4": " 3.0",
      "count5": " 1.7",
      "PARAMCD": "Number of spontaneous bleeds - Part A",
      "lbl_ana1": "Number of all spontaneous bleed",
      "_statnr_": 1,
      "_stat_": "Mean",
      "_ldaor1": 3,
      "error": 0,
      "_orderN": 16,
      "_n_free": 1,
      "_n_tog": 1,
      "_n_tog_uni":        3,
      "_n_freeR": 0,
      "_n_togR": 0,
      "_obsid_": 16,
      "_1_b1": 1,
      "_1_b2": 1,
      "_1_b3": 1,
      "_1_b4": 1,
      "_1_b5": 1,
      "_1_b6": 1
    },
    {
      "_togdif": 7,
      "count1": " 5.7",
      "count2": " 1.0",
      "count3": "0.0",
      "count4": " 2.9",
      "count5": " 2.4",
      "PARAMCD": "Number of spontaneous bleeds - Part A",
      "lbl_ana1": "Number of all spontaneous bleed",
      "_statnr_": 2,
      "_stat_": "SD",
      "_ldaor1": 3,
      "error": 0,
      "_orderN": 17,
      "_n_free": 0,
      "_n_tog": 0,
      "_n_tog_uni":        3,
      "_n_freeR": 0,
      "_n_togR": 0,
      "_obsid_": 17,
      "_1_b1": 0,
      "_1_b2": 0,
      "_1_b3": 0,
      "_1_b4": 0,
      "_1_b5": 1,
      "_1_b6": 1
    },
    {
      "_togdif": 7,
      "count1": " 0",
      "count2": " 0",
      "count3": "0",
      "count4": " 0",
      "count5": " 0",
      "PARAMCD": "Number of spontaneous bleeds - Part A",
      "lbl_ana1": "Number of all spontaneous bleed",
      "_statnr_": 3,
      "_stat_": "Min",
      "_ldaor1": 3,
      "error": 0,
      "_orderN": 18,
      "_n_free": 0,
      "_n_tog": 0,
      "_n_tog_uni":        3,
      "_n_freeR": 0,
      "_n_togR": 0,
      "_obsid_": 18,
      "_1_b1": 0,
      "_1_b2": 0,
      "_1_b3": 0,
      "_1_b4": 0,
      "_1_b5": 1,
      "_1_b6": 1
    },
    {
      "_togdif": 7,
      "count1": " 0.0",
      "count2": " 1.0",
      "count3": "0.0",
      "count4": " 1.0",
      "count5": " 0.0",
      "PARAMCD": "Number of spontaneous bleeds - Part A",
      "lbl_ana1": "Number of all spontaneous bleed",
      "_statnr_": 4,
      "_stat_": "Q1",
      "_ldaor1": 3,
      "error": 0,
      "_orderN": 19,
      "_n_free": 0,
      "_n_tog": 0,
      "_n_tog_uni":        3,
      "_n_freeR": 0,
      "_n_togR": 0,
      "_obsid_": 19,
      "_1_b1": 0,
      "_1_b2": 0,
      "_1_b3": 0,
      "_1_b4": 0,
      "_1_b5": 1,
      "_1_b6": 1
    },
    {
      "_togdif": 7,
      "count1": " 4.0",
      "count2": " 2.0",
      "count3": "0.0",
      "count4": " 2.5",
      "count5": " 1.0",
      "PARAMCD": "Number of spontaneous bleeds - Part A",
      "lbl_ana1": "Number of all spontaneous bleed",
      "_statnr_": 5,
      "_stat_": "Median",
      "_ldaor1": 3,
      "error": 0,
      "_orderN": 20,
      "_n_free": 0,
      "_n_tog": 0,
      "_n_tog_uni":        3,
      "_n_freeR": 0,
      "_n_togR": 0,
      "_obsid_": 20,
      "_1_b1": 0,
      "_1_b2": 0,
      "_1_b3": 0,
      "_1_b4": 0,
      "_1_b5": 1,
      "_1_b6": 1
    },
    {
      "_togdif": 7,
      "count1": " 8.0",
      "count2": " 2.0",
      "count3": "0.0",
      "count4": " 5.0",
      "count5": " 2.0",
      "PARAMCD": "Number of spontaneous bleeds - Part A",
      "lbl_ana1": "Number of all spontaneous bleed",
      "_statnr_": 6,
      "_stat_": "Q3",
      "_ldaor1": 3,
      "error": 0,
      "_orderN": 21,
      "_n_free": 0,
      "_n_tog": 0,
      "_n_tog_uni":        3,
      "_n_freeR": 0,
      "_n_togR": 0,
      "_obsid_": 21,
      "_1_b1": 0,
      "_1_b2": 0,
      "_1_b3": 0,
      "_1_b4": 0,
      "_1_b5": 1,
      "_1_b6": 1
    },
    {
      "_togdif": 7,
      "count1": " 8",
      "count2": " 3",
      "count3": "0",
      "count4": " 7",
      "count5": " 8",
      "PARAMCD": "Number of spontaneous bleeds - Part A",
      "lbl_ana1": "Number of all spontaneous bleed",
      "_statnr_": 7,
      "_stat_": "Max",
      "_ldaor1": 3,
      "error": 0,
      "_orderN": 22,
      "_n_free": 0,
      "_n_tog": 0,
      "_n_tog_uni":        3,
      "_n_freeR": 0,
      "_n_togR": 0,
      "_obsid_": 22,
      "_1_b1": 0,
      "_1_b2": 0,
      "_1_b3": 0,
      "_1_b4": 0,
      "_1_b5": 1,
      "_1_b6": 1
    },
    {
      "_togdif": 7,
      "count1": " 8",
      "count2": "11",
      "count3": "0",
      "count4": "12",
      "count5": "31",
      "PARAMCD": "Number of spontaneous bleeds - Part A",
      "lbl_ana1": "Number of all spontaneous bleed",
      "_statnr_": 8,
      "_stat_": "Sum",
      "_ldaor1": 3,
      "error": 0,
      "_orderN": 23,
      "_n_free": 0,
      "_n_tog": 0,
      "_n_tog_uni":        3,
      "_n_freeR": 1,
      "_n_togR": 1,
      "_obsid_": 23,
      "_1_b1": 0,
      "_1_b2": 0,
      "_1_b3": 0,
      "_1_b4": 0,
      "_1_b5": 1,
      "_1_b6": 1
    },
    {
      "_togdif": 3,
      "count1": " 7.56",
      "count2": " 2.45",
      "count3": "0.00",
      "count4": " 4.48",
      "count5": " 2.79",
      "PARAMCD": "Annualized number of spontaneous bleeds - Part A",
      "lbl_ana1": "Annualized number of all spontaneous bleeds",
      "_statnr_": 1,
      "_stat_": "Mean",
      "_ldaor1": 4,
      "error": 0,
      "_orderN": 24,
      "_n_free": 1,
      "_n_tog": 1,
      "_n_tog_uni":        4,
      "_n_freeR": 0,
      "_n_togR": 0,
      "_obsid_": 24,
      "_1_b1": 1,
      "_1_b2": 1,
      "_1_b3": 1,
      "_1_b4": 1,
      "_1_b5": 1,
      "_1_b6": 1
    },
    {
      "_togdif": 3,
      "count1": "10.69",
      "count2": " 1.64",
      "count3": "0.00",
      "count4": " 4.24",
      "count5": " 4.06",
      "PARAMCD": "Annualized number of spontaneous bleeds - Part A",
      "lbl_ana1": "Annualized number of all spontaneous bleeds",
      "_statnr_": 2,
      "_stat_": "SD",
      "_ldaor1": 4,
      "error": 0,
      "_orderN": 25,
      "_n_free": 0,
      "_n_tog": 0,
      "_n_tog_uni":        4,
      "_n_freeR": 0,
      "_n_togR": 0,
      "_obsid_": 25,
      "_1_b1": 0,
      "_1_b2": 0,
      "_1_b3": 0,
      "_1_b4": 0,
      "_1_b5": 1,
      "_1_b6": 1
    },
    {
      "_togdif": 3,
      "count1": " 0.0",
      "count2": " 0.0",
      "count3": "0.0",
      "count4": " 0.0",
      "count5": " 0.0",
      "PARAMCD": "Annualized number of spontaneous bleeds - Part A",
      "lbl_ana1": "Annualized number of all spontaneous bleeds",
      "_statnr_": 3,
      "_stat_": "Min",
      "_ldaor1": 4,
      "error": 0,
      "_orderN": 26,
      "_n_free": 0,
      "_n_tog": 0,
      "_n_tog_uni":        4,
      "_n_freeR": 0,
      "_n_togR": 0,
      "_obsid_": 26,
      "_1_b1": 0,
      "_1_b2": 0,
      "_1_b3": 0,
      "_1_b4": 0,
      "_1_b5": 1,
      "_1_b6": 1
    },
    {
      "_togdif": 3,
      "count1": " 0.00",
      "count2": " 1.40",
      "count3": "0.00",
      "count4": " 1.33",
      "count5": " 0.00",
      "PARAMCD": "Annualized number of spontaneous bleeds - Part A",
      "lbl_ana1": "Annualized number of all spontaneous bleeds",
      "_statnr_": 4,
      "_stat_": "Q1",
      "_ldaor1": 4,
      "error": 0,
      "_orderN": 27,
      "_n_free": 0,
      "_n_tog": 0,
      "_n_tog_uni":        4,
      "_n_freeR": 0,
      "_n_togR": 0,
      "_obsid_": 27,
      "_1_b1": 0,
      "_1_b2": 0,
      "_1_b3": 0,
      "_1_b4": 0,
      "_1_b5": 1,
      "_1_b6": 1
    },
    {
      "_togdif": 3,
      "count1": " 7.56",
      "count2": " 2.49",
      "count3": "0.00",
      "count4": " 3.99",
      "count5": " 1.59",
      "PARAMCD": "Annualized number of spontaneous bleeds - Part A",
      "lbl_ana1": "Annualized number of all spontaneous bleeds",
      "_statnr_": 5,
      "_stat_": "Median",
      "_ldaor1": 4,
      "error": 0,
      "_orderN": 28,
      "_n_free": 0,
      "_n_tog": 0,
      "_n_tog_uni":        4,
      "_n_freeR": 0,
      "_n_togR": 0,
      "_obsid_": 28,
      "_1_b1": 0,
      "_1_b2": 0,
      "_1_b3": 0,
      "_1_b4": 0,
      "_1_b5": 1,
      "_1_b6": 1
    },
    {
      "_togdif": 3,
      "count1": "15.11",
      "count2": " 3.80",
      "count3": "0.00",
      "count4": " 7.63",
      "count5": " 3.80",
      "PARAMCD": "Annualized number of spontaneous bleeds - Part A",
      "lbl_ana1": "Annualized number of all spontaneous bleeds",
      "_statnr_": 6,
      "_stat_": "Q3",
      "_ldaor1": 4,
      "error": 0,
      "_orderN": 29,
      "_n_free": 0,
      "_n_tog": 0,
      "_n_tog_uni":        4,
      "_n_freeR": 0,
      "_n_togR": 0,
      "_obsid_": 29,
      "_1_b1": 0,
      "_1_b2": 0,
      "_1_b3": 0,
      "_1_b4": 0,
      "_1_b5": 1,
      "_1_b6": 1
    },
    {
      "_togdif": 3,
      "count1": "15.1",
      "count2": " 5.0",
      "count3": "0.0",
      "count4": " 9.9",
      "count5": "15.1",
      "PARAMCD": "Annualized number of spontaneous bleeds - Part A",
      "lbl_ana1": "Annualized number of all spontaneous bleeds",
      "_statnr_": 7,
      "_stat_": "Max",
      "_ldaor1": 4,
      "error": 0,
      "_orderN": 30,
      "_n_free": 0,
      "_n_tog": 0,
      "_n_tog_uni":        4,
      "_n_freeR": 1,
      "_n_togR": 1,
      "_obsid_": 30,
      "_1_b1": 0,
      "_1_b2": 0,
      "_1_b3": 0,
      "_1_b4": 0,
      "_1_b5": 1,
      "_1_b6": 1
    },
    {
      "_togdif": 8,
      "count1": " 0.5",
      "count2": " 0.4",
      "count3": "0.2",
      "count4": " 2.3",
      "count5": " 0.8",
      "PARAMCD": "Number of trauma bleeds - Part A",
      "lbl_ana1": "Number of all trauma bleeds",
      "_statnr_": 1,
      "_stat_": "Mean",
      "_ldaor1": 5,
      "error": 0,
      "_orderN": 31,
      "_n_free": 1,
      "_n_tog": 1,
      "_n_tog_uni":        5,
      "_n_freeR": 0,
      "_n_togR": 0,
      "_obsid_": 31,
      "_1_b1": 1,
      "_1_b2": 1,
      "_1_b3": 1,
      "_1_b4": 1,
      "_1_b5": 1,
      "_1_b6": 1
    },
    {
      "_togdif": 8,
      "count1": " 0.7",
      "count2": " 1.1",
      "count3": "0.4",
      "count4": " 4.5",
      "count5": " 2.2",
      "PARAMCD": "Number of trauma bleeds - Part A",
      "lbl_ana1": "Number of all trauma bleeds",
      "_statnr_": 2,
      "_stat_": "SD",
      "_ldaor1": 5,
      "error": 0,
      "_orderN": 32,
      "_n_free": 0,
      "_n_tog": 0,
      "_n_tog_uni":        5,
      "_n_freeR": 0,
      "_n_togR": 0,
      "_obsid_": 32,
      "_1_b1": 0,
      "_1_b2": 0,
      "_1_b3": 0,
      "_1_b4": 0,
      "_1_b5": 1,
      "_1_b6": 1
    },
    {
      "_togdif": 8,
      "count1": " 0",
      "count2": " 0",
      "count3": "0",
      "count4": " 0",
      "count5": " 0",
      "PARAMCD": "Number of trauma bleeds - Part A",
      "lbl_ana1": "Number of all trauma bleeds",
      "_statnr_": 3,
      "_stat_": "Min",
      "_ldaor1": 5,
      "error": 0,
      "_orderN": 33,
      "_n_free": 0,
      "_n_tog": 0,
      "_n_tog_uni":        5,
      "_n_freeR": 0,
      "_n_togR": 0,
      "_obsid_": 33,
      "_1_b1": 0,
      "_1_b2": 0,
      "_1_b3": 0,
      "_1_b4": 0,
      "_1_b5": 1,
      "_1_b6": 1
    },
    {
      "_togdif": 8,
      "count1": " 0.0",
      "count2": " 0.0",
      "count3": "0.0",
      "count4": " 0.0",
      "count5": " 0.0",
      "PARAMCD": "Number of trauma bleeds - Part A",
      "lbl_ana1": "Number of all trauma bleeds",
      "_statnr_": 4,
      "_stat_": "Q1",
      "_ldaor1": 5,
      "error": 0,
      "_orderN": 34,
      "_n_free": 0,
      "_n_tog": 0,
      "_n_tog_uni":        5,
      "_n_freeR": 0,
      "_n_togR": 0,
      "_obsid_": 34,
      "_1_b1": 0,
      "_1_b2": 0,
      "_1_b3": 0,
      "_1_b4": 0,
      "_1_b5": 1,
      "_1_b6": 1
    },
    {
      "_togdif": 8,
      "count1": " 0.5",
      "count2": " 0.0",
      "count3": "0.0",
      "count4": " 0.0",
      "count5": " 0.0",
      "PARAMCD": "Number of trauma bleeds - Part A",
      "lbl_ana1": "Number of all trauma bleeds",
      "_statnr_": 5,
      "_stat_": "Median",
      "_ldaor1": 5,
      "error": 0,
      "_orderN": 35,
      "_n_free": 0,
      "_n_tog": 0,
      "_n_tog_uni":        5,
      "_n_freeR": 0,
      "_n_togR": 0,
      "_obsid_": 35,
      "_1_b1": 0,
      "_1_b2": 0,
      "_1_b3": 0,
      "_1_b4": 0,
      "_1_b5": 1,
      "_1_b6": 1
    },
    {
      "_togdif": 8,
      "count1": " 1.0",
      "count2": " 0.0",
      "count3": "0.0",
      "count4": " 4.5",
      "count5": " 0.0",
      "PARAMCD": "Number of trauma bleeds - Part A",
      "lbl_ana1": "Number of all trauma bleeds",
      "_statnr_": 6,
      "_stat_": "Q3",
      "_ldaor1": 5,
      "error": 0,
      "_orderN": 36,
      "_n_free": 0,
      "_n_tog": 0,
      "_n_tog_uni":        5,
      "_n_freeR": 0,
      "_n_togR": 0,
      "_obsid_": 36,
      "_1_b1": 0,
      "_1_b2": 0,
      "_1_b3": 0,
      "_1_b4": 0,
      "_1_b5": 1,
      "_1_b6": 1
    },
    {
      "_togdif": 8,
      "count1": " 1",
      "count2": " 3",
      "count3": "1",
      "count4": " 9",
      "count5": " 9",
      "PARAMCD": "Number of trauma bleeds - Part A",
      "lbl_ana1": "Number of all trauma bleeds",
      "_statnr_": 7,
      "_stat_": "Max",
      "_ldaor1": 5,
      "error": 0,
      "_orderN": 37,
      "_n_free": 0,
      "_n_tog": 0,
      "_n_tog_uni":        5,
      "_n_freeR": 0,
      "_n_togR": 0,
      "_obsid_": 37,
      "_1_b1": 0,
      "_1_b2": 0,
      "_1_b3": 0,
      "_1_b4": 0,
      "_1_b5": 1,
      "_1_b6": 1
    },
    {
      "_togdif": 8,
      "count1": " 1",
      "count2": " 3",
      "count3": "1",
      "count4": " 9",
      "count5": "14",
      "PARAMCD": "Number of trauma bleeds - Part A",
      "lbl_ana1": "Number of all trauma bleeds",
      "_statnr_": 8,
      "_stat_": "Sum",
      "_ldaor1": 5,
      "error": 0,
      "_orderN": 38,
      "_n_free": 0,
      "_n_tog": 0,
      "_n_tog_uni":        5,
      "_n_freeR": 1,
      "_n_togR": 1,
      "_obsid_": 38,
      "_1_b1": 0,
      "_1_b2": 0,
      "_1_b3": 0,
      "_1_b4": 0,
      "_1_b5": 1,
      "_1_b6": 1
    },
    {
      "_togdif": 4,
      "count1": " 0.87",
      "count2": " 0.72",
      "count3": "0.27",
      "count4": " 3.20",
      "count5": " 1.16",
      "PARAMCD": "Annualized number of trauma bleeds - Part A",
      "lbl_ana1": "Annualized number of all trauma bleeds",
      "_statnr_": 1,
      "_stat_": "Mean",
      "_ldaor1": 6,
      "error": 0,
      "_orderN": 39,
      "_n_free": 1,
      "_n_tog": 1,
      "_n_tog_uni":        6,
      "_n_freeR": 0,
      "_n_togR": 0,
      "_obsid_": 39,
      "_1_b1": 1,
      "_1_b2": 1,
      "_1_b3": 1,
      "_1_b4": 1,
      "_1_b5": 1,
      "_1_b6": 1
    },
    {
      "_togdif": 4,
      "count1": " 1.23",
      "count2": " 1.90",
      "count3": "0.59",
      "count4": " 6.39",
      "count5": " 3.16",
      "PARAMCD": "Annualized number of trauma bleeds - Part A",
      "lbl_ana1": "Annualized number of all trauma bleeds",
      "_statnr_": 2,
      "_stat_": "SD",
      "_ldaor1": 6,
      "error": 0,
      "_orderN": 40,
      "_n_free": 0,
      "_n_tog": 0,
      "_n_tog_uni":        6,
      "_n_freeR": 0,
      "_n_togR": 0,
      "_obsid_": 40,
      "_1_b1": 0,
      "_1_b2": 0,
      "_1_b3": 0,
      "_1_b4": 0,
      "_1_b5": 1,
      "_1_b6": 1
    },
    {
      "_togdif": 4,
      "count1": " 0.0",
      "count2": " 0.0",
      "count3": "0.0",
      "count4": " 0.0",
      "count5": " 0.0",
      "PARAMCD": "Annualized number of trauma bleeds - Part A",
      "lbl_ana1": "Annualized number of all trauma bleeds",
      "_statnr_": 3,
      "_stat_": "Min",
      "_ldaor1": 6,
      "error": 0,
      "_orderN": 41,
      "_n_free": 0,
      "_n_tog": 0,
      "_n_tog_uni":        6,
      "_n_freeR": 0,
      "_n_togR": 0,
      "_obsid_": 41,
      "_1_b1": 0,
      "_1_b2": 0,
      "_1_b3": 0,
      "_1_b4": 0,
      "_1_b5": 1,
      "_1_b6": 1
    },
    {
      "_togdif": 4,
      "count1": " 0.00",
      "count2": " 0.00",
      "count3": "0.00",
      "count4": " 0.00",
      "count5": " 0.00",
      "PARAMCD": "Annualized number of trauma bleeds - Part A",
      "lbl_ana1": "Annualized number of all trauma bleeds",
      "_statnr_": 4,
      "_stat_": "Q1",
      "_ldaor1": 6,
      "error": 0,
      "_orderN": 42,
      "_n_free": 0,
      "_n_tog": 0,
      "_n_tog_uni":        6,
      "_n_freeR": 0,
      "_n_togR": 0,
      "_obsid_": 42,
      "_1_b1": 0,
      "_1_b2": 0,
      "_1_b3": 0,
      "_1_b4": 0,
      "_1_b5": 1,
      "_1_b6": 1
    },
    {
      "_togdif": 4,
      "count1": " 0.87",
      "count2": " 0.00",
      "count3": "0.00",
      "count4": " 0.00",
      "count5": " 0.00",
      "PARAMCD": "Annualized number of trauma bleeds - Part A",
      "lbl_ana1": "Annualized number of all trauma bleeds",
      "_statnr_": 5,
      "_stat_": "Median",
      "_ldaor1": 6,
      "error": 0,
      "_orderN": 43,
      "_n_free": 0,
      "_n_tog": 0,
      "_n_tog_uni":        6,
      "_n_freeR": 0,
      "_n_togR": 0,
      "_obsid_": 43,
      "_1_b1": 0,
      "_1_b2": 0,
      "_1_b3": 0,
      "_1_b4": 0,
      "_1_b5": 1,
      "_1_b6": 1
    },
    {
      "_togdif": 4,
      "count1": " 1.74",
      "count2": " 0.00",
      "count3": "0.00",
      "count4": " 6.39",
      "count5": " 0.00",
      "PARAMCD": "Annualized number of trauma bleeds - Part A",
      "lbl_ana1": "Annualized number of all trauma bleeds",
      "_statnr_": 6,
      "_stat_": "Q3",
      "_ldaor1": 6,
      "error": 0,
      "_orderN": 44,
      "_n_free": 0,
      "_n_tog": 0,
      "_n_tog_uni":        6,
      "_n_freeR": 0,
      "_n_togR": 0,
      "_obsid_": 44,
      "_1_b1": 0,
      "_1_b2": 0,
      "_1_b3": 0,
      "_1_b4": 0,
      "_1_b5": 1,
      "_1_b6": 1
    },
    {
      "_togdif": 4,
      "count1": " 1.7",
      "count2": " 5.0",
      "count3": "1.3",
      "count4": "12.8",
      "count5": "12.8",
      "PARAMCD": "Annualized number of trauma bleeds - Part A",
      "lbl_ana1": "Annualized number of all trauma bleeds",
      "_statnr_": 7,
      "_stat_": "Max",
      "_ldaor1": 6,
      "error": 0,
      "_orderN": 45,
      "_n_free": 0,
      "_n_tog": 0,
      "_n_tog_uni":        6,
      "_n_freeR": 1,
      "_n_togR": 1,
      "_obsid_": 45,
      "_1_b1": 0,
      "_1_b2": 0,
      "_1_b3": 0,
      "_1_b4": 0,
      "_1_b5": 1,
      "_1_b6": 1
    },
    {
      "_togdif": 6,
      "count1": " 4.0",
      "count2": " 1.6",
      "count3": "0.0",
      "count4": " 5.3",
      "count5": " 2.2",
      "PARAMCD": "Number of joint bleeds - Part A",
      "lbl_ana1": "Number of all joint bleeds",
      "_statnr_": 1,
      "_stat_": "Mean",
      "_ldaor1": 7,
      "error": 0,
      "_orderN": 46,
      "_n_free": 1,
      "_n_tog": 1,
      "_n_tog_uni":        7,
      "_n_freeR": 0,
      "_n_togR": 0,
      "_obsid_": 46,
      "_1_b1": 1,
      "_1_b2": 1,
      "_1_b3": 1,
      "_1_b4": 1,
      "_1_b5": 1,
      "_1_b6": 1
    },
    {
      "_togdif": 6,
      "count1": " 5.7",
      "count2": " 2.1",
      "count3": "0.0",
      "count4": " 7.3",
      "count5": " 4.1",
      "PARAMCD": "Number of joint bleeds - Part A",
      "lbl_ana1": "Number of all joint bleeds",
      "_statnr_": 2,
      "_stat_": "SD",
      "_ldaor1": 7,
      "error": 0,
      "_orderN": 47,
      "_n_free": 0,
      "_n_tog": 0,
      "_n_tog_uni":        7,
      "_n_freeR": 0,
      "_n_togR": 0,
      "_obsid_": 47,
      "_1_b1": 0,
      "_1_b2": 0,
      "_1_b3": 0,
      "_1_b4": 0,
      "_1_b5": 1,
      "_1_b6": 1
    },
    {
      "_togdif": 6,
      "count1": " 0",
      "count2": " 0",
      "count3": "0",
      "count4": " 0",
      "count5": " 0",
      "PARAMCD": "Number of joint bleeds - Part A",
      "lbl_ana1": "Number of all joint bleeds",
      "_statnr_": 3,
      "_stat_": "Min",
      "_ldaor1": 7,
      "error": 0,
      "_orderN": 48,
      "_n_free": 0,
      "_n_tog": 0,
      "_n_tog_uni":        7,
      "_n_freeR": 0,
      "_n_togR": 0,
      "_obsid_": 48,
      "_1_b1": 0,
      "_1_b2": 0,
      "_1_b3": 0,
      "_1_b4": 0,
      "_1_b5": 1,
      "_1_b6": 1
    },
    {
      "_togdif": 6,
      "count1": " 0.0",
      "count2": " 0.0",
      "count3": "0.0",
      "count4": " 1.0",
      "count5": " 0.0",
      "PARAMCD": "Number of joint bleeds - Part A",
      "lbl_ana1": "Number of all joint bleeds",
      "_statnr_": 4,
      "_stat_": "Q1",
      "_ldaor1": 7,
      "error": 0,
      "_orderN": 49,
      "_n_free": 0,
      "_n_tog": 0,
      "_n_tog_uni":        7,
      "_n_freeR": 0,
      "_n_togR": 0,
      "_obsid_": 49,
      "_1_b1": 0,
      "_1_b2": 0,
      "_1_b3": 0,
      "_1_b4": 0,
      "_1_b5": 1,
      "_1_b6": 1
    },
    {
      "_togdif": 6,
      "count1": " 4.0",
      "count2": " 1.0",
      "count3": "0.0",
      "count4": " 2.5",
      "count5": " 0.0",
      "PARAMCD": "Number of joint bleeds - Part A",
      "lbl_ana1": "Number of all joint bleeds",
      "_statnr_": 5,
      "_stat_": "Median",
      "_ldaor1": 7,
      "error": 0,
      "_orderN": 50,
      "_n_free": 0,
      "_n_tog": 0,
      "_n_tog_uni":        7,
      "_n_freeR": 0,
      "_n_togR": 0,
      "_obsid_": 50,
      "_1_b1": 0,
      "_1_b2": 0,
      "_1_b3": 0,
      "_1_b4": 0,
      "_1_b5": 1,
      "_1_b6": 1
    },
    {
      "_togdif": 6,
      "count1": " 8.0",
      "count2": " 2.0",
      "count3": "0.0",
      "count4": " 9.5",
      "count5": " 2.0",
      "PARAMCD": "Number of joint bleeds - Part A",
      "lbl_ana1": "Number of all joint bleeds",
      "_statnr_": 6,
      "_stat_": "Q3",
      "_ldaor1": 7,
      "error": 0,
      "_orderN": 51,
      "_n_free": 0,
      "_n_tog": 0,
      "_n_tog_uni":        7,
      "_n_freeR": 0,
      "_n_togR": 0,
      "_obsid_": 51,
      "_1_b1": 0,
      "_1_b2": 0,
      "_1_b3": 0,
      "_1_b4": 0,
      "_1_b5": 1,
      "_1_b6": 1
    },
    {
      "_togdif": 6,
      "count1": " 8",
      "count2": " 6",
      "count3": "0",
      "count4": "16",
      "count5": "16",
      "PARAMCD": "Number of joint bleeds - Part A",
      "lbl_ana1": "Number of all joint bleeds",
      "_statnr_": 7,
      "_stat_": "Max",
      "_ldaor1": 7,
      "error": 0,
      "_orderN": 52,
      "_n_free": 0,
      "_n_tog": 0,
      "_n_tog_uni":        7,
      "_n_freeR": 0,
      "_n_togR": 0,
      "_obsid_": 52,
      "_1_b1": 0,
      "_1_b2": 0,
      "_1_b3": 0,
      "_1_b4": 0,
      "_1_b5": 1,
      "_1_b6": 1
    },
    {
      "_togdif": 6,
      "count1": " 8",
      "count2": "11",
      "count3": "0",
      "count4": "21",
      "count5": "40",
      "PARAMCD": "Number of joint bleeds - Part A",
      "lbl_ana1": "Number of all joint bleeds",
      "_statnr_": 8,
      "_stat_": "Sum",
      "_ldaor1": 7,
      "error": 0,
      "_orderN": 53,
      "_n_free": 0,
      "_n_tog": 0,
      "_n_tog_uni":        7,
      "_n_freeR": 1,
      "_n_togR": 1,
      "_obsid_": 53,
      "_1_b1": 0,
      "_1_b2": 0,
      "_1_b3": 0,
      "_1_b4": 0,
      "_1_b5": 1,
      "_1_b6": 1
    },
    {
      "_togdif": 2,
      "count1": " 7.56",
      "count2": " 2.53",
      "count3": "0.00",
      "count4": " 7.68",
      "count5": " 3.53",
      "PARAMCD": "Annualized number of joint bleeds - Part A",
      "lbl_ana1": "Annualized number of all joint bleed",
      "_statnr_": 1,
      "_stat_": "Mean",
      "_ldaor1": 8,
      "error": 0,
      "_orderN": 54,
      "_n_free": 1,
      "_n_tog": 1,
      "_n_tog_uni":        8,
      "_n_freeR": 0,
      "_n_togR": 0,
      "_obsid_": 54,
      "_1_b1": 1,
      "_1_b2": 1,
      "_1_b3": 1,
      "_1_b4": 1,
      "_1_b5": 1,
      "_1_b6": 1
    },
    {
      "_togdif": 2,
      "count1": "10.69",
      "count2": " 3.63",
      "count3": "0.00",
      "count4": "10.27",
      "count5": " 6.33",
      "PARAMCD": "Annualized number of joint bleeds - Part A",
      "lbl_ana1": "Annualized number of all joint bleed",
      "_statnr_": 2,
      "_stat_": "SD",
      "_ldaor1": 8,
      "error": 0,
      "_orderN": 55,
      "_n_free": 0,
      "_n_tog": 0,
      "_n_tog_uni":        8,
      "_n_freeR": 0,
      "_n_togR": 0,
      "_obsid_": 55,
      "_1_b1": 0,
      "_1_b2": 0,
      "_1_b3": 0,
      "_1_b4": 0,
      "_1_b5": 1,
      "_1_b6": 1
    },
    {
      "_togdif": 2,
      "count1": " 0.0",
      "count2": " 0.0",
      "count3": "0.0",
      "count4": " 0.0",
      "count5": " 0.0",
      "PARAMCD": "Annualized number of joint bleeds - Part A",
      "lbl_ana1": "Annualized number of all joint bleed",
      "_statnr_": 3,
      "_stat_": "Min",
      "_ldaor1": 8,
      "error": 0,
      "_orderN": 56,
      "_n_free": 0,
      "_n_tog": 0,
      "_n_tog_uni":        8,
      "_n_freeR": 0,
      "_n_togR": 0,
      "_obsid_": 56,
      "_1_b1": 0,
      "_1_b2": 0,
      "_1_b3": 0,
      "_1_b4": 0,
      "_1_b5": 1,
      "_1_b6": 1
    },
    {
      "_togdif": 2,
      "count1": " 0.00",
      "count2": " 0.00",
      "count3": "0.00",
      "count4": " 1.33",
      "count5": " 0.00",
      "PARAMCD": "Annualized number of joint bleeds - Part A",
      "lbl_ana1": "Annualized number of all joint bleed",
      "_statnr_": 4,
      "_stat_": "Q1",
      "_ldaor1": 8,
      "error": 0,
      "_orderN": 57,
      "_n_free": 0,
      "_n_tog": 0,
      "_n_tog_uni":        8,
      "_n_freeR": 0,
      "_n_togR": 0,
      "_obsid_": 57,
      "_1_b1": 0,
      "_1_b2": 0,
      "_1_b3": 0,
      "_1_b4": 0,
      "_1_b5": 1,
      "_1_b6": 1
    },
    {
      "_togdif": 2,
      "count1": " 7.56",
      "count2": " 1.33",
      "count3": "0.00",
      "count4": " 3.99",
      "count5": " 0.00",
      "PARAMCD": "Annualized number of joint bleeds - Part A",
      "lbl_ana1": "Annualized number of all joint bleed",
      "_statnr_": 5,
      "_stat_": "Median",
      "_ldaor1": 8,
      "error": 0,
      "_orderN": 58,
      "_n_free": 0,
      "_n_tog": 0,
      "_n_tog_uni":        8,
      "_n_freeR": 0,
      "_n_togR": 0,
      "_obsid_": 58,
      "_1_b1": 0,
      "_1_b2": 0,
      "_1_b3": 0,
      "_1_b4": 0,
      "_1_b5": 1,
      "_1_b6": 1
    },
    {
      "_togdif": 2,
      "count1": "15.11",
      "count2": " 3.80",
      "count3": "0.00",
      "count4": "14.03",
      "count5": " 3.80",
      "PARAMCD": "Annualized number of joint bleeds - Part A",
      "lbl_ana1": "Annualized number of all joint bleed",
      "_statnr_": 6,
      "_stat_": "Q3",
      "_ldaor1": 8,
      "error": 0,
      "_orderN": 59,
      "_n_free": 0,
      "_n_tog": 0,
      "_n_tog_uni":        8,
      "_n_freeR": 0,
      "_n_togR": 0,
      "_obsid_": 59,
      "_1_b1": 0,
      "_1_b2": 0,
      "_1_b3": 0,
      "_1_b4": 0,
      "_1_b5": 1,
      "_1_b6": 1
    },
    {
      "_togdif": 2,
      "count1": "15.1",
      "count2": "10.1",
      "count3": "0.0",
      "count4": "22.7",
      "count5": "22.7",
      "PARAMCD": "Annualized number of joint bleeds - Part A",
      "lbl_ana1": "Annualized number of all joint bleed",
      "_statnr_": 7,
      "_stat_": "Max",
      "_ldaor1": 8,
      "error": 0,
      "_orderN": 60,
      "_n_free": 0,
      "_n_tog": 0,
      "_n_tog_uni":        8,
      "_n_freeR": 1,
      "_n_togR": 1,
      "_obsid_": 60,
      "_1_b1": 0,
      "_1_b2": 0,
      "_1_b3": 0,
      "_1_b4": 0,
      "_1_b5": 1,
      "_1_b6": 1
    }
  ]
]
