[
  "SASJSONExport",
  "1.0 PRETTY FMTCHARACTER FMTNUMERIC",
  "SASTableData+PROPERTIES_OBJECT",
  [
    {
      "Report_Number": "Table 1.1 / 5",
      "Number_of_Titles": 1,
      "Title1": "Table: Baseline disease characteristics (safety analysis set)",
      "Title2": "",
      "Title3": "",
      "Title4": "",
      "Title5": "",
      "Title6": "",
      "Title7": "",
      "Title8": "",
      "Title9": "",
      "Title10": "",
      "Number_of_Footnotes": 1,
      "Footnote1": "Bayer: /var/swan/root/bhc/949027/19764/stat/main01/dev/analysis/pgms/t_diseasechar.sas      05OCT2020 14:51",
      "Footnote2": "",
      "Footnote3": "",
      "Footnote4": "",
      "Footnote5": "",
      "Footnote6": "",
      "Footnote7": "",
      "Footnote8": "",
      "Footnote9": "",
      "Footnote10": "",
      "_datalist_program_name": "t_diseasechar",
      "_datalist_report_name": "t_diseasechar_1",
      "_datalist_by_without_order": "text",
      "_datalist_page_without_order": "",
      "_datalist_page_title": "",
      "_datalist_DateTime": "05OCT20:14:51:33",
      "_datalist_Filename": "t_diseasechar",
      "_datalist_FilenameListing": "t_diseasechar",
      "_datalist_FilenameRTF": "t_diseasechar",
      "_datalist_IsPhysicalName": "YES",
      "_datalist_NumberOfOutputObservat": "87",
      "_datalist_PageGroupNumber": "1",
      "_datalist_Prog": "t_diseasechar",
      "_datalist_TablesbyObservation": "1",
      "_datalist_TablesbyValues": "",
      "_datalist_TablesbyVariables": "",
      "_datalist_BY": "_posi_ _nr_ pos _widownr _newvar _ord_ _kind_ text",
      "_datalist_BYLEN": "",
      "_datalist_CONTBY": "",
      "_datalist_DATA": "_all",
      "_datalist_FREELINE": "_posi_",
      "_datalist_HB_ALIGN": "CENTER",
      "_datalist_HC_ALIGN": "",
      "_datalist_HN_ALIGN": "",
      "_datalist_HSPLIT": "'@'",
      "_datalist_HV_ALIGN": "CENTER",
      "_datalist_IGNORE_PRESPACE": "NO",
      "_datalist_LABEL": "NO",
      "_datalist_LAYOUT": "STANDARD",
      "_datalist_MAXLEN": "20",
      "_datalist_NCOLUMN1": "col1",
      "_datalist_OPTIMAL": "NO",
      "_datalist_ORDER": "_posi_ _nr_ pos _widownr _newvar _kind_ _ord_",
      "_datalist_ORDER_VAR": "",
      "_datalist_PAGE": "",
      "_datalist_POSTVAR": "",
      "_datalist_PRINT_EMPTY": "YES",
      "_datalist_REPBY": "NO",
      "_datalist_SPACE": "2",
      "_datalist_SPLIT": "'/ *'",
      "_datalist_SPLITBY": "YES",
      "_datalist_TABLESBY": "",
      "_datalist_TOGETHER": "_posi_",
      "_datalist_TRANSPOSE": "",
      "_datalist_VAR": "col1",
      "_datalist_VERTICAL_HEADER": "",
      "_datalist_var_actual": "col1 text _nr_ _kind_ _ord_ _newvar _widownr pos _posi_ error _orderN _n_free _n_tog _n_tog_uni _n_freeR _n_togR _obsid_ _1_b1 _1_b2 _1_b3 _1_b4 _1_b5 _1_b6 _1_b7 _1_b8"
    }
  ],
  "SASJSONExport",
  "1.0 PRETTY FMTCHARACTER FMTNUMERIC",
  "SASTableData+HEADER_OBJECT",
  [
    {
      "NAME": "_1_b1",
      "LABEL": "_1_b1"
    },
    {
      "NAME": "_1_b2",
      "LABEL": "_1_b2"
    },
    {
      "NAME": "_1_b3",
      "LABEL": "_1_b3"
    },
    {
      "NAME": "_1_b4",
      "LABEL": "_1_b4"
    },
    {
      "NAME": "_1_b5",
      "LABEL": "_1_b5"
    },
    {
      "NAME": "_1_b6",
      "LABEL": "_1_b6"
    },
    {
      "NAME": "_1_b7",
      "LABEL": "_1_b7"
    },
    {
      "NAME": "_1_b8",
      "LABEL": "_1_b8"
    },
    {
      "NAME": "_kind_",
      "LABEL": "order variable"
    },
    {
      "NAME": "_n_free",
      "LABEL": "Freeline indicator variable"
    },
    {
      "NAME": "_n_freeR",
      "LABEL": "_n_freeR"
    },
    {
      "NAME": "_n_tog",
      "LABEL": "Together indicator variable"
    },
    {
      "NAME": "_n_togR",
      "LABEL": "_n_togR"
    },
    {
      "NAME": "_n_tog_uni",
      "LABEL": "Together indicator with group blocks"
    },
    {
      "NAME": "_newvar",
      "LABEL": "order variable"
    },
    {
      "NAME": "_nr_",
      "LABEL": "_nr_"
    },
    {
      "NAME": "_obsid_",
      "LABEL": "_obsid_"
    },
    {
      "NAME": "_ord_",
      "LABEL": "order variable"
    },
    {
      "NAME": "_orderN",
      "LABEL": "_orderN"
    },
    {
      "NAME": "_posi_",
      "LABEL": "order, freeline and together variable"
    },
    {
      "NAME": "_widownr",
      "LABEL": "order variable"
    },
    {
      "NAME": "col1",
      "LABEL": "Prophylaxis@(N=32)"
    },
    {
      "NAME": "error",
      "LABEL": "error"
    },
    {
      "NAME": "pos",
      "LABEL": "order variable"
    },
    {
      "NAME": "text",
      "LABEL": "text"
    }
  ],
  "SASJSONExport",
  "1.0 PRETTY FMTCHARACTER FMTNUMERIC",
  "SASTableData+t_diseasechar_1",
  [
    {
      "col1": "",
      "text": "Age at first treatment (years)",
      "_nr_": 1,
      "_kind_": null,
      "_ord_": null,
      "_newvar": null,
      "_widownr": null,
      "pos": 0,
      "_posi_":        1,
      "error": 0,
      "_orderN": 1,
      "_n_free": 1,
      "_n_tog": 1,
      "_n_tog_uni":        1,
      "_n_freeR": 0,
      "_n_togR": 0,
      "_obsid_": 1,
      "_1_b1": 1,
      "_1_b2": 1,
      "_1_b3": 1,
      "_1_b4": 1,
      "_1_b5": 1,
      "_1_b6": 1,
      "_1_b7": 1,
      "_1_b8": 1
    },
    {
      "col1": "20",
      "text": "   n",
      "_nr_": 1,
      "_kind_": null,
      "_ord_": null,
      "_newvar": null,
      "_widownr": null,
      "pos": 1,
      "_posi_":        1,
      "error": 0,
      "_orderN": 2,
      "_n_free": 0,
      "_n_tog": 0,
      "_n_tog_uni":        1,
      "_n_freeR": 0,
      "_n_togR": 0,
      "_obsid_": 2,
      "_1_b1": 0,
      "_1_b2": 0,
      "_1_b3": 1,
      "_1_b4": 1,
      "_1_b5": 1,
      "_1_b6": 1,
      "_1_b7": 1,
      "_1_b8": 1
    },
    {
      "col1": "12",
      "text": "   Nmiss",
      "_nr_": 1,
      "_kind_": null,
      "_ord_": null,
      "_newvar": null,
      "_widownr": null,
      "pos": 2,
      "_posi_":        1,
      "error": 0,
      "_orderN": 3,
      "_n_free": 0,
      "_n_tog": 0,
      "_n_tog_uni":        1,
      "_n_freeR": 0,
      "_n_togR": 0,
      "_obsid_": 3,
      "_1_b1": 0,
      "_1_b2": 0,
      "_1_b3": 1,
      "_1_b4": 1,
      "_1_b5": 1,
      "_1_b6": 1,
      "_1_b7": 1,
      "_1_b8": 1
    },
    {
      "col1": " 7.2",
      "text": "   Mean",
      "_nr_": 1,
      "_kind_": null,
      "_ord_": null,
      "_newvar": null,
      "_widownr": null,
      "pos": 3,
      "_posi_":        1,
      "error": 0,
      "_orderN": 4,
      "_n_free": 0,
      "_n_tog": 0,
      "_n_tog_uni":        1,
      "_n_freeR": 0,
      "_n_togR": 0,
      "_obsid_": 4,
      "_1_b1": 0,
      "_1_b2": 0,
      "_1_b3": 1,
      "_1_b4": 1,
      "_1_b5": 1,
      "_1_b6": 1,
      "_1_b7": 1,
      "_1_b8": 1
    },
    {
      "col1": " 8.9",
      "text": "   SD",
      "_nr_": 1,
      "_kind_": null,
      "_ord_": null,
      "_newvar": null,
      "_widownr": null,
      "pos": 4,
      "_posi_":        1,
      "error": 0,
      "_orderN": 5,
      "_n_free": 0,
      "_n_tog": 0,
      "_n_tog_uni":        1,
      "_n_freeR": 0,
      "_n_togR": 0,
      "_obsid_": 5,
      "_1_b1": 0,
      "_1_b2": 0,
      "_1_b3": 1,
      "_1_b4": 1,
      "_1_b5": 1,
      "_1_b6": 1,
      "_1_b7": 1,
      "_1_b8": 1
    },
    {
      "col1": " 0",
      "text": "   Min",
      "_nr_": 1,
      "_kind_": null,
      "_ord_": null,
      "_newvar": null,
      "_widownr": null,
      "pos": 5,
      "_posi_":        1,
      "error": 0,
      "_orderN": 6,
      "_n_free": 0,
      "_n_tog": 0,
      "_n_tog_uni":        1,
      "_n_freeR": 0,
      "_n_togR": 0,
      "_obsid_": 6,
      "_1_b1": 0,
      "_1_b2": 0,
      "_1_b3": 1,
      "_1_b4": 1,
      "_1_b5": 1,
      "_1_b6": 1,
      "_1_b7": 1,
      "_1_b8": 1
    },
    {
      "col1": " 2.0",
      "text": "   Q1",
      "_nr_": 1,
      "_kind_": null,
      "_ord_": null,
      "_newvar": null,
      "_widownr": null,
      "pos": 6,
      "_posi_":        1,
      "error": 0,
      "_orderN": 7,
      "_n_free": 0,
      "_n_tog": 0,
      "_n_tog_uni":        1,
      "_n_freeR": 0,
      "_n_togR": 0,
      "_obsid_": 7,
      "_1_b1": 0,
      "_1_b2": 0,
      "_1_b3": 1,
      "_1_b4": 1,
      "_1_b5": 1,
      "_1_b6": 1,
      "_1_b7": 1,
      "_1_b8": 1
    },
    {
      "col1": " 5.0",
      "text": "   Median",
      "_nr_": 1,
      "_kind_": null,
      "_ord_": null,
      "_newvar": null,
      "_widownr": null,
      "pos": 7,
      "_posi_":        1,
      "error": 0,
      "_orderN": 8,
      "_n_free": 0,
      "_n_tog": 0,
      "_n_tog_uni":        1,
      "_n_freeR": 0,
      "_n_togR": 0,
      "_obsid_": 8,
      "_1_b1": 0,
      "_1_b2": 0,
      "_1_b3": 1,
      "_1_b4": 1,
      "_1_b5": 1,
      "_1_b6": 1,
      "_1_b7": 1,
      "_1_b8": 1
    },
    {
      "col1": " 8.0",
      "text": "   Q3",
      "_nr_": 1,
      "_kind_": null,
      "_ord_": null,
      "_newvar": null,
      "_widownr": null,
      "pos": 8,
      "_posi_":        1,
      "error": 0,
      "_orderN": 9,
      "_n_free": 0,
      "_n_tog": 0,
      "_n_tog_uni":        1,
      "_n_freeR": 0,
      "_n_togR": 0,
      "_obsid_": 9,
      "_1_b1": 0,
      "_1_b2": 0,
      "_1_b3": 1,
      "_1_b4": 1,
      "_1_b5": 1,
      "_1_b6": 1,
      "_1_b7": 1,
      "_1_b8": 1
    },
    {
      "col1": "38",
      "text": "   Max",
      "_nr_": 1,
      "_kind_": null,
      "_ord_": null,
      "_newvar": null,
      "_widownr": null,
      "pos": 9,
      "_posi_":        1,
      "error": 0,
      "_orderN": 10,
      "_n_free": 0,
      "_n_tog": 0,
      "_n_tog_uni":        1,
      "_n_freeR": 1,
      "_n_togR": 1,
      "_obsid_": 10,
      "_1_b1": 0,
      "_1_b2": 0,
      "_1_b3": 1,
      "_1_b4": 1,
      "_1_b5": 1,
      "_1_b6": 1,
      "_1_b7": 1,
      "_1_b8": 1
    },
    {
      "col1": "",
      "text": "Type of First Treatment Regimen",
      "_nr_": 1,
      "_kind_": 0,
      "_ord_": 1,
      "_newvar": 1,
      "_widownr": 2,
      "pos": null,
      "_posi_":       10,
      "error": 0,
      "_orderN": 11,
      "_n_free": 1,
      "_n_tog": 1,
      "_n_tog_uni":        2,
      "_n_freeR": 0,
      "_n_togR": 0,
      "_obsid_": 11,
      "_1_b1": 1,
      "_1_b2": 1,
      "_1_b3": 1,
      "_1_b4": 1,
      "_1_b5": 1,
      "_1_b6": 1,
      "_1_b7": 1,
      "_1_b8": 1
    },
    {
      "col1": "32 (100.0%)",
      "text": "   n",
      "_nr_": 1,
      "_kind_": 9,
      "_ord_": 1,
      "_newvar": 2,
      "_widownr": 2,
      "pos": null,
      "_posi_":       10,
      "error": 0,
      "_orderN": 12,
      "_n_free": 0,
      "_n_tog": 0,
      "_n_tog_uni":        2,
      "_n_freeR": 0,
      "_n_togR": 0,
      "_obsid_": 12,
      "_1_b1": 0,
      "_1_b2": 0,
      "_1_b3": 0,
      "_1_b4": 0,
      "_1_b5": 1,
      "_1_b6": 1,
      "_1_b7": 1,
      "_1_b8": 1
    },
    {
      "col1": " 4 ( 12.5%)",
      "text": "   missing",
      "_nr_": 1,
      "_kind_": 9,
      "_ord_": 2,
      "_newvar": 2,
      "_widownr": 2,
      "pos": null,
      "_posi_":       10,
      "error": 0,
      "_orderN": 13,
      "_n_free": 0,
      "_n_tog": 0,
      "_n_tog_uni":        2,
      "_n_freeR": 0,
      "_n_togR": 0,
      "_obsid_": 13,
      "_1_b1": 0,
      "_1_b2": 0,
      "_1_b3": 0,
      "_1_b4": 0,
      "_1_b5": 0,
      "_1_b6": 1,
      "_1_b7": 1,
      "_1_b8": 1
    },
    {
      "col1": "24 ( 75.0%)",
      "text": "   ON DEMAND",
      "_nr_": 1,
      "_kind_": 9,
      "_ord_": 3,
      "_newvar": 2,
      "_widownr": 2,
      "pos": null,
      "_posi_":       10,
      "error": 0,
      "_orderN": 14,
      "_n_free": 0,
      "_n_tog": 0,
      "_n_tog_uni":        2,
      "_n_freeR": 0,
      "_n_togR": 0,
      "_obsid_": 14,
      "_1_b1": 0,
      "_1_b2": 0,
      "_1_b3": 0,
      "_1_b4": 0,
      "_1_b5": 0,
      "_1_b6": 1,
      "_1_b7": 1,
      "_1_b8": 1
    },
    {
      "col1": " 4 ( 12.5%)",
      "text": "   REGULAR PROPHYLAXIS",
      "_nr_": 1,
      "_kind_": 9,
      "_ord_": 4,
      "_newvar": 2,
      "_widownr": 2,
      "pos": null,
      "_posi_":       10,
      "error": 0,
      "_orderN": 15,
      "_n_free": 0,
      "_n_tog": 0,
      "_n_tog_uni":        2,
      "_n_freeR": 1,
      "_n_togR": 1,
      "_obsid_": 15,
      "_1_b1": 0,
      "_1_b2": 0,
      "_1_b3": 0,
      "_1_b4": 0,
      "_1_b5": 0,
      "_1_b6": 1,
      "_1_b7": 1,
      "_1_b8": 1
    },
    {
      "col1": "",
      "text": "Age at Prophylaxis Start",
      "_nr_": 2,
      "_kind_": null,
      "_ord_": null,
      "_newvar": null,
      "_widownr": null,
      "pos": 0,
      "_posi_":       19,
      "error": 0,
      "_orderN": 16,
      "_n_free": 1,
      "_n_tog": 1,
      "_n_tog_uni":        3,
      "_n_freeR": 0,
      "_n_togR": 0,
      "_obsid_": 16,
      "_1_b1": 1,
      "_1_b2": 1,
      "_1_b3": 1,
      "_1_b4": 1,
      "_1_b5": 1,
      "_1_b6": 1,
      "_1_b7": 1,
      "_1_b8": 1
    },
    {
      "col1": "25",
      "text": "   n",
      "_nr_": 2,
      "_kind_": null,
      "_ord_": null,
      "_newvar": null,
      "_widownr": null,
      "pos": 10,
      "_posi_":       19,
      "error": 0,
      "_orderN": 17,
      "_n_free": 0,
      "_n_tog": 0,
      "_n_tog_uni":        3,
      "_n_freeR": 0,
      "_n_togR": 0,
      "_obsid_": 17,
      "_1_b1": 0,
      "_1_b2": 0,
      "_1_b3": 1,
      "_1_b4": 1,
      "_1_b5": 1,
      "_1_b6": 1,
      "_1_b7": 1,
      "_1_b8": 1
    },
    {
      "col1": " 7",
      "text": "   Nmiss",
      "_nr_": 2,
      "_kind_": null,
      "_ord_": null,
      "_newvar": null,
      "_widownr": null,
      "pos": 11,
      "_posi_":       19,
      "error": 0,
      "_orderN": 18,
      "_n_free": 0,
      "_n_tog": 0,
      "_n_tog_uni":        3,
      "_n_freeR": 0,
      "_n_togR": 0,
      "_obsid_": 18,
      "_1_b1": 0,
      "_1_b2": 0,
      "_1_b3": 1,
      "_1_b4": 1,
      "_1_b5": 1,
      "_1_b6": 1,
      "_1_b7": 1,
      "_1_b8": 1
    },
    {
      "col1": "30.6",
      "text": "   Mean",
      "_nr_": 2,
      "_kind_": null,
      "_ord_": null,
      "_newvar": null,
      "_widownr": null,
      "pos": 12,
      "_posi_":       19,
      "error": 0,
      "_orderN": 19,
      "_n_free": 0,
      "_n_tog": 0,
      "_n_tog_uni":        3,
      "_n_freeR": 0,
      "_n_togR": 0,
      "_obsid_": 19,
      "_1_b1": 0,
      "_1_b2": 0,
      "_1_b3": 1,
      "_1_b4": 1,
      "_1_b5": 1,
      "_1_b6": 1,
      "_1_b7": 1,
      "_1_b8": 1
    },
    {
      "col1": "19.2",
      "text": "   SD",
      "_nr_": 2,
      "_kind_": null,
      "_ord_": null,
      "_newvar": null,
      "_widownr": null,
      "pos": 13,
      "_posi_":       19,
      "error": 0,
      "_orderN": 20,
      "_n_free": 0,
      "_n_tog": 0,
      "_n_tog_uni":        3,
      "_n_freeR": 0,
      "_n_togR": 0,
      "_obsid_": 20,
      "_1_b1": 0,
      "_1_b2": 0,
      "_1_b3": 1,
      "_1_b4": 1,
      "_1_b5": 1,
      "_1_b6": 1,
      "_1_b7": 1,
      "_1_b8": 1
    },
    {
      "col1": " 0",
      "text": "   Min",
      "_nr_": 2,
      "_kind_": null,
      "_ord_": null,
      "_newvar": null,
      "_widownr": null,
      "pos": 14,
      "_posi_":       19,
      "error": 0,
      "_orderN": 21,
      "_n_free": 0,
      "_n_tog": 0,
      "_n_tog_uni":        3,
      "_n_freeR": 0,
      "_n_togR": 0,
      "_obsid_": 21,
      "_1_b1": 0,
      "_1_b2": 0,
      "_1_b3": 1,
      "_1_b4": 1,
      "_1_b5": 1,
      "_1_b6": 1,
      "_1_b7": 1,
      "_1_b8": 1
    },
    {
      "col1": "15.0",
      "text": "   Q1",
      "_nr_": 2,
      "_kind_": null,
      "_ord_": null,
      "_newvar": null,
      "_widownr": null,
      "pos": 15,
      "_posi_":       19,
      "error": 0,
      "_orderN": 22,
      "_n_free": 0,
      "_n_tog": 0,
      "_n_tog_uni":        3,
      "_n_freeR": 0,
      "_n_togR": 0,
      "_obsid_": 22,
      "_1_b1": 0,
      "_1_b2": 0,
      "_1_b3": 1,
      "_1_b4": 1,
      "_1_b5": 1,
      "_1_b6": 1,
      "_1_b7": 1,
      "_1_b8": 1
    },
    {
      "col1": "32.0",
      "text": "   Median",
      "_nr_": 2,
      "_kind_": null,
      "_ord_": null,
      "_newvar": null,
      "_widownr": null,
      "pos": 16,
      "_posi_":       19,
      "error": 0,
      "_orderN": 23,
      "_n_free": 0,
      "_n_tog": 0,
      "_n_tog_uni":        3,
      "_n_freeR": 0,
      "_n_togR": 0,
      "_obsid_": 23,
      "_1_b1": 0,
      "_1_b2": 0,
      "_1_b3": 1,
      "_1_b4": 1,
      "_1_b5": 1,
      "_1_b6": 1,
      "_1_b7": 1,
      "_1_b8": 1
    },
    {
      "col1": "47.0",
      "text": "   Q3",
      "_nr_": 2,
      "_kind_": null,
      "_ord_": null,
      "_newvar": null,
      "_widownr": null,
      "pos": 17,
      "_posi_":       19,
      "error": 0,
      "_orderN": 24,
      "_n_free": 0,
      "_n_tog": 0,
      "_n_tog_uni":        3,
      "_n_freeR": 0,
      "_n_togR": 0,
      "_obsid_": 24,
      "_1_b1": 0,
      "_1_b2": 0,
      "_1_b3": 1,
      "_1_b4": 1,
      "_1_b5": 1,
      "_1_b6": 1,
      "_1_b7": 1,
      "_1_b8": 1
    },
    {
      "col1": "64",
      "text": "   Max",
      "_nr_": 2,
      "_kind_": null,
      "_ord_": null,
      "_newvar": null,
      "_widownr": null,
      "pos": 18,
      "_posi_":       19,
      "error": 0,
      "_orderN": 25,
      "_n_free": 0,
      "_n_tog": 0,
      "_n_tog_uni":        3,
      "_n_freeR": 1,
      "_n_togR": 1,
      "_obsid_": 25,
      "_1_b1": 0,
      "_1_b2": 0,
      "_1_b3": 1,
      "_1_b4": 1,
      "_1_b5": 1,
      "_1_b6": 1,
      "_1_b7": 1,
      "_1_b8": 1
    },
    {
      "col1": "",
      "text": "Type of FVIII Gene Mutation",
      "_nr_": 2,
      "_kind_": 0,
      "_ord_": 1,
      "_newvar": 1,
      "_widownr": 3,
      "pos": null,
      "_posi_":       27,
      "error": 0,
      "_orderN": 26,
      "_n_free": 1,
      "_n_tog": 1,
      "_n_tog_uni":        4,
      "_n_freeR": 0,
      "_n_togR": 0,
      "_obsid_": 26,
      "_1_b1": 1,
      "_1_b2": 1,
      "_1_b3": 1,
      "_1_b4": 1,
      "_1_b5": 1,
      "_1_b6": 1,
      "_1_b7": 1,
      "_1_b8": 1
    },
    {
      "col1": "32 (100.0%)",
      "text": "   n",
      "_nr_": 2,
      "_kind_": 9,
      "_ord_": 1,
      "_newvar": 2,
      "_widownr": 3,
      "pos": null,
      "_posi_":       27,
      "error": 0,
      "_orderN": 27,
      "_n_free": 0,
      "_n_tog": 0,
      "_n_tog_uni":        4,
      "_n_freeR": 0,
      "_n_togR": 0,
      "_obsid_": 27,
      "_1_b1": 0,
      "_1_b2": 0,
      "_1_b3": 0,
      "_1_b4": 0,
      "_1_b5": 1,
      "_1_b6": 1,
      "_1_b7": 1,
      "_1_b8": 1
    },
    {
      "col1": " 3 (  9.4%)",
      "text": "   missing",
      "_nr_": 2,
      "_kind_": 9,
      "_ord_": 2,
      "_newvar": 2,
      "_widownr": 3,
      "pos": null,
      "_posi_":       27,
      "error": 0,
      "_orderN": 28,
      "_n_free": 0,
      "_n_tog": 0,
      "_n_tog_uni":        4,
      "_n_freeR": 0,
      "_n_togR": 0,
      "_obsid_": 28,
      "_1_b1": 0,
      "_1_b2": 0,
      "_1_b3": 0,
      "_1_b4": 0,
      "_1_b5": 0,
      "_1_b6": 1,
      "_1_b7": 1,
      "_1_b8": 1
    },
    {
      "col1": " 5 ( 15.6%)",
      "text": "   INTRON 22 INVERSION",
      "_nr_": 2,
      "_kind_": 9,
      "_ord_": 3,
      "_newvar": 2,
      "_widownr": 3,
      "pos": null,
      "_posi_":       27,
      "error": 0,
      "_orderN": 29,
      "_n_free": 0,
      "_n_tog": 0,
      "_n_tog_uni":        4,
      "_n_freeR": 0,
      "_n_togR": 0,
      "_obsid_": 29,
      "_1_b1": 0,
      "_1_b2": 0,
      "_1_b3": 0,
      "_1_b4": 0,
      "_1_b5": 0,
      "_1_b6": 1,
      "_1_b7": 1,
      "_1_b8": 1
    },
    {
      "col1": " 1 (  3.1%)",
      "text": "   SMALL DELETION",
      "_nr_": 2,
      "_kind_": 9,
      "_ord_": 4,
      "_newvar": 2,
      "_widownr": 3,
      "pos": null,
      "_posi_":       27,
      "error": 0,
      "_orderN": 30,
      "_n_free": 0,
      "_n_tog": 0,
      "_n_tog_uni":        4,
      "_n_freeR": 0,
      "_n_togR": 0,
      "_obsid_": 30,
      "_1_b1": 0,
      "_1_b2": 0,
      "_1_b3": 0,
      "_1_b4": 0,
      "_1_b5": 0,
      "_1_b6": 1,
      "_1_b7": 1,
      "_1_b8": 1
    },
    {
      "col1": " 2 (  6.3%)",
      "text": "   NO MUTATION",
      "_nr_": 2,
      "_kind_": 9,
      "_ord_": 5,
      "_newvar": 2,
      "_widownr": 3,
      "pos": null,
      "_posi_":       27,
      "error": 0,
      "_orderN": 31,
      "_n_free": 0,
      "_n_tog": 0,
      "_n_tog_uni":        4,
      "_n_freeR": 0,
      "_n_togR": 0,
      "_obsid_": 31,
      "_1_b1": 0,
      "_1_b2": 0,
      "_1_b3": 0,
      "_1_b4": 0,
      "_1_b5": 0,
      "_1_b6": 1,
      "_1_b7": 1,
      "_1_b8": 1
    },
    {
      "col1": "18 ( 56.3%)",
      "text": "   NOT AVAILABLE",
      "_nr_": 2,
      "_kind_": 9,
      "_ord_": 6,
      "_newvar": 2,
      "_widownr": 3,
      "pos": null,
      "_posi_":       27,
      "error": 0,
      "_orderN": 32,
      "_n_free": 0,
      "_n_tog": 0,
      "_n_tog_uni":        4,
      "_n_freeR": 0,
      "_n_togR": 0,
      "_obsid_": 32,
      "_1_b1": 0,
      "_1_b2": 0,
      "_1_b3": 0,
      "_1_b4": 0,
      "_1_b5": 0,
      "_1_b6": 1,
      "_1_b7": 1,
      "_1_b8": 1
    },
    {
      "col1": " 3 (  9.4%)",
      "text": "   OTHER",
      "_nr_": 2,
      "_kind_": 9,
      "_ord_": 7,
      "_newvar": 2,
      "_widownr": 3,
      "pos": null,
      "_posi_":       27,
      "error": 0,
      "_orderN": 33,
      "_n_free": 0,
      "_n_tog": 0,
      "_n_tog_uni":        4,
      "_n_freeR": 1,
      "_n_togR": 1,
      "_obsid_": 33,
      "_1_b1": 0,
      "_1_b2": 0,
      "_1_b3": 0,
      "_1_b4": 0,
      "_1_b5": 0,
      "_1_b6": 1,
      "_1_b7": 1,
      "_1_b8": 1
    },
    {
      "col1": "",
      "text": "Family History of Hemophilia",
      "_nr_": 3,
      "_kind_": 0,
      "_ord_": 1,
      "_newvar": 1,
      "_widownr": 4,
      "pos": null,
      "_posi_":       34,
      "error": 0,
      "_orderN": 34,
      "_n_free": 1,
      "_n_tog": 1,
      "_n_tog_uni":        5,
      "_n_freeR": 0,
      "_n_togR": 0,
      "_obsid_": 34,
      "_1_b1": 1,
      "_1_b2": 1,
      "_1_b3": 1,
      "_1_b4": 1,
      "_1_b5": 1,
      "_1_b6": 1,
      "_1_b7": 1,
      "_1_b8": 1
    },
    {
      "col1": "32 (100.0%)",
      "text": "   n",
      "_nr_": 3,
      "_kind_": 9,
      "_ord_": 1,
      "_newvar": 2,
      "_widownr": 4,
      "pos": null,
      "_posi_":       34,
      "error": 0,
      "_orderN": 35,
      "_n_free": 0,
      "_n_tog": 0,
      "_n_tog_uni":        5,
      "_n_freeR": 0,
      "_n_togR": 0,
      "_obsid_": 35,
      "_1_b1": 0,
      "_1_b2": 0,
      "_1_b3": 0,
      "_1_b4": 0,
      "_1_b5": 1,
      "_1_b6": 1,
      "_1_b7": 1,
      "_1_b8": 1
    },
    {
      "col1": " 1 (  3.1%)",
      "text": "   missing",
      "_nr_": 3,
      "_kind_": 9,
      "_ord_": 2,
      "_newvar": 2,
      "_widownr": 4,
      "pos": null,
      "_posi_":       34,
      "error": 0,
      "_orderN": 36,
      "_n_free": 0,
      "_n_tog": 0,
      "_n_tog_uni":        5,
      "_n_freeR": 0,
      "_n_togR": 0,
      "_obsid_": 36,
      "_1_b1": 0,
      "_1_b2": 0,
      "_1_b3": 0,
      "_1_b4": 0,
      "_1_b5": 0,
      "_1_b6": 1,
      "_1_b7": 1,
      "_1_b8": 1
    },
    {
      "col1": "10 ( 31.3%)",
      "text": "   NO",
      "_nr_": 3,
      "_kind_": 9,
      "_ord_": 3,
      "_newvar": 2,
      "_widownr": 4,
      "pos": null,
      "_posi_":       34,
      "error": 0,
      "_orderN": 37,
      "_n_free": 0,
      "_n_tog": 0,
      "_n_tog_uni":        5,
      "_n_freeR": 0,
      "_n_togR": 0,
      "_obsid_": 37,
      "_1_b1": 0,
      "_1_b2": 0,
      "_1_b3": 0,
      "_1_b4": 0,
      "_1_b5": 0,
      "_1_b6": 1,
      "_1_b7": 1,
      "_1_b8": 1
    },
    {
      "col1": "18 ( 56.3%)",
      "text": "   YES",
      "_nr_": 3,
      "_kind_": 9,
      "_ord_": 4,
      "_newvar": 2,
      "_widownr": 4,
      "pos": null,
      "_posi_":       34,
      "error": 0,
      "_orderN": 38,
      "_n_free": 0,
      "_n_tog": 0,
      "_n_tog_uni":        5,
      "_n_freeR": 0,
      "_n_togR": 0,
      "_obsid_": 38,
      "_1_b1": 0,
      "_1_b2": 0,
      "_1_b3": 0,
      "_1_b4": 0,
      "_1_b5": 0,
      "_1_b6": 1,
      "_1_b7": 1,
      "_1_b8": 1
    },
    {
      "col1": " 3 (  9.4%)",
      "text": "   UNKNOWN",
      "_nr_": 3,
      "_kind_": 9,
      "_ord_": 5,
      "_newvar": 2,
      "_widownr": 4,
      "pos": null,
      "_posi_":       34,
      "error": 0,
      "_orderN": 39,
      "_n_free": 0,
      "_n_tog": 0,
      "_n_tog_uni":        5,
      "_n_freeR": 1,
      "_n_togR": 1,
      "_obsid_": 39,
      "_1_b1": 0,
      "_1_b2": 0,
      "_1_b3": 0,
      "_1_b4": 0,
      "_1_b5": 0,
      "_1_b6": 1,
      "_1_b7": 1,
      "_1_b8": 1
    },
    {
      "col1": "",
      "text": "Family History of Inhibitors",
      "_nr_": 4,
      "_kind_": 0,
      "_ord_": 1,
      "_newvar": 1,
      "_widownr": 5,
      "pos": null,
      "_posi_":       43,
      "error": 0,
      "_orderN": 40,
      "_n_free": 1,
      "_n_tog": 1,
      "_n_tog_uni":        6,
      "_n_freeR": 0,
      "_n_togR": 0,
      "_obsid_": 40,
      "_1_b1": 1,
      "_1_b2": 1,
      "_1_b3": 1,
      "_1_b4": 1,
      "_1_b5": 1,
      "_1_b6": 1,
      "_1_b7": 1,
      "_1_b8": 1
    },
    {
      "col1": "32 (100.0%)",
      "text": "   n",
      "_nr_": 4,
      "_kind_": 9,
      "_ord_": 1,
      "_newvar": 2,
      "_widownr": 5,
      "pos": null,
      "_posi_":       43,
      "error": 0,
      "_orderN": 41,
      "_n_free": 0,
      "_n_tog": 0,
      "_n_tog_uni":        6,
      "_n_freeR": 0,
      "_n_togR": 0,
      "_obsid_": 41,
      "_1_b1": 0,
      "_1_b2": 0,
      "_1_b3": 0,
      "_1_b4": 0,
      "_1_b5": 1,
      "_1_b6": 1,
      "_1_b7": 1,
      "_1_b8": 1
    },
    {
      "col1": " 1 (  3.1%)",
      "text": "   missing",
      "_nr_": 4,
      "_kind_": 9,
      "_ord_": 2,
      "_newvar": 2,
      "_widownr": 5,
      "pos": null,
      "_posi_":       43,
      "error": 0,
      "_orderN": 42,
      "_n_free": 0,
      "_n_tog": 0,
      "_n_tog_uni":        6,
      "_n_freeR": 0,
      "_n_togR": 0,
      "_obsid_": 42,
      "_1_b1": 0,
      "_1_b2": 0,
      "_1_b3": 0,
      "_1_b4": 0,
      "_1_b5": 0,
      "_1_b6": 1,
      "_1_b7": 1,
      "_1_b8": 1
    },
    {
      "col1": "23 ( 71.9%)",
      "text": "   NO",
      "_nr_": 4,
      "_kind_": 9,
      "_ord_": 3,
      "_newvar": 2,
      "_widownr": 5,
      "pos": null,
      "_posi_":       43,
      "error": 0,
      "_orderN": 43,
      "_n_free": 0,
      "_n_tog": 0,
      "_n_tog_uni":        6,
      "_n_freeR": 0,
      "_n_togR": 0,
      "_obsid_": 43,
      "_1_b1": 0,
      "_1_b2": 0,
      "_1_b3": 0,
      "_1_b4": 0,
      "_1_b5": 0,
      "_1_b6": 1,
      "_1_b7": 1,
      "_1_b8": 1
    },
    {
      "col1": " 3 (  9.4%)",
      "text": "   YES",
      "_nr_": 4,
      "_kind_": 9,
      "_ord_": 4,
      "_newvar": 2,
      "_widownr": 5,
      "pos": null,
      "_posi_":       43,
      "error": 0,
      "_orderN": 44,
      "_n_free": 0,
      "_n_tog": 0,
      "_n_tog_uni":        6,
      "_n_freeR": 0,
      "_n_togR": 0,
      "_obsid_": 44,
      "_1_b1": 0,
      "_1_b2": 0,
      "_1_b3": 0,
      "_1_b4": 0,
      "_1_b5": 0,
      "_1_b6": 1,
      "_1_b7": 1,
      "_1_b8": 1
    },
    {
      "col1": " 5 ( 15.6%)",
      "text": "   UNKNOWN",
      "_nr_": 4,
      "_kind_": 9,
      "_ord_": 5,
      "_newvar": 2,
      "_widownr": 5,
      "pos": null,
      "_posi_":       43,
      "error": 0,
      "_orderN": 45,
      "_n_free": 0,
      "_n_tog": 0,
      "_n_tog_uni":        6,
      "_n_freeR": 1,
      "_n_togR": 1,
      "_obsid_": 45,
      "_1_b1": 0,
      "_1_b2": 0,
      "_1_b3": 0,
      "_1_b4": 0,
      "_1_b5": 0,
      "_1_b6": 1,
      "_1_b7": 1,
      "_1_b8": 1
    },
    {
      "col1": "",
      "text": "Number of bleeds in the last 12 months",
      "_nr_": 3,
      "_kind_": null,
      "_ord_": null,
      "_newvar": null,
      "_widownr": null,
      "pos": 0,
      "_posi_":       52,
      "error": 0,
      "_orderN": 46,
      "_n_free": 1,
      "_n_tog": 1,
      "_n_tog_uni":        7,
      "_n_freeR": 0,
      "_n_togR": 0,
      "_obsid_": 46,
      "_1_b1": 1,
      "_1_b2": 1,
      "_1_b3": 1,
      "_1_b4": 1,
      "_1_b5": 1,
      "_1_b6": 1,
      "_1_b7": 1,
      "_1_b8": 1
    },
    {
      "col1": "30",
      "text": "   n",
      "_nr_": 3,
      "_kind_": null,
      "_ord_": null,
      "_newvar": null,
      "_widownr": null,
      "pos": 19,
      "_posi_":       52,
      "error": 0,
      "_orderN": 47,
      "_n_free": 0,
      "_n_tog": 0,
      "_n_tog_uni":        7,
      "_n_freeR": 0,
      "_n_togR": 0,
      "_obsid_": 47,
      "_1_b1": 0,
      "_1_b2": 0,
      "_1_b3": 1,
      "_1_b4": 1,
      "_1_b5": 1,
      "_1_b6": 1,
      "_1_b7": 1,
      "_1_b8": 1
    },
    {
      "col1": " 2",
      "text": "   Nmiss",
      "_nr_": 3,
      "_kind_": null,
      "_ord_": null,
      "_newvar": null,
      "_widownr": null,
      "pos": 20,
      "_posi_":       52,
      "error": 0,
      "_orderN": 48,
      "_n_free": 0,
      "_n_tog": 0,
      "_n_tog_uni":        7,
      "_n_freeR": 0,
      "_n_togR": 0,
      "_obsid_": 48,
      "_1_b1": 0,
      "_1_b2": 0,
      "_1_b3": 1,
      "_1_b4": 1,
      "_1_b5": 1,
      "_1_b6": 1,
      "_1_b7": 1,
      "_1_b8": 1
    },
    {
      "col1": " 6.5",
      "text": "   Mean",
      "_nr_": 3,
      "_kind_": null,
      "_ord_": null,
      "_newvar": null,
      "_widownr": null,
      "pos": 21,
      "_posi_":       52,
      "error": 0,
      "_orderN": 49,
      "_n_free": 0,
      "_n_tog": 0,
      "_n_tog_uni":        7,
      "_n_freeR": 0,
      "_n_togR": 0,
      "_obsid_": 49,
      "_1_b1": 0,
      "_1_b2": 0,
      "_1_b3": 1,
      "_1_b4": 1,
      "_1_b5": 1,
      "_1_b6": 1,
      "_1_b7": 1,
      "_1_b8": 1
    },
    {
      "col1": " 9.5",
      "text": "   SD",
      "_nr_": 3,
      "_kind_": null,
      "_ord_": null,
      "_newvar": null,
      "_widownr": null,
      "pos": 22,
      "_posi_":       52,
      "error": 0,
      "_orderN": 50,
      "_n_free": 0,
      "_n_tog": 0,
      "_n_tog_uni":        7,
      "_n_freeR": 0,
      "_n_togR": 0,
      "_obsid_": 50,
      "_1_b1": 0,
      "_1_b2": 0,
      "_1_b3": 1,
      "_1_b4": 1,
      "_1_b5": 1,
      "_1_b6": 1,
      "_1_b7": 1,
      "_1_b8": 1
    },
    {
      "col1": " 0",
      "text": "   Min",
      "_nr_": 3,
      "_kind_": null,
      "_ord_": null,
      "_newvar": null,
      "_widownr": null,
      "pos": 23,
      "_posi_":       52,
      "error": 0,
      "_orderN": 51,
      "_n_free": 0,
      "_n_tog": 0,
      "_n_tog_uni":        7,
      "_n_freeR": 0,
      "_n_togR": 0,
      "_obsid_": 51,
      "_1_b1": 0,
      "_1_b2": 0,
      "_1_b3": 1,
      "_1_b4": 1,
      "_1_b5": 1,
      "_1_b6": 1,
      "_1_b7": 1,
      "_1_b8": 1
    },
    {
      "col1": " 0.0",
      "text": "   Q1",
      "_nr_": 3,
      "_kind_": null,
      "_ord_": null,
      "_newvar": null,
      "_widownr": null,
      "pos": 24,
      "_posi_":       52,
      "error": 0,
      "_orderN": 52,
      "_n_free": 0,
      "_n_tog": 0,
      "_n_tog_uni":        7,
      "_n_freeR": 0,
      "_n_togR": 0,
      "_obsid_": 52,
      "_1_b1": 0,
      "_1_b2": 0,
      "_1_b3": 1,
      "_1_b4": 1,
      "_1_b5": 1,
      "_1_b6": 1,
      "_1_b7": 1,
      "_1_b8": 1
    },
    {
      "col1": " 2.0",
      "text": "   Median",
      "_nr_": 3,
      "_kind_": null,
      "_ord_": null,
      "_newvar": null,
      "_widownr": null,
      "pos": 25,
      "_posi_":       52,
      "error": 0,
      "_orderN": 53,
      "_n_free": 0,
      "_n_tog": 0,
      "_n_tog_uni":        7,
      "_n_freeR": 0,
      "_n_togR": 0,
      "_obsid_": 53,
      "_1_b1": 0,
      "_1_b2": 0,
      "_1_b3": 1,
      "_1_b4": 1,
      "_1_b5": 1,
      "_1_b6": 1,
      "_1_b7": 1,
      "_1_b8": 1
    },
    {
      "col1": " 9.0",
      "text": "   Q3",
      "_nr_": 3,
      "_kind_": null,
      "_ord_": null,
      "_newvar": null,
      "_widownr": null,
      "pos": 26,
      "_posi_":       52,
      "error": 0,
      "_orderN": 54,
      "_n_free": 0,
      "_n_tog": 0,
      "_n_tog_uni":        7,
      "_n_freeR": 0,
      "_n_togR": 0,
      "_obsid_": 54,
      "_1_b1": 0,
      "_1_b2": 0,
      "_1_b3": 1,
      "_1_b4": 1,
      "_1_b5": 1,
      "_1_b6": 1,
      "_1_b7": 1,
      "_1_b8": 1
    },
    {
      "col1": "36",
      "text": "   Max",
      "_nr_": 3,
      "_kind_": null,
      "_ord_": null,
      "_newvar": null,
      "_widownr": null,
      "pos": 27,
      "_posi_":       52,
      "error": 0,
      "_orderN": 55,
      "_n_free": 0,
      "_n_tog": 0,
      "_n_tog_uni":        7,
      "_n_freeR": 1,
      "_n_togR": 1,
      "_obsid_": 55,
      "_1_b1": 0,
      "_1_b2": 0,
      "_1_b3": 1,
      "_1_b4": 1,
      "_1_b5": 1,
      "_1_b6": 1,
      "_1_b7": 1,
      "_1_b8": 1
    },
    {
      "col1": "",
      "text": "Number of joint bleeds in the last 12 months",
      "_nr_": 4,
      "_kind_": null,
      "_ord_": null,
      "_newvar": null,
      "_widownr": null,
      "pos": 0,
      "_posi_":       60,
      "error": 0,
      "_orderN": 56,
      "_n_free": 1,
      "_n_tog": 1,
      "_n_tog_uni":        8,
      "_n_freeR": 0,
      "_n_togR": 0,
      "_obsid_": 56,
      "_1_b1": 1,
      "_1_b2": 1,
      "_1_b3": 1,
      "_1_b4": 1,
      "_1_b5": 1,
      "_1_b6": 1,
      "_1_b7": 1,
      "_1_b8": 1
    },
    {
      "col1": "30",
      "text": "   n",
      "_nr_": 4,
      "_kind_": null,
      "_ord_": null,
      "_newvar": null,
      "_widownr": null,
      "pos": 28,
      "_posi_":       60,
      "error": 0,
      "_orderN": 57,
      "_n_free": 0,
      "_n_tog": 0,
      "_n_tog_uni":        8,
      "_n_freeR": 0,
      "_n_togR": 0,
      "_obsid_": 57,
      "_1_b1": 0,
      "_1_b2": 0,
      "_1_b3": 1,
      "_1_b4": 1,
      "_1_b5": 1,
      "_1_b6": 1,
      "_1_b7": 1,
      "_1_b8": 1
    },
    {
      "col1": " 2",
      "text": "   Nmiss",
      "_nr_": 4,
      "_kind_": null,
      "_ord_": null,
      "_newvar": null,
      "_widownr": null,
      "pos": 29,
      "_posi_":       60,
      "error": 0,
      "_orderN": 58,
      "_n_free": 0,
      "_n_tog": 0,
      "_n_tog_uni":        8,
      "_n_freeR": 0,
      "_n_togR": 0,
      "_obsid_": 58,
      "_1_b1": 0,
      "_1_b2": 0,
      "_1_b3": 1,
      "_1_b4": 1,
      "_1_b5": 1,
      "_1_b6": 1,
      "_1_b7": 1,
      "_1_b8": 1
    },
    {
      "col1": " 4.6",
      "text": "   Mean",
      "_nr_": 4,
      "_kind_": null,
      "_ord_": null,
      "_newvar": null,
      "_widownr": null,
      "pos": 30,
      "_posi_":       60,
      "error": 0,
      "_orderN": 59,
      "_n_free": 0,
      "_n_tog": 0,
      "_n_tog_uni":        8,
      "_n_freeR": 0,
      "_n_togR": 0,
      "_obsid_": 59,
      "_1_b1": 0,
      "_1_b2": 0,
      "_1_b3": 1,
      "_1_b4": 1,
      "_1_b5": 1,
      "_1_b6": 1,
      "_1_b7": 1,
      "_1_b8": 1
    },
    {
      "col1": " 8.9",
      "text": "   SD",
      "_nr_": 4,
      "_kind_": null,
      "_ord_": null,
      "_newvar": null,
      "_widownr": null,
      "pos": 31,
      "_posi_":       60,
      "error": 0,
      "_orderN": 60,
      "_n_free": 0,
      "_n_tog": 0,
      "_n_tog_uni":        8,
      "_n_freeR": 0,
      "_n_togR": 0,
      "_obsid_": 60,
      "_1_b1": 0,
      "_1_b2": 0,
      "_1_b3": 1,
      "_1_b4": 1,
      "_1_b5": 1,
      "_1_b6": 1,
      "_1_b7": 1,
      "_1_b8": 1
    },
    {
      "col1": " 0",
      "text": "   Min",
      "_nr_": 4,
      "_kind_": null,
      "_ord_": null,
      "_newvar": null,
      "_widownr": null,
      "pos": 32,
      "_posi_":       60,
      "error": 0,
      "_orderN": 61,
      "_n_free": 0,
      "_n_tog": 0,
      "_n_tog_uni":        8,
      "_n_freeR": 0,
      "_n_togR": 0,
      "_obsid_": 61,
      "_1_b1": 0,
      "_1_b2": 0,
      "_1_b3": 1,
      "_1_b4": 1,
      "_1_b5": 1,
      "_1_b6": 1,
      "_1_b7": 1,
      "_1_b8": 1
    },
    {
      "col1": " 0.0",
      "text": "   Q1",
      "_nr_": 4,
      "_kind_": null,
      "_ord_": null,
      "_newvar": null,
      "_widownr": null,
      "pos": 33,
      "_posi_":       60,
      "error": 0,
      "_orderN": 62,
      "_n_free": 0,
      "_n_tog": 0,
      "_n_tog_uni":        8,
      "_n_freeR": 0,
      "_n_togR": 0,
      "_obsid_": 62,
      "_1_b1": 0,
      "_1_b2": 0,
      "_1_b3": 1,
      "_1_b4": 1,
      "_1_b5": 1,
      "_1_b6": 1,
      "_1_b7": 1,
      "_1_b8": 1
    },
    {
      "col1": " 0.0",
      "text": "   Median",
      "_nr_": 4,
      "_kind_": null,
      "_ord_": null,
      "_newvar": null,
      "_widownr": null,
      "pos": 34,
      "_posi_":       60,
      "error": 0,
      "_orderN": 63,
      "_n_free": 0,
      "_n_tog": 0,
      "_n_tog_uni":        8,
      "_n_freeR": 0,
      "_n_togR": 0,
      "_obsid_": 63,
      "_1_b1": 0,
      "_1_b2": 0,
      "_1_b3": 1,
      "_1_b4": 1,
      "_1_b5": 1,
      "_1_b6": 1,
      "_1_b7": 1,
      "_1_b8": 1
    },
    {
      "col1": " 6.0",
      "text": "   Q3",
      "_nr_": 4,
      "_kind_": null,
      "_ord_": null,
      "_newvar": null,
      "_widownr": null,
      "pos": 35,
      "_posi_":       60,
      "error": 0,
      "_orderN": 64,
      "_n_free": 0,
      "_n_tog": 0,
      "_n_tog_uni":        8,
      "_n_freeR": 0,
      "_n_togR": 0,
      "_obsid_": 64,
      "_1_b1": 0,
      "_1_b2": 0,
      "_1_b3": 1,
      "_1_b4": 1,
      "_1_b5": 1,
      "_1_b6": 1,
      "_1_b7": 1,
      "_1_b8": 1
    },
    {
      "col1": "36",
      "text": "   Max",
      "_nr_": 4,
      "_kind_": null,
      "_ord_": null,
      "_newvar": null,
      "_widownr": null,
      "pos": 36,
      "_posi_":       60,
      "error": 0,
      "_orderN": 65,
      "_n_free": 0,
      "_n_tog": 0,
      "_n_tog_uni":        8,
      "_n_freeR": 1,
      "_n_togR": 1,
      "_obsid_": 65,
      "_1_b1": 0,
      "_1_b2": 0,
      "_1_b3": 1,
      "_1_b4": 1,
      "_1_b5": 1,
      "_1_b6": 1,
      "_1_b7": 1,
      "_1_b8": 1
    },
    {
      "col1": "",
      "text": "Target Joint Present",
      "_nr_": 5,
      "_kind_": 0,
      "_ord_": 1,
      "_newvar": 1,
      "_widownr": 6,
      "pos": null,
      "_posi_":       69,
      "error": 0,
      "_orderN": 66,
      "_n_free": 1,
      "_n_tog": 1,
      "_n_tog_uni":        9,
      "_n_freeR": 0,
      "_n_togR": 0,
      "_obsid_": 66,
      "_1_b1": 1,
      "_1_b2": 1,
      "_1_b3": 1,
      "_1_b4": 1,
      "_1_b5": 1,
      "_1_b6": 1,
      "_1_b7": 1,
      "_1_b8": 1
    },
    {
      "col1": "32 (100.0%)",
      "text": "   n",
      "_nr_": 5,
      "_kind_": 9,
      "_ord_": 1,
      "_newvar": 2,
      "_widownr": 6,
      "pos": null,
      "_posi_":       69,
      "error": 0,
      "_orderN": 67,
      "_n_free": 0,
      "_n_tog": 0,
      "_n_tog_uni":        9,
      "_n_freeR": 0,
      "_n_togR": 0,
      "_obsid_": 67,
      "_1_b1": 0,
      "_1_b2": 0,
      "_1_b3": 0,
      "_1_b4": 0,
      "_1_b5": 1,
      "_1_b6": 1,
      "_1_b7": 1,
      "_1_b8": 1
    },
    {
      "col1": " 1 (  3.1%)",
      "text": "   missing",
      "_nr_": 5,
      "_kind_": 9,
      "_ord_": 2,
      "_newvar": 2,
      "_widownr": 6,
      "pos": null,
      "_posi_":       69,
      "error": 0,
      "_orderN": 68,
      "_n_free": 0,
      "_n_tog": 0,
      "_n_tog_uni":        9,
      "_n_freeR": 0,
      "_n_togR": 0,
      "_obsid_": 68,
      "_1_b1": 0,
      "_1_b2": 0,
      "_1_b3": 0,
      "_1_b4": 0,
      "_1_b5": 0,
      "_1_b6": 1,
      "_1_b7": 1,
      "_1_b8": 1
    },
    {
      "col1": "21 ( 65.6%)",
      "text": "   NO",
      "_nr_": 5,
      "_kind_": 9,
      "_ord_": 3,
      "_newvar": 2,
      "_widownr": 6,
      "pos": null,
      "_posi_":       69,
      "error": 0,
      "_orderN": 69,
      "_n_free": 0,
      "_n_tog": 0,
      "_n_tog_uni":        9,
      "_n_freeR": 0,
      "_n_togR": 0,
      "_obsid_": 69,
      "_1_b1": 0,
      "_1_b2": 0,
      "_1_b3": 0,
      "_1_b4": 0,
      "_1_b5": 0,
      "_1_b6": 1,
      "_1_b7": 1,
      "_1_b8": 1
    },
    {
      "col1": "10 ( 31.3%)",
      "text": "   YES",
      "_nr_": 5,
      "_kind_": 9,
      "_ord_": 4,
      "_newvar": 2,
      "_widownr": 6,
      "pos": null,
      "_posi_":       69,
      "error": 0,
      "_orderN": 70,
      "_n_free": 0,
      "_n_tog": 0,
      "_n_tog_uni":        9,
      "_n_freeR": 1,
      "_n_togR": 1,
      "_obsid_": 70,
      "_1_b1": 0,
      "_1_b2": 0,
      "_1_b3": 0,
      "_1_b4": 0,
      "_1_b5": 0,
      "_1_b6": 1,
      "_1_b7": 1,
      "_1_b8": 1
    },
    {
      "col1": "",
      "text": "Number of target joints",
      "_nr_": 6,
      "_kind_": 0,
      "_ord_": 1,
      "_newvar": 1,
      "_widownr": 7,
      "pos": null,
      "_posi_":       78,
      "error": 0,
      "_orderN": 71,
      "_n_free": 1,
      "_n_tog": 1,
      "_n_tog_uni":       10,
      "_n_freeR": 0,
      "_n_togR": 0,
      "_obsid_": 71,
      "_1_b1": 1,
      "_1_b2": 1,
      "_1_b3": 1,
      "_1_b4": 1,
      "_1_b5": 1,
      "_1_b6": 1,
      "_1_b7": 1,
      "_1_b8": 1
    },
    {
      "col1": "32 (100.0%)",
      "text": "   n",
      "_nr_": 6,
      "_kind_": 9,
      "_ord_": 1,
      "_newvar": 2,
      "_widownr": 7,
      "pos": null,
      "_posi_":       78,
      "error": 0,
      "_orderN": 72,
      "_n_free": 0,
      "_n_tog": 0,
      "_n_tog_uni":       10,
      "_n_freeR": 0,
      "_n_togR": 0,
      "_obsid_": 72,
      "_1_b1": 0,
      "_1_b2": 0,
      "_1_b3": 0,
      "_1_b4": 0,
      "_1_b5": 1,
      "_1_b6": 1,
      "_1_b7": 1,
      "_1_b8": 1
    },
    {
      "col1": "21 ( 65.6%)",
      "text": "   0",
      "_nr_": 6,
      "_kind_": 9,
      "_ord_": 2,
      "_newvar": 2,
      "_widownr": 7,
      "pos": null,
      "_posi_":       78,
      "error": 0,
      "_orderN": 73,
      "_n_free": 0,
      "_n_tog": 0,
      "_n_tog_uni":       10,
      "_n_freeR": 0,
      "_n_togR": 0,
      "_obsid_": 73,
      "_1_b1": 0,
      "_1_b2": 0,
      "_1_b3": 0,
      "_1_b4": 0,
      "_1_b5": 0,
      "_1_b6": 1,
      "_1_b7": 1,
      "_1_b8": 1
    },
    {
      "col1": " 5 ( 15.6%)",
      "text": "   1",
      "_nr_": 6,
      "_kind_": 9,
      "_ord_": 3,
      "_newvar": 2,
      "_widownr": 7,
      "pos": null,
      "_posi_":       78,
      "error": 0,
      "_orderN": 74,
      "_n_free": 0,
      "_n_tog": 0,
      "_n_tog_uni":       10,
      "_n_freeR": 0,
      "_n_togR": 0,
      "_obsid_": 74,
      "_1_b1": 0,
      "_1_b2": 0,
      "_1_b3": 0,
      "_1_b4": 0,
      "_1_b5": 0,
      "_1_b6": 1,
      "_1_b7": 1,
      "_1_b8": 1
    },
    {
      "col1": " 4 ( 12.5%)",
      "text": "   2",
      "_nr_": 6,
      "_kind_": 9,
      "_ord_": 4,
      "_newvar": 2,
      "_widownr": 7,
      "pos": null,
      "_posi_":       78,
      "error": 0,
      "_orderN": 75,
      "_n_free": 0,
      "_n_tog": 0,
      "_n_tog_uni":       10,
      "_n_freeR": 0,
      "_n_togR": 0,
      "_obsid_": 75,
      "_1_b1": 0,
      "_1_b2": 0,
      "_1_b3": 0,
      "_1_b4": 0,
      "_1_b5": 0,
      "_1_b6": 1,
      "_1_b7": 1,
      "_1_b8": 1
    },
    {
      "col1": " 1 (  3.1%)",
      "text": "   4",
      "_nr_": 6,
      "_kind_": 9,
      "_ord_": 5,
      "_newvar": 2,
      "_widownr": 7,
      "pos": null,
      "_posi_":       78,
      "error": 0,
      "_orderN": 76,
      "_n_free": 0,
      "_n_tog": 0,
      "_n_tog_uni":       10,
      "_n_freeR": 0,
      "_n_togR": 0,
      "_obsid_": 76,
      "_1_b1": 0,
      "_1_b2": 0,
      "_1_b3": 0,
      "_1_b4": 0,
      "_1_b5": 0,
      "_1_b6": 1,
      "_1_b7": 1,
      "_1_b8": 1
    },
    {
      "col1": " 1 (  3.1%)",
      "text": "   6",
      "_nr_": 6,
      "_kind_": 9,
      "_ord_": 6,
      "_newvar": 2,
      "_widownr": 7,
      "pos": null,
      "_posi_":       78,
      "error": 0,
      "_orderN": 77,
      "_n_free": 0,
      "_n_tog": 0,
      "_n_tog_uni":       10,
      "_n_freeR": 1,
      "_n_togR": 1,
      "_obsid_": 77,
      "_1_b1": 0,
      "_1_b2": 0,
      "_1_b3": 0,
      "_1_b4": 0,
      "_1_b5": 0,
      "_1_b6": 1,
      "_1_b7": 1,
      "_1_b8": 1
    },
    {
      "col1": "",
      "text": "Number of target joints per patient",
      "_nr_": 5,
      "_kind_": null,
      "_ord_": null,
      "_newvar": null,
      "_widownr": null,
      "pos": 0,
      "_posi_":       87,
      "error": 0,
      "_orderN": 78,
      "_n_free": 1,
      "_n_tog": 1,
      "_n_tog_uni":       11,
      "_n_freeR": 0,
      "_n_togR": 0,
      "_obsid_": 78,
      "_1_b1": 1,
      "_1_b2": 1,
      "_1_b3": 1,
      "_1_b4": 1,
      "_1_b5": 1,
      "_1_b6": 1,
      "_1_b7": 1,
      "_1_b8": 1
    },
    {
      "col1": "32",
      "text": "   n",
      "_nr_": 5,
      "_kind_": null,
      "_ord_": null,
      "_newvar": null,
      "_widownr": null,
      "pos": 37,
      "_posi_":       87,
      "error": 0,
      "_orderN": 79,
      "_n_free": 0,
      "_n_tog": 0,
      "_n_tog_uni":       11,
      "_n_freeR": 0,
      "_n_togR": 0,
      "_obsid_": 79,
      "_1_b1": 0,
      "_1_b2": 0,
      "_1_b3": 1,
      "_1_b4": 1,
      "_1_b5": 1,
      "_1_b6": 1,
      "_1_b7": 1,
      "_1_b8": 1
    },
    {
      "col1": " 0",
      "text": "   Nmiss",
      "_nr_": 5,
      "_kind_": null,
      "_ord_": null,
      "_newvar": null,
      "_widownr": null,
      "pos": 38,
      "_posi_":       87,
      "error": 0,
      "_orderN": 80,
      "_n_free": 0,
      "_n_tog": 0,
      "_n_tog_uni":       11,
      "_n_freeR": 0,
      "_n_togR": 0,
      "_obsid_": 80,
      "_1_b1": 0,
      "_1_b2": 0,
      "_1_b3": 1,
      "_1_b4": 1,
      "_1_b5": 1,
      "_1_b6": 1,
      "_1_b7": 1,
      "_1_b8": 1
    },
    {
      "col1": " 0.7",
      "text": "   Mean",
      "_nr_": 5,
      "_kind_": null,
      "_ord_": null,
      "_newvar": null,
      "_widownr": null,
      "pos": 39,
      "_posi_":       87,
      "error": 0,
      "_orderN": 81,
      "_n_free": 0,
      "_n_tog": 0,
      "_n_tog_uni":       11,
      "_n_freeR": 0,
      "_n_togR": 0,
      "_obsid_": 81,
      "_1_b1": 0,
      "_1_b2": 0,
      "_1_b3": 1,
      "_1_b4": 1,
      "_1_b5": 1,
      "_1_b6": 1,
      "_1_b7": 1,
      "_1_b8": 1
    },
    {
      "col1": " 1.3",
      "text": "   SD",
      "_nr_": 5,
      "_kind_": null,
      "_ord_": null,
      "_newvar": null,
      "_widownr": null,
      "pos": 40,
      "_posi_":       87,
      "error": 0,
      "_orderN": 82,
      "_n_free": 0,
      "_n_tog": 0,
      "_n_tog_uni":       11,
      "_n_freeR": 0,
      "_n_togR": 0,
      "_obsid_": 82,
      "_1_b1": 0,
      "_1_b2": 0,
      "_1_b3": 1,
      "_1_b4": 1,
      "_1_b5": 1,
      "_1_b6": 1,
      "_1_b7": 1,
      "_1_b8": 1
    },
    {
      "col1": " 0",
      "text": "   Min",
      "_nr_": 5,
      "_kind_": null,
      "_ord_": null,
      "_newvar": null,
      "_widownr": null,
      "pos": 41,
      "_posi_":       87,
      "error": 0,
      "_orderN": 83,
      "_n_free": 0,
      "_n_tog": 0,
      "_n_tog_uni":       11,
      "_n_freeR": 0,
      "_n_togR": 0,
      "_obsid_": 83,
      "_1_b1": 0,
      "_1_b2": 0,
      "_1_b3": 1,
      "_1_b4": 1,
      "_1_b5": 1,
      "_1_b6": 1,
      "_1_b7": 1,
      "_1_b8": 1
    },
    {
      "col1": " 0.0",
      "text": "   Q1",
      "_nr_": 5,
      "_kind_": null,
      "_ord_": null,
      "_newvar": null,
      "_widownr": null,
      "pos": 42,
      "_posi_":       87,
      "error": 0,
      "_orderN": 84,
      "_n_free": 0,
      "_n_tog": 0,
      "_n_tog_uni":       11,
      "_n_freeR": 0,
      "_n_togR": 0,
      "_obsid_": 84,
      "_1_b1": 0,
      "_1_b2": 0,
      "_1_b3": 1,
      "_1_b4": 1,
      "_1_b5": 1,
      "_1_b6": 1,
      "_1_b7": 1,
      "_1_b8": 1
    },
    {
      "col1": " 0.0",
      "text": "   Median",
      "_nr_": 5,
      "_kind_": null,
      "_ord_": null,
      "_newvar": null,
      "_widownr": null,
      "pos": 43,
      "_posi_":       87,
      "error": 0,
      "_orderN": 85,
      "_n_free": 0,
      "_n_tog": 0,
      "_n_tog_uni":       11,
      "_n_freeR": 0,
      "_n_togR": 0,
      "_obsid_": 85,
      "_1_b1": 0,
      "_1_b2": 0,
      "_1_b3": 1,
      "_1_b4": 1,
      "_1_b5": 1,
      "_1_b6": 1,
      "_1_b7": 1,
      "_1_b8": 1
    },
    {
      "col1": " 1.0",
      "text": "   Q3",
      "_nr_": 5,
      "_kind_": null,
      "_ord_": null,
      "_newvar": null,
      "_widownr": null,
      "pos": 44,
      "_posi_":       87,
      "error": 0,
      "_orderN": 86,
      "_n_free": 0,
      "_n_tog": 0,
      "_n_tog_uni":       11,
      "_n_freeR": 0,
      "_n_togR": 0,
      "_obsid_": 86,
      "_1_b1": 0,
      "_1_b2": 0,
      "_1_b3": 1,
      "_1_b4": 1,
      "_1_b5": 1,
      "_1_b6": 1,
      "_1_b7": 1,
      "_1_b8": 1
    },
    {
      "col1": " 6",
      "text": "   Max",
      "_nr_": 5,
      "_kind_": null,
      "_ord_": null,
      "_newvar": null,
      "_widownr": null,
      "pos": 45,
      "_posi_":       87,
      "error": 0,
      "_orderN": 87,
      "_n_free": 0,
      "_n_tog": 0,
      "_n_tog_uni":       11,
      "_n_freeR": 1,
      "_n_togR": 1,
      "_obsid_": 87,
      "_1_b1": 0,
      "_1_b2": 0,
      "_1_b3": 1,
      "_1_b4": 1,
      "_1_b5": 1,
      "_1_b6": 1,
      "_1_b7": 1,
      "_1_b8": 1
    }
  ]
]
