[
  "SASJSONExport",
  "1.0 PRETTY FMTCHARACTER FMTNUMERIC",
  "SASTableData+PROPERTIES_OBJECT",
  [
    {
      "Report_Number": "Table 1.1 / 2",
      "Number_of_Titles": 1,
      "Title1": "Table: Disposition: Treatment (safety analysis set)",
      "Title2": "",
      "Title3": "",
      "Title4": "",
      "Title5": "",
      "Title6": "",
      "Title7": "",
      "Title8": "",
      "Title9": "",
      "Title10": "",
      "Number_of_Footnotes": 1,
      "Footnote1": "Bayer: /var/swan/root/bhc/949027/19764/stat/main01/dev/analysis/pgms/t_dispbyepoch.sas      05OCT2020 14:51",
      "Footnote2": "",
      "Footnote3": "",
      "Footnote4": "",
      "Footnote5": "",
      "Footnote6": "",
      "Footnote7": "",
      "Footnote8": "",
      "Footnote9": "",
      "Footnote10": "",
      "_datalist_program_name": "t_dispbyepoch",
      "_datalist_report_name": "t_dispbyepoch_1",
      "_datalist_by_without_order": "_name_",
      "_datalist_page_without_order": "",
      "_datalist_page_title": "",
      "_datalist_DateTime": "05OCT20:14:51:27",
      "_datalist_Filename": "t_dispbyepoch",
      "_datalist_FilenameListing": "t_dispbyepoch",
      "_datalist_FilenameRTF": "t_dispbyepoch",
      "_datalist_IsPhysicalName": "YES",
      "_datalist_NumberOfOutputObservat": "6",
      "_datalist_PageGroupNumber": "1",
      "_datalist_Prog": "t_dispbyepoch",
      "_datalist_TablesbyObservation": "1",
      "_datalist_TablesbyValues": "",
      "_datalist_TablesbyVariables": "",
      "_datalist_BY": "_order_ fline _name_",
      "_datalist_BYLEN": "",
      "_datalist_CONTBY": "",
      "_datalist_DATA": "m_all",
      "_datalist_FREELINE": "fline",
      "_datalist_HB_ALIGN": "CENTER",
      "_datalist_HC_ALIGN": "",
      "_datalist_HN_ALIGN": "",
      "_datalist_HSPLIT": "'@'",
      "_datalist_HV_ALIGN": "CENTER",
      "_datalist_IGNORE_PRESPACE": "NO",
      "_datalist_LABEL": "NO",
      "_datalist_LAYOUT": "STANDARD",
      "_datalist_MAXLEN": "50",
      "_datalist_NCOLUMN1": "_COL1_ _COL2_ _COL3_ _COL4_ _COL5_",
      "_datalist_OPTIMAL": "NO",
      "_datalist_ORDER": "fline _order_",
      "_datalist_ORDER_VAR": "",
      "_datalist_PAGE": "",
      "_datalist_POSTVAR": "",
      "_datalist_PRINT_EMPTY": "YES",
      "_datalist_REPBY": "NO",
      "_datalist_SPACE": "2",
      "_datalist_SPLIT": "'/ *'",
      "_datalist_SPLITBY": "YES",
      "_datalist_TABLESBY": "",
      "_datalist_TOGETHER": "fline",
      "_datalist_TRANSPOSE": "",
      "_datalist_VAR": "_COL1_ _COL2_ _COL3_ _COL4_ _COL5_",
      "_datalist_VERTICAL_HEADER": "",
      "_datalist_var_actual": "_order_ _name_ _COL5_ _COL1_ _COL2_ _COL3_ _COL4_ fline error _orderN _n_free _n_tog _n_tog_uni _n_freeR _n_togR _obsid_ _1_b1 _1_b2 _1_b3"
    }
  ],
  "SASJSONExport",
  "1.0 PRETTY FMTCHARACTER FMTNUMERIC",
  "SASTableData+HEADER_OBJECT",
  [
    {
      "NAME": "_1_b1",
      "LABEL": "_1_b1"
    },
    {
      "NAME": "_1_b2",
      "LABEL": "_1_b2"
    },
    {
      "NAME": "_1_b3",
      "LABEL": "_1_b3"
    },
    {
      "NAME": "_COL1_",
      "LABEL": "Twice a week@N=9 (100%)"
    },
    {
      "NAME": "_COL2_",
      "LABEL": "Every 5 days@N=11 (100%)"
    },
    {
      "NAME": "_COL3_",
      "LABEL": "Every 7 days@N=7 (100%)"
    },
    {
      "NAME": "_COL4_",
      "LABEL": "Variable frequency@N=5 (100%)"
    },
    {
      "NAME": "_COL5_",
      "LABEL": "Total@N=32 (100%)"
    },
    {
      "NAME": "_n_free",
      "LABEL": "Freeline indicator variable"
    },
    {
      "NAME": "_n_freeR",
      "LABEL": "_n_freeR"
    },
    {
      "NAME": "_n_tog",
      "LABEL": "Together indicator variable"
    },
    {
      "NAME": "_n_togR",
      "LABEL": "_n_togR"
    },
    {
      "NAME": "_n_tog_uni",
      "LABEL": "Together indicator with group blocks"
    },
    {
      "NAME": "_name_",
      "LABEL": "_name_"
    },
    {
      "NAME": "_obsid_",
      "LABEL": "_obsid_"
    },
    {
      "NAME": "_orderN",
      "LABEL": "_orderN"
    },
    {
      "NAME": "_order_",
      "LABEL": "order variable"
    },
    {
      "NAME": "error",
      "LABEL": "error"
    },
    {
      "NAME": "fline",
      "LABEL": "freeline variable"
    }
  ],
  "SASJSONExport",
  "1.0 PRETTY FMTCHARACTER FMTNUMERIC",
  "SASTableData+t_dispbyepoch_1",
  [
    {
      "_order_":        1,
      "_name_": "Ongoing",
      "_COL5_": "29 ( 90.6%)",
      "_COL1_": "6 ( 66.7%)",
      "_COL2_": "11 (100.0%)",
      "_COL3_": "7 (100.0%)",
      "_COL4_": "5 (100.0%)",
      "fline": 1,
      "error": 0,
      "_orderN": 1,
      "_n_free": 1,
      "_n_tog": 1,
      "_n_tog_uni":        1,
      "_n_freeR": 1,
      "_n_togR": 1,
      "_obsid_": 1,
      "_1_b1": 1,
      "_1_b2": 1,
      "_1_b3": 1
    },
    {
      "_order_":        2,
      "_name_": "Not completed",
      "_COL5_": " 3 (  9.4%)",
      "_COL1_": "3 ( 33.3%)",
      "_COL2_": " 0",
      "_COL3_": "0",
      "_COL4_": "0",
      "fline": 2,
      "error": 0,
      "_orderN": 2,
      "_n_free": 1,
      "_n_tog": 1,
      "_n_tog_uni":        2,
      "_n_freeR": 0,
      "_n_togR": 0,
      "_obsid_": 2,
      "_1_b1": 1,
      "_1_b2": 1,
      "_1_b3": 1
    },
    {
      "_order_":  2.00001,
      "_name_": "   Primary reason",
      "_COL5_": "",
      "_COL1_": "",
      "_COL2_": "",
      "_COL3_": "",
      "_COL4_": "",
      "fline": 2,
      "error": 0,
      "_orderN": 3,
      "_n_free": 0,
      "_n_tog": 0,
      "_n_tog_uni":        2,
      "_n_freeR": 0,
      "_n_togR": 0,
      "_obsid_": 3,
      "_1_b1": 1,
      "_1_b2": 1,
      "_1_b3": 1
    },
    {
      "_order_":    2.001,
      "_name_": "      LACK OF EFFICACY",
      "_COL5_": " 1 (  3.1%)",
      "_COL1_": "1 ( 11.1%)",
      "_COL2_": " 0",
      "_COL3_": "0",
      "_COL4_": "0",
      "fline": 2,
      "error": 0,
      "_orderN": 4,
      "_n_free": 0,
      "_n_tog": 0,
      "_n_tog_uni":        2,
      "_n_freeR": 0,
      "_n_togR": 0,
      "_obsid_": 4,
      "_1_b1": 1,
      "_1_b2": 1,
      "_1_b3": 1
    },
    {
      "_order_":    2.002,
      "_name_": "      WITHDRAWAL BY SUBJECT",
      "_COL5_": " 1 (  3.1%)",
      "_COL1_": "1 ( 11.1%)",
      "_COL2_": " 0",
      "_COL3_": "0",
      "_COL4_": "0",
      "fline": 2,
      "error": 0,
      "_orderN": 5,
      "_n_free": 0,
      "_n_tog": 0,
      "_n_tog_uni":        2,
      "_n_freeR": 0,
      "_n_togR": 0,
      "_obsid_": 5,
      "_1_b1": 1,
      "_1_b2": 1,
      "_1_b3": 1
    },
    {
      "_order_":    2.003,
      "_name_": "      PHYSICIAN DECISION",
      "_COL5_": " 1 (  3.1%)",
      "_COL1_": "1 ( 11.1%)",
      "_COL2_": " 0",
      "_COL3_": "0",
      "_COL4_": "0",
      "fline": 2,
      "error": 0,
      "_orderN": 6,
      "_n_free": 0,
      "_n_tog": 0,
      "_n_tog_uni":        2,
      "_n_freeR": 1,
      "_n_togR": 1,
      "_obsid_": 6,
      "_1_b1": 1,
      "_1_b2": 1,
      "_1_b3": 1
    }
  ]
]
