[
  "SASJSONExport",
  "1.0 PRETTY FMTCHARACTER FMTNUMERIC",
  "SASTableData+PROPERTIES_OBJECT",
  [
    {
      "Report_Number": "Table 1.2 / 3",
      "Number_of_Titles": 1,
      "Title1": "Table: Number of subjects per dosing regimen (intent to treat - subjects with at least 24 weeks of treatment duration)",
      "Title2": "",
      "Title3": "",
      "Title4": "",
      "Title5": "",
      "Title6": "",
      "Title7": "",
      "Title8": "",
      "Title9": "",
      "Title10": "",
      "Number_of_Footnotes": 3,
      "Footnote1": "'Variable frequency' includes subjects who changed treatment regimen after Visit 3.",
      "Footnote2": "",
      "Footnote3": "Bayer: /var/swan/root/bhc/949027/19764/stat/main01/dev/analysis/pgms/t_dosing_regimen_24w.sas      05OCT2020 14:51",
      "Footnote4": "",
      "Footnote5": "",
      "Footnote6": "",
      "Footnote7": "",
      "Footnote8": "",
      "Footnote9": "",
      "Footnote10": "",
      "_datalist_program_name": "t_dosing_regimen_24w",
      "_datalist_report_name": "t_dosing_regimen_24w_1",
      "_datalist_by_without_order": "",
      "_datalist_page_without_order": "",
      "_datalist_page_title": "",
      "_datalist_DateTime": "05OCT20:14:51:44",
      "_datalist_Filename": "t_dosing_regimen_24w",
      "_datalist_FilenameListing": "t_dosing_regimen_24w",
      "_datalist_FilenameRTF": "t_dosing_regimen_24w",
      "_datalist_IsPhysicalName": "YES",
      "_datalist_NumberOfOutputObservat": "4",
      "_datalist_PageGroupNumber": "1",
      "_datalist_Prog": "t_dosing_regimen_24w",
      "_datalist_TablesbyObservation": "1",
      "_datalist_TablesbyValues": "",
      "_datalist_TablesbyVariables": "",
      "_datalist_BY": "",
      "_datalist_BYLEN": "",
      "_datalist_CONTBY": "",
      "_datalist_DATA": "final",
      "_datalist_FREELINE": "",
      "_datalist_HB_ALIGN": "CENTER",
      "_datalist_HC_ALIGN": "",
      "_datalist_HN_ALIGN": "",
      "_datalist_HSPLIT": "",
      "_datalist_HV_ALIGN": "CENTER",
      "_datalist_IGNORE_PRESPACE": "NO",
      "_datalist_LABEL": "YES",
      "_datalist_LAYOUT": "STANDARD",
      "_datalist_MAXLEN": "20",
      "_datalist_NCOLUMN1": "",
      "_datalist_OPTIMAL": "NO",
      "_datalist_ORDER": "",
      "_datalist_ORDER_VAR": "",
      "_datalist_PAGE": "",
      "_datalist_POSTVAR": "",
      "_datalist_PRINT_EMPTY": "YES",
      "_datalist_REPBY": "NO",
      "_datalist_SPACE": "2",
      "_datalist_SPLIT": "'/ *'",
      "_datalist_SPLITBY": "YES",
      "_datalist_TABLESBY": "",
      "_datalist_TOGETHER": "",
      "_datalist_TRANSPOSE": "",
      "_datalist_VAR": "_group _column1 _column2 _column3",
      "_datalist_VERTICAL_HEADER": "",
      "_datalist_var_actual": "_group _column1 _column2 _column3 _orderN _obsid_"
    }
  ],
  "SASJSONExport",
  "1.0 PRETTY FMTCHARACTER FMTNUMERIC",
  "SASTableData+HEADER_OBJECT",
  [
    {
      "NAME": "_column1",
      "LABEL": "Analyzed"
    },
    {
      "NAME": "_column2",
      "LABEL": "  At Baseline"
    },
    {
      "NAME": "_column3",
      "LABEL": "  At Visit 3"
    },
    {
      "NAME": "_group",
      "LABEL": "Dosing Regimen"
    },
    {
      "NAME": "_obsid_",
      "LABEL": "_obsid_"
    },
    {
      "NAME": "_orderN",
      "LABEL": "_orderN"
    }
  ],
  "SASJSONExport",
  "1.0 PRETTY FMTCHARACTER FMTNUMERIC",
  "SASTableData+t_dosing_regimen_24w_1",
  [
    {
      "_group": "Twice a week",
      "_column1": "           2(11.1)",
      "_column2": "           2(11.1)",
      "_column3": "           3(16.7)",
      "_orderN": 1,
      "_obsid_": 1
    },
    {
      "_group": "Every 5 days",
      "_column1": "           7(38.9)",
      "_column2": "          16(88.9)",
      "_column3": "           8(44.4)",
      "_orderN": 2,
      "_obsid_": 2
    },
    {
      "_group": "Every 7 days",
      "_column1": "           5(27.8)",
      "_column2": "           0( 0.0)",
      "_column3": "           7(38.9)",
      "_orderN": 3,
      "_obsid_": 3
    },
    {
      "_group": "Variable frequency",
      "_column1": "           4(22.2)",
      "_column2": "           0( 0.0)",
      "_column3": "           0( 0.0)",
      "_orderN": 4,
      "_obsid_": 4
    }
  ]
]
