[
  "SASJSONExport",
  "1.0 PRETTY FMTCHARACTER FMTNUMERIC",
  "SASTableData+PROPERTIES_OBJECT",
  [
    {
      "Report_Number": "Table 1.2 / 8",
      "Number_of_Titles": 1,
      "Title1": "Table: Time in study and exposure days (intent to treat - subjects with at least 24 weeks of treatment duration)",
      "Title2": "",
      "Title3": "",
      "Title4": "",
      "Title5": "",
      "Title6": "",
      "Title7": "",
      "Title8": "",
      "Title9": "",
      "Title10": "",
      "Number_of_Footnotes": 1,
      "Footnote1": "Bayer: /var/swan/root/bhc/949027/19764/stat/main01/dev/analysis/pgms/t_exposure_24w.sas      05OCT2020 14:51",
      "Footnote2": "",
      "Footnote3": "",
      "Footnote4": "",
      "Footnote5": "",
      "Footnote6": "",
      "Footnote7": "",
      "Footnote8": "",
      "Footnote9": "",
      "Footnote10": "",
      "_datalist_program_name": "t_exposure_24w",
      "_datalist_report_name": "t_exposure_24w_1",
      "_datalist_by_without_order": "lbl_ana1 _stat_",
      "_datalist_page_without_order": "",
      "_datalist_page_title": "",
      "_datalist_DateTime": "05OCT20:14:51:51",
      "_datalist_Filename": "t_exposure_24w",
      "_datalist_FilenameListing": "t_exposure_24w",
      "_datalist_FilenameRTF": "t_exposure_24w",
      "_datalist_IsPhysicalName": "YES",
      "_datalist_NumberOfOutputObservat": "14",
      "_datalist_PageGroupNumber": "1",
      "_datalist_Prog": "t_exposure_24w",
      "_datalist_TablesbyObservation": "1",
      "_datalist_TablesbyValues": "",
      "_datalist_TablesbyVariables": "",
      "_datalist_BY": "_ldaor1 paramcd lbl_ana1 _togdif _statnr_ _stat_",
      "_datalist_BYLEN": "",
      "_datalist_CONTBY": "",
      "_datalist_DATA": "out",
      "_datalist_FREELINE": "paramcd",
      "_datalist_HB_ALIGN": "CENTER",
      "_datalist_HC_ALIGN": "",
      "_datalist_HN_ALIGN": "",
      "_datalist_HSPLIT": "'@'",
      "_datalist_HV_ALIGN": "CENTER",
      "_datalist_IGNORE_PRESPACE": "NO",
      "_datalist_LABEL": "NO",
      "_datalist_LAYOUT": "STANDARD",
      "_datalist_MAXLEN": "20",
      "_datalist_NCOLUMN1": "count1 count2 count3 count4 count5",
      "_datalist_OPTIMAL": "NO",
      "_datalist_ORDER": "_nr_ paramcd _statnr_ _togdif  _ldaor1",
      "_datalist_ORDER_VAR": "paramcd='TRDUR_PA' 'EDCNT_PA'",
      "_datalist_PAGE": "",
      "_datalist_POSTVAR": "",
      "_datalist_PRINT_EMPTY": "YES",
      "_datalist_REPBY": "NO",
      "_datalist_SPACE": "2",
      "_datalist_SPLIT": "'/ *'",
      "_datalist_SPLITBY": "YES",
      "_datalist_TABLESBY": "",
      "_datalist_TOGETHER": "paramcd",
      "_datalist_TRANSPOSE": "",
      "_datalist_VAR": "count1 count2 count3 count4 count5",
      "_datalist_VERTICAL_HEADER": "",
      "_datalist_var_actual": "_togdif count1 count2 count3 count4 count5 PARAMCD lbl_ana1 _statnr_ _stat_ _ldaor1 error _orderN _n_free _n_tog _n_tog_uni _n_freeR _n_togR _obsid_ _1_b1 _1_b2 _1_b3 _1_b4 _1_b5 _1_b6"
    }
  ],
  "SASJSONExport",
  "1.0 PRETTY FMTCHARACTER FMTNUMERIC",
  "SASTableData+HEADER_OBJECT",
  [
    {
      "NAME": "PARAMCD",
      "LABEL": "Parameter Code"
    },
    {
      "NAME": "_1_b1",
      "LABEL": "_1_b1"
    },
    {
      "NAME": "_1_b2",
      "LABEL": "_1_b2"
    },
    {
      "NAME": "_1_b3",
      "LABEL": "_1_b3"
    },
    {
      "NAME": "_1_b4",
      "LABEL": "_1_b4"
    },
    {
      "NAME": "_1_b5",
      "LABEL": "_1_b5"
    },
    {
      "NAME": "_1_b6",
      "LABEL": "_1_b6"
    },
    {
      "NAME": "_ldaor1",
      "LABEL": "_ldaor1"
    },
    {
      "NAME": "_n_free",
      "LABEL": "Freeline indicator variable"
    },
    {
      "NAME": "_n_freeR",
      "LABEL": "_n_freeR"
    },
    {
      "NAME": "_n_tog",
      "LABEL": "Together indicator variable"
    },
    {
      "NAME": "_n_togR",
      "LABEL": "_n_togR"
    },
    {
      "NAME": "_n_tog_uni",
      "LABEL": "Together indicator with group blocks"
    },
    {
      "NAME": "_obsid_",
      "LABEL": "_obsid_"
    },
    {
      "NAME": "_orderN",
      "LABEL": "_orderN"
    },
    {
      "NAME": "_stat_",
      "LABEL": "_stat_"
    },
    {
      "NAME": "_statnr_",
      "LABEL": "_statnr_"
    },
    {
      "NAME": "_togdif",
      "LABEL": "Variable used for TOGETHER and FREELINE"
    },
    {
      "NAME": "count1",
      "LABEL": "Twice a week@(N=2)"
    },
    {
      "NAME": "count2",
      "LABEL": "Every 5 days@(N=7)"
    },
    {
      "NAME": "count3",
      "LABEL": "Every 7 days@(N=5)"
    },
    {
      "NAME": "count4",
      "LABEL": "Variable frequency@(N=4)"
    },
    {
      "NAME": "count5",
      "LABEL": "Total@(N=18)"
    },
    {
      "NAME": "error",
      "LABEL": "error"
    },
    {
      "NAME": "lbl_ana1",
      "LABEL": "lbl_ana1"
    }
  ],
  "SASJSONExport",
  "1.0 PRETTY FMTCHARACTER FMTNUMERIC",
  "SASTableData+t_exposure_24w_1",
  [
    {
      "_togdif": 2,
      "count1": "201.3",
      "count2": " 241.3",
      "count3": " 251.4",
      "count4": "230.5",
      "count5": " 237.3",
      "PARAMCD": "Time in study (days) - Part A",
      "lbl_ana1": "Time in study (days)",
      "_statnr_": 1,
      "_stat_": "Mean",
      "_ldaor1": 1,
      "error": 0,
      "_orderN": 1,
      "_n_free": 1,
      "_n_tog": 1,
      "_n_tog_uni":        1,
      "_n_freeR": 0,
      "_n_togR": 0,
      "_obsid_": 1,
      "_1_b1": 1,
      "_1_b2": 1,
      "_1_b3": 1,
      "_1_b4": 1,
      "_1_b5": 1,
      "_1_b6": 1
    },
    {
      "_togdif": 2,
      "count1": " 11.3",
      "count2": "  37.3",
      "count3": "  35.3",
      "count4": " 41.8",
      "count5": "  36.4",
      "PARAMCD": "Time in study (days) - Part A",
      "lbl_ana1": "Time in study (days)",
      "_statnr_": 2,
      "_stat_": "SD",
      "_ldaor1": 1,
      "error": 0,
      "_orderN": 2,
      "_n_free": 0,
      "_n_tog": 0,
      "_n_tog_uni":        1,
      "_n_freeR": 0,
      "_n_togR": 0,
      "_obsid_": 2,
      "_1_b1": 0,
      "_1_b2": 0,
      "_1_b3": 0,
      "_1_b4": 0,
      "_1_b5": 1,
      "_1_b6": 1
    },
    {
      "_togdif": 2,
      "count1": "193",
      "count2": " 192",
      "count3": " 203",
      "count4": "185",
      "count5": " 185",
      "PARAMCD": "Time in study (days) - Part A",
      "lbl_ana1": "Time in study (days)",
      "_statnr_": 3,
      "_stat_": "Min",
      "_ldaor1": 1,
      "error": 0,
      "_orderN": 3,
      "_n_free": 0,
      "_n_tog": 0,
      "_n_tog_uni":        1,
      "_n_freeR": 0,
      "_n_togR": 0,
      "_obsid_": 3,
      "_1_b1": 0,
      "_1_b2": 0,
      "_1_b3": 0,
      "_1_b4": 0,
      "_1_b5": 1,
      "_1_b6": 1
    },
    {
      "_togdif": 2,
      "count1": "193.3",
      "count2": " 206.2",
      "count3": " 225.3",
      "count4": "195.6",
      "count5": " 205.9",
      "PARAMCD": "Time in study (days) - Part A",
      "lbl_ana1": "Time in study (days)",
      "_statnr_": 4,
      "_stat_": "Q1",
      "_ldaor1": 1,
      "error": 0,
      "_orderN": 4,
      "_n_free": 0,
      "_n_tog": 0,
      "_n_tog_uni":        1,
      "_n_freeR": 0,
      "_n_togR": 0,
      "_obsid_": 4,
      "_1_b1": 0,
      "_1_b2": 0,
      "_1_b3": 0,
      "_1_b4": 0,
      "_1_b5": 1,
      "_1_b6": 1
    },
    {
      "_togdif": 2,
      "count1": "201.3",
      "count2": " 245.1",
      "count3": " 268.9",
      "count4": "231.5",
      "count5": " 235.2",
      "PARAMCD": "Time in study (days) - Part A",
      "lbl_ana1": "Time in study (days)",
      "_statnr_": 5,
      "_stat_": "Median",
      "_ldaor1": 1,
      "error": 0,
      "_orderN": 5,
      "_n_free": 0,
      "_n_tog": 0,
      "_n_tog_uni":        1,
      "_n_freeR": 0,
      "_n_togR": 0,
      "_obsid_": 5,
      "_1_b1": 0,
      "_1_b2": 0,
      "_1_b3": 0,
      "_1_b4": 0,
      "_1_b5": 1,
      "_1_b6": 1
    },
    {
      "_togdif": 2,
      "count1": "209.3",
      "count2": " 274.7",
      "count3": " 275.4",
      "count4": "265.5",
      "count5": " 274.0",
      "PARAMCD": "Time in study (days) - Part A",
      "lbl_ana1": "Time in study (days)",
      "_statnr_": 6,
      "_stat_": "Q3",
      "_ldaor1": 1,
      "error": 0,
      "_orderN": 6,
      "_n_free": 0,
      "_n_tog": 0,
      "_n_tog_uni":        1,
      "_n_freeR": 0,
      "_n_togR": 0,
      "_obsid_": 6,
      "_1_b1": 0,
      "_1_b2": 0,
      "_1_b3": 0,
      "_1_b4": 0,
      "_1_b5": 1,
      "_1_b6": 1
    },
    {
      "_togdif": 2,
      "count1": "209",
      "count2": " 293",
      "count3": " 284",
      "count4": "274",
      "count5": " 293",
      "PARAMCD": "Time in study (days) - Part A",
      "lbl_ana1": "Time in study (days)",
      "_statnr_": 7,
      "_stat_": "Max",
      "_ldaor1": 1,
      "error": 0,
      "_orderN": 7,
      "_n_free": 0,
      "_n_tog": 0,
      "_n_tog_uni":        1,
      "_n_freeR": 1,
      "_n_togR": 1,
      "_obsid_": 7,
      "_1_b1": 0,
      "_1_b2": 0,
      "_1_b3": 0,
      "_1_b4": 0,
      "_1_b5": 1,
      "_1_b6": 1
    },
    {
      "_togdif": 1,
      "count1": " 54.0",
      "count2": "  52.1",
      "count3": "  40.0",
      "count4": " 55.5",
      "count5": "  49.7",
      "PARAMCD": "Extent of exposure (days) - Part A",
      "lbl_ana1": "Exposure days",
      "_statnr_": 1,
      "_stat_": "Mean",
      "_ldaor1": 2,
      "error": 0,
      "_orderN": 8,
      "_n_free": 1,
      "_n_tog": 1,
      "_n_tog_uni":        2,
      "_n_freeR": 0,
      "_n_togR": 0,
      "_obsid_": 8,
      "_1_b1": 1,
      "_1_b2": 1,
      "_1_b3": 1,
      "_1_b4": 1,
      "_1_b5": 1,
      "_1_b6": 1
    },
    {
      "_togdif": 1,
      "count1": "  0.0",
      "count2": "   9.4",
      "count3": "   4.7",
      "count4": " 17.3",
      "count5": "  11.4",
      "PARAMCD": "Extent of exposure (days) - Part A",
      "lbl_ana1": "Exposure days",
      "_statnr_": 2,
      "_stat_": "SD",
      "_ldaor1": 2,
      "error": 0,
      "_orderN": 9,
      "_n_free": 0,
      "_n_tog": 0,
      "_n_tog_uni":        2,
      "_n_freeR": 0,
      "_n_togR": 0,
      "_obsid_": 9,
      "_1_b1": 0,
      "_1_b2": 0,
      "_1_b3": 0,
      "_1_b4": 0,
      "_1_b5": 1,
      "_1_b6": 1
    },
    {
      "_togdif": 1,
      "count1": " 54",
      "count2": "  40",
      "count3": "  34",
      "count4": " 41",
      "count5": "  34",
      "PARAMCD": "Extent of exposure (days) - Part A",
      "lbl_ana1": "Exposure days",
      "_statnr_": 3,
      "_stat_": "Min",
      "_ldaor1": 2,
      "error": 0,
      "_orderN": 10,
      "_n_free": 0,
      "_n_tog": 0,
      "_n_tog_uni":        2,
      "_n_freeR": 0,
      "_n_togR": 0,
      "_obsid_": 10,
      "_1_b1": 0,
      "_1_b2": 0,
      "_1_b3": 0,
      "_1_b4": 0,
      "_1_b5": 1,
      "_1_b6": 1
    },
    {
      "_togdif": 1,
      "count1": " 54.0",
      "count2": "  41.0",
      "count3": "  36.0",
      "count4": " 43.5",
      "count5": "  41.0",
      "PARAMCD": "Extent of exposure (days) - Part A",
      "lbl_ana1": "Exposure days",
      "_statnr_": 4,
      "_stat_": "Q1",
      "_ldaor1": 2,
      "error": 0,
      "_orderN": 11,
      "_n_free": 0,
      "_n_tog": 0,
      "_n_tog_uni":        2,
      "_n_freeR": 0,
      "_n_togR": 0,
      "_obsid_": 11,
      "_1_b1": 0,
      "_1_b2": 0,
      "_1_b3": 0,
      "_1_b4": 0,
      "_1_b5": 1,
      "_1_b6": 1
    },
    {
      "_togdif": 1,
      "count1": " 54.0",
      "count2": "  50.0",
      "count3": "  42.0",
      "count4": " 50.5",
      "count5": "  48.0",
      "PARAMCD": "Extent of exposure (days) - Part A",
      "lbl_ana1": "Exposure days",
      "_statnr_": 5,
      "_stat_": "Median",
      "_ldaor1": 2,
      "error": 0,
      "_orderN": 12,
      "_n_free": 0,
      "_n_tog": 0,
      "_n_tog_uni":        2,
      "_n_freeR": 0,
      "_n_togR": 0,
      "_obsid_": 12,
      "_1_b1": 0,
      "_1_b2": 0,
      "_1_b3": 0,
      "_1_b4": 0,
      "_1_b5": 1,
      "_1_b6": 1
    },
    {
      "_togdif": 1,
      "count1": " 54.0",
      "count2": "  61.0",
      "count3": "  43.0",
      "count4": " 67.5",
      "count5": "  55.0",
      "PARAMCD": "Extent of exposure (days) - Part A",
      "lbl_ana1": "Exposure days",
      "_statnr_": 6,
      "_stat_": "Q3",
      "_ldaor1": 2,
      "error": 0,
      "_orderN": 13,
      "_n_free": 0,
      "_n_tog": 0,
      "_n_tog_uni":        2,
      "_n_freeR": 0,
      "_n_togR": 0,
      "_obsid_": 13,
      "_1_b1": 0,
      "_1_b2": 0,
      "_1_b3": 0,
      "_1_b4": 0,
      "_1_b5": 1,
      "_1_b6": 1
    },
    {
      "_togdif": 1,
      "count1": " 54",
      "count2": "  62",
      "count3": "  45",
      "count4": " 80",
      "count5": "  80",
      "PARAMCD": "Extent of exposure (days) - Part A",
      "lbl_ana1": "Exposure days",
      "_statnr_": 7,
      "_stat_": "Max",
      "_ldaor1": 2,
      "error": 0,
      "_orderN": 14,
      "_n_free": 0,
      "_n_tog": 0,
      "_n_tog_uni":        2,
      "_n_freeR": 1,
      "_n_togR": 1,
      "_obsid_": 14,
      "_1_b1": 0,
      "_1_b2": 0,
      "_1_b3": 0,
      "_1_b4": 0,
      "_1_b5": 1,
      "_1_b6": 1
    }
  ]
]
