[
  "SASJSONExport",
  "1.0 PRETTY FMTCHARACTER FMTNUMERIC",
  "SASTableData+PROPERTIES_OBJECT",
  [
    {
      "Report_Number": "Table 1.1 / 9",
      "Number_of_Titles": 1,
      "Title1": "Table: Number of subjects with medical history findings by primary system organ class and high level term (safety analysis set)",
      "Title2": "",
      "Title3": "",
      "Title4": "",
      "Title5": "",
      "Title6": "",
      "Title7": "",
      "Title8": "",
      "Title9": "",
      "Title10": "",
      "Number_of_Footnotes": 1,
      "Footnote1": "Bayer: /var/swan/root/bhc/949027/19764/stat/main01/dev/analysis/pgms/t_medhistory.sas      05OCT2020 14:51",
      "Footnote2": "",
      "Footnote3": "",
      "Footnote4": "",
      "Footnote5": "",
      "Footnote6": "",
      "Footnote7": "",
      "Footnote8": "",
      "Footnote9": "",
      "Footnote10": "",
      "_datalist_program_name": "t_medhistory",
      "_datalist_report_name": "t_medhistory_1",
      "_datalist_by_without_order": "mhbodsys mhdecod _levtxt",
      "_datalist_page_without_order": "",
      "_datalist_page_title": "",
      "_datalist_DateTime": "05OCT20:14:51:39",
      "_datalist_Filename": "t_medhistory",
      "_datalist_FilenameListing": "t_medhistory",
      "_datalist_FilenameRTF": "t_medhistory",
      "_datalist_IsPhysicalName": "YES",
      "_datalist_NumberOfOutputObservat": "73",
      "_datalist_PageGroupNumber": "1",
      "_datalist_Prog": "t_medhistory",
      "_datalist_TablesbyObservation": "1",
      "_datalist_TablesbyValues": "",
      "_datalist_TablesbyVariables": "",
      "_datalist_BY": "_sort1 mhbodsys mhdecod _anyev _labind _togeth _levtxt",
      "_datalist_BYLEN": "",
      "_datalist_CONTBY": "FIRST.mhbodsys",
      "_datalist_DATA": "_aet1_01",
      "_datalist_FREELINE": "mhbodsys",
      "_datalist_HB_ALIGN": "LEFT",
      "_datalist_HC_ALIGN": "",
      "_datalist_HN_ALIGN": "",
      "_datalist_HSPLIT": "'@'",
      "_datalist_HV_ALIGN": "CENTER",
      "_datalist_IGNORE_PRESPACE": "NO",
      "_datalist_LABEL": "YES",
      "_datalist_LAYOUT": "STANDARD",
      "_datalist_MAXLEN": "80",
      "_datalist_NCOLUMN1": "_t_1",
      "_datalist_OPTIMAL": "NO",
      "_datalist_ORDER": "_sort1 _anyev _labind _togeth",
      "_datalist_ORDER_VAR": "",
      "_datalist_PAGE": "",
      "_datalist_POSTVAR": "",
      "_datalist_PRINT_EMPTY": "YES",
      "_datalist_REPBY": "NO",
      "_datalist_SPACE": "2",
      "_datalist_SPLIT": "'/ *'",
      "_datalist_SPLITBY": "YES",
      "_datalist_TABLESBY": "",
      "_datalist_TOGETHER": "_togeth",
      "_datalist_TRANSPOSE": "",
      "_datalist_VAR": "_t_1",
      "_datalist_VERTICAL_HEADER": "",
      "_datalist_var_actual": "_sort1 MHBODSYS MHDECOD _anyev _labind _levtxt _togeth _t_1 error _orderN _n_free _n_tog _n_tog_uni _n_cont _n_freeR _n_togR _obsid_ _1_b1 _1_b2 _1_b3 _1_b4 _1_b5 _1_b6 _1_b7"
    }
  ],
  "SASJSONExport",
  "1.0 PRETTY FMTCHARACTER FMTNUMERIC",
  "SASTableData+HEADER_OBJECT",
  [
    {
      "NAME": "MHBODSYS",
      "LABEL": "Primary system organ class"
    },
    {
      "NAME": "MHDECOD",
      "LABEL": " Preferred term MedDRA version 23.0"
    },
    {
      "NAME": "_1_b1",
      "LABEL": "_1_b1"
    },
    {
      "NAME": "_1_b2",
      "LABEL": "_1_b2"
    },
    {
      "NAME": "_1_b3",
      "LABEL": "_1_b3"
    },
    {
      "NAME": "_1_b4",
      "LABEL": "_1_b4"
    },
    {
      "NAME": "_1_b5",
      "LABEL": "_1_b5"
    },
    {
      "NAME": "_1_b6",
      "LABEL": "_1_b6"
    },
    {
      "NAME": "_1_b7",
      "LABEL": "_1_b7"
    },
    {
      "NAME": "_anyev",
      "LABEL": "Order variable for variable levels"
    },
    {
      "NAME": "_labind",
      "LABEL": "Order variable for lowest level"
    },
    {
      "NAME": "_levtxt",
      "LABEL": "NA"
    },
    {
      "NAME": "_n_cont",
      "LABEL": "_n_cont"
    },
    {
      "NAME": "_n_free",
      "LABEL": "Freeline indicator variable"
    },
    {
      "NAME": "_n_freeR",
      "LABEL": "_n_freeR"
    },
    {
      "NAME": "_n_tog",
      "LABEL": "Together indicator variable"
    },
    {
      "NAME": "_n_togR",
      "LABEL": "_n_togR"
    },
    {
      "NAME": "_n_tog_uni",
      "LABEL": "Together indicator with group blocks"
    },
    {
      "NAME": "_obsid_",
      "LABEL": "_obsid_"
    },
    {
      "NAME": "_orderN",
      "LABEL": "_orderN"
    },
    {
      "NAME": "_sort1",
      "LABEL": "Order variable for ANY EVENT"
    },
    {
      "NAME": "_t_1",
      "LABEL": "Prophylaxis@N=32 (100%)"
    },
    {
      "NAME": "_togeth",
      "LABEL": "_togeth"
    },
    {
      "NAME": "error",
      "LABEL": "error"
    }
  ],
  "SASJSONExport",
  "1.0 PRETTY FMTCHARACTER FMTNUMERIC",
  "SASTableData+t_medhistory_1",
  [
    {
      "_sort1": 0,
      "MHBODSYS": "",
      "MHDECOD": "",
      "_anyev": 1,
      "_labind": 1,
      "_levtxt": "Number of subjects (%) with at least one medical history finding",
      "_togeth": 1,
      "_t_1": "27 ( 84.4%)",
      "error": 0,
      "_orderN": 1,
      "_n_free": 1,
      "_n_tog": 1,
      "_n_tog_uni":        1,
      "_n_cont": 0,
      "_n_freeR": 1,
      "_n_togR": 1,
      "_obsid_": 1,
      "_1_b1": 1,
      "_1_b2": 1,
      "_1_b3": 1,
      "_1_b4": 1,
      "_1_b5": 1,
      "_1_b6": 1,
      "_1_b7": 1
    },
    {
      "_sort1": 1,
      "MHBODSYS": "Congenital, familial and genetic disorders",
      "MHDECOD": "",
      "_anyev": 2,
      "_labind": 1,
      "_levtxt": "Congenital, familial and genetic disorders",
      "_togeth": 2,
      "_t_1": " 1 (  3.1%)",
      "error": 0,
      "_orderN": 2,
      "_n_free": 1,
      "_n_tog": 1,
      "_n_tog_uni":        2,
      "_n_cont": 0,
      "_n_freeR": 0,
      "_n_togR": 0,
      "_obsid_": 2,
      "_1_b1": 1,
      "_1_b2": 1,
      "_1_b3": 1,
      "_1_b4": 1,
      "_1_b5": 1,
      "_1_b6": 1,
      "_1_b7": 1
    },
    {
      "_sort1": 1,
      "MHBODSYS": "Congenital, familial and genetic disorders",
      "MHDECOD": "Gilbert's syndrome",
      "_anyev": 3,
      "_labind": 2,
      "_levtxt": "   Gilbert's syndrome",
      "_togeth": 2,
      "_t_1": " 1 (  3.1%)",
      "error": 0,
      "_orderN": 3,
      "_n_free": 0,
      "_n_tog": 0,
      "_n_tog_uni":        2,
      "_n_cont": 1,
      "_n_freeR": 1,
      "_n_togR": 1,
      "_obsid_": 3,
      "_1_b1": 0,
      "_1_b2": 0,
      "_1_b3": 1,
      "_1_b4": 1,
      "_1_b5": 1,
      "_1_b6": 1,
      "_1_b7": 1
    },
    {
      "_sort1": 1,
      "MHBODSYS": "Endocrine disorders",
      "MHDECOD": "",
      "_anyev": 2,
      "_labind": 1,
      "_levtxt": "Endocrine disorders",
      "_togeth": 3,
      "_t_1": " 1 (  3.1%)",
      "error": 0,
      "_orderN": 4,
      "_n_free": 1,
      "_n_tog": 1,
      "_n_tog_uni":        3,
      "_n_cont": 0,
      "_n_freeR": 0,
      "_n_togR": 0,
      "_obsid_": 4,
      "_1_b1": 0,
      "_1_b2": 1,
      "_1_b3": 1,
      "_1_b4": 1,
      "_1_b5": 1,
      "_1_b6": 1,
      "_1_b7": 1
    },
    {
      "_sort1": 1,
      "MHBODSYS": "Endocrine disorders",
      "MHDECOD": "Hypothyroidism",
      "_anyev": 3,
      "_labind": 2,
      "_levtxt": "   Hypothyroidism",
      "_togeth": 3,
      "_t_1": " 1 (  3.1%)",
      "error": 0,
      "_orderN": 5,
      "_n_free": 0,
      "_n_tog": 0,
      "_n_tog_uni":        3,
      "_n_cont": 1,
      "_n_freeR": 1,
      "_n_togR": 1,
      "_obsid_": 5,
      "_1_b1": 0,
      "_1_b2": 0,
      "_1_b3": 1,
      "_1_b4": 1,
      "_1_b5": 1,
      "_1_b6": 1,
      "_1_b7": 1
    },
    {
      "_sort1": 1,
      "MHBODSYS": "Eye disorders",
      "MHDECOD": "",
      "_anyev": 2,
      "_labind": 1,
      "_levtxt": "Eye disorders",
      "_togeth": 4,
      "_t_1": " 1 (  3.1%)",
      "error": 0,
      "_orderN": 6,
      "_n_free": 1,
      "_n_tog": 1,
      "_n_tog_uni":        4,
      "_n_cont": 0,
      "_n_freeR": 0,
      "_n_togR": 0,
      "_obsid_": 6,
      "_1_b1": 0,
      "_1_b2": 1,
      "_1_b3": 1,
      "_1_b4": 1,
      "_1_b5": 1,
      "_1_b6": 1,
      "_1_b7": 1
    },
    {
      "_sort1": 1,
      "MHBODSYS": "Eye disorders",
      "MHDECOD": "Glaucoma",
      "_anyev": 3,
      "_labind": 2,
      "_levtxt": "   Glaucoma",
      "_togeth": 4,
      "_t_1": " 1 (  3.1%)",
      "error": 0,
      "_orderN": 7,
      "_n_free": 0,
      "_n_tog": 0,
      "_n_tog_uni":        4,
      "_n_cont": 1,
      "_n_freeR": 1,
      "_n_togR": 1,
      "_obsid_": 7,
      "_1_b1": 0,
      "_1_b2": 0,
      "_1_b3": 1,
      "_1_b4": 1,
      "_1_b5": 1,
      "_1_b6": 1,
      "_1_b7": 1
    },
    {
      "_sort1": 1,
      "MHBODSYS": "Gastrointestinal disorders",
      "MHDECOD": "",
      "_anyev": 2,
      "_labind": 1,
      "_levtxt": "Gastrointestinal disorders",
      "_togeth": 5,
      "_t_1": " 5 ( 15.6%)",
      "error": 0,
      "_orderN": 8,
      "_n_free": 1,
      "_n_tog": 1,
      "_n_tog_uni":        5,
      "_n_cont": 0,
      "_n_freeR": 0,
      "_n_togR": 0,
      "_obsid_": 8,
      "_1_b1": 0,
      "_1_b2": 1,
      "_1_b3": 1,
      "_1_b4": 1,
      "_1_b5": 1,
      "_1_b6": 1,
      "_1_b7": 1
    },
    {
      "_sort1": 1,
      "MHBODSYS": "Gastrointestinal disorders",
      "MHDECOD": "Anal haemorrhage",
      "_anyev": 3,
      "_labind": 2,
      "_levtxt": "   Anal haemorrhage",
      "_togeth": 5,
      "_t_1": " 1 (  3.1%)",
      "error": 0,
      "_orderN": 9,
      "_n_free": 0,
      "_n_tog": 0,
      "_n_tog_uni":        5,
      "_n_cont": 1,
      "_n_freeR": 0,
      "_n_togR": 0,
      "_obsid_": 9,
      "_1_b1": 0,
      "_1_b2": 0,
      "_1_b3": 1,
      "_1_b4": 1,
      "_1_b5": 1,
      "_1_b6": 1,
      "_1_b7": 1
    },
    {
      "_sort1": 1,
      "MHBODSYS": "Gastrointestinal disorders",
      "MHDECOD": "Chronic gastritis",
      "_anyev": 3,
      "_labind": 2,
      "_levtxt": "   Chronic gastritis",
      "_togeth": 5,
      "_t_1": " 1 (  3.1%)",
      "error": 0,
      "_orderN": 10,
      "_n_free": 0,
      "_n_tog": 0,
      "_n_tog_uni":        5,
      "_n_cont": 1,
      "_n_freeR": 0,
      "_n_togR": 0,
      "_obsid_": 10,
      "_1_b1": 0,
      "_1_b2": 0,
      "_1_b3": 1,
      "_1_b4": 1,
      "_1_b5": 1,
      "_1_b6": 1,
      "_1_b7": 1
    },
    {
      "_sort1": 1,
      "MHBODSYS": "Gastrointestinal disorders",
      "MHDECOD": "Dyspepsia",
      "_anyev": 3,
      "_labind": 2,
      "_levtxt": "   Dyspepsia",
      "_togeth": 5,
      "_t_1": " 2 (  6.3%)",
      "error": 0,
      "_orderN": 11,
      "_n_free": 0,
      "_n_tog": 0,
      "_n_tog_uni":        5,
      "_n_cont": 1,
      "_n_freeR": 0,
      "_n_togR": 0,
      "_obsid_": 11,
      "_1_b1": 0,
      "_1_b2": 0,
      "_1_b3": 1,
      "_1_b4": 1,
      "_1_b5": 1,
      "_1_b6": 1,
      "_1_b7": 1
    },
    {
      "_sort1": 1,
      "MHBODSYS": "Gastrointestinal disorders",
      "MHDECOD": "Haemorrhoids",
      "_anyev": 3,
      "_labind": 2,
      "_levtxt": "   Haemorrhoids",
      "_togeth": 5,
      "_t_1": " 1 (  3.1%)",
      "error": 0,
      "_orderN": 12,
      "_n_free": 0,
      "_n_tog": 0,
      "_n_tog_uni":        5,
      "_n_cont": 1,
      "_n_freeR": 0,
      "_n_togR": 0,
      "_obsid_": 12,
      "_1_b1": 0,
      "_1_b2": 0,
      "_1_b3": 1,
      "_1_b4": 1,
      "_1_b5": 1,
      "_1_b6": 1,
      "_1_b7": 1
    },
    {
      "_sort1": 1,
      "MHBODSYS": "Gastrointestinal disorders",
      "MHDECOD": "Oesophagitis",
      "_anyev": 3,
      "_labind": 2,
      "_levtxt": "   Oesophagitis",
      "_togeth": 5,
      "_t_1": " 1 (  3.1%)",
      "error": 0,
      "_orderN": 13,
      "_n_free": 0,
      "_n_tog": 0,
      "_n_tog_uni":        5,
      "_n_cont": 1,
      "_n_freeR": 1,
      "_n_togR": 1,
      "_obsid_": 13,
      "_1_b1": 0,
      "_1_b2": 0,
      "_1_b3": 1,
      "_1_b4": 1,
      "_1_b5": 1,
      "_1_b6": 1,
      "_1_b7": 1
    },
    {
      "_sort1": 1,
      "MHBODSYS": "Hepatobiliary disorders",
      "MHDECOD": "",
      "_anyev": 2,
      "_labind": 1,
      "_levtxt": "Hepatobiliary disorders",
      "_togeth": 6,
      "_t_1": " 1 (  3.1%)",
      "error": 0,
      "_orderN": 14,
      "_n_free": 1,
      "_n_tog": 1,
      "_n_tog_uni":        6,
      "_n_cont": 0,
      "_n_freeR": 0,
      "_n_togR": 0,
      "_obsid_": 14,
      "_1_b1": 0,
      "_1_b2": 1,
      "_1_b3": 1,
      "_1_b4": 1,
      "_1_b5": 1,
      "_1_b6": 1,
      "_1_b7": 1
    },
    {
      "_sort1": 1,
      "MHBODSYS": "Hepatobiliary disorders",
      "MHDECOD": "Cholelithiasis",
      "_anyev": 3,
      "_labind": 2,
      "_levtxt": "   Cholelithiasis",
      "_togeth": 6,
      "_t_1": " 1 (  3.1%)",
      "error": 0,
      "_orderN": 15,
      "_n_free": 0,
      "_n_tog": 0,
      "_n_tog_uni":        6,
      "_n_cont": 1,
      "_n_freeR": 1,
      "_n_togR": 1,
      "_obsid_": 15,
      "_1_b1": 0,
      "_1_b2": 0,
      "_1_b3": 1,
      "_1_b4": 1,
      "_1_b5": 1,
      "_1_b6": 1,
      "_1_b7": 1
    },
    {
      "_sort1": 1,
      "MHBODSYS": "Immune system disorders",
      "MHDECOD": "",
      "_anyev": 2,
      "_labind": 1,
      "_levtxt": "Immune system disorders",
      "_togeth": 7,
      "_t_1": " 1 (  3.1%)",
      "error": 0,
      "_orderN": 16,
      "_n_free": 1,
      "_n_tog": 1,
      "_n_tog_uni":        7,
      "_n_cont": 0,
      "_n_freeR": 0,
      "_n_togR": 0,
      "_obsid_": 16,
      "_1_b1": 0,
      "_1_b2": 1,
      "_1_b3": 1,
      "_1_b4": 1,
      "_1_b5": 1,
      "_1_b6": 1,
      "_1_b7": 1
    },
    {
      "_sort1": 1,
      "MHBODSYS": "Immune system disorders",
      "MHDECOD": "Hypersensitivity",
      "_anyev": 3,
      "_labind": 2,
      "_levtxt": "   Hypersensitivity",
      "_togeth": 7,
      "_t_1": " 1 (  3.1%)",
      "error": 0,
      "_orderN": 17,
      "_n_free": 0,
      "_n_tog": 0,
      "_n_tog_uni":        7,
      "_n_cont": 1,
      "_n_freeR": 1,
      "_n_togR": 1,
      "_obsid_": 17,
      "_1_b1": 0,
      "_1_b2": 0,
      "_1_b3": 1,
      "_1_b4": 1,
      "_1_b5": 1,
      "_1_b6": 1,
      "_1_b7": 1
    },
    {
      "_sort1": 1,
      "MHBODSYS": "Infections and infestations",
      "MHDECOD": "",
      "_anyev": 2,
      "_labind": 1,
      "_levtxt": "Infections and infestations",
      "_togeth": 8,
      "_t_1": "21 ( 65.6%)",
      "error": 0,
      "_orderN": 18,
      "_n_free": 1,
      "_n_tog": 1,
      "_n_tog_uni":        8,
      "_n_cont": 0,
      "_n_freeR": 0,
      "_n_togR": 0,
      "_obsid_": 18,
      "_1_b1": 0,
      "_1_b2": 1,
      "_1_b3": 1,
      "_1_b4": 1,
      "_1_b5": 1,
      "_1_b6": 1,
      "_1_b7": 1
    },
    {
      "_sort1": 1,
      "MHBODSYS": "Infections and infestations",
      "MHDECOD": "Chorioretinitis",
      "_anyev": 3,
      "_labind": 2,
      "_levtxt": "   Chorioretinitis",
      "_togeth": 8,
      "_t_1": " 1 (  3.1%)",
      "error": 0,
      "_orderN": 19,
      "_n_free": 0,
      "_n_tog": 0,
      "_n_tog_uni":        8,
      "_n_cont": 1,
      "_n_freeR": 0,
      "_n_togR": 0,
      "_obsid_": 19,
      "_1_b1": 0,
      "_1_b2": 0,
      "_1_b3": 1,
      "_1_b4": 1,
      "_1_b5": 1,
      "_1_b6": 1,
      "_1_b7": 1
    },
    {
      "_sort1": 1,
      "MHBODSYS": "Infections and infestations",
      "MHDECOD": "Chronic hepatitis C",
      "_anyev": 3,
      "_labind": 2,
      "_levtxt": "   Chronic hepatitis C",
      "_togeth": 8,
      "_t_1": "20 ( 62.5%)",
      "error": 0,
      "_orderN": 20,
      "_n_free": 0,
      "_n_tog": 0,
      "_n_tog_uni":        8,
      "_n_cont": 1,
      "_n_freeR": 0,
      "_n_togR": 0,
      "_obsid_": 20,
      "_1_b1": 0,
      "_1_b2": 0,
      "_1_b3": 1,
      "_1_b4": 1,
      "_1_b5": 1,
      "_1_b6": 1,
      "_1_b7": 1
    },
    {
      "_sort1": 1,
      "MHBODSYS": "Infections and infestations",
      "MHDECOD": "Fungal skin infection",
      "_anyev": 3,
      "_labind": 2,
      "_levtxt": "   Fungal skin infection",
      "_togeth": 8,
      "_t_1": " 1 (  3.1%)",
      "error": 0,
      "_orderN": 21,
      "_n_free": 0,
      "_n_tog": 0,
      "_n_tog_uni":        8,
      "_n_cont": 1,
      "_n_freeR": 0,
      "_n_togR": 0,
      "_obsid_": 21,
      "_1_b1": 0,
      "_1_b2": 0,
      "_1_b3": 1,
      "_1_b4": 1,
      "_1_b5": 1,
      "_1_b6": 1,
      "_1_b7": 1
    },
    {
      "_sort1": 1,
      "MHBODSYS": "Infections and infestations",
      "MHDECOD": "HIV infection",
      "_anyev": 3,
      "_labind": 2,
      "_levtxt": "   HIV infection",
      "_togeth": 8,
      "_t_1": "20 ( 62.5%)",
      "error": 0,
      "_orderN": 22,
      "_n_free": 0,
      "_n_tog": 0,
      "_n_tog_uni":        8,
      "_n_cont": 1,
      "_n_freeR": 0,
      "_n_togR": 0,
      "_obsid_": 22,
      "_1_b1": 0,
      "_1_b2": 0,
      "_1_b3": 1,
      "_1_b4": 1,
      "_1_b5": 1,
      "_1_b6": 1,
      "_1_b7": 1
    },
    {
      "_sort1": 1,
      "MHBODSYS": "Infections and infestations",
      "MHDECOD": "Hepatitis A",
      "_anyev": 3,
      "_labind": 2,
      "_levtxt": "   Hepatitis A",
      "_togeth": 8,
      "_t_1": "20 ( 62.5%)",
      "error": 0,
      "_orderN": 23,
      "_n_free": 0,
      "_n_tog": 0,
      "_n_tog_uni":        8,
      "_n_cont": 1,
      "_n_freeR": 0,
      "_n_togR": 0,
      "_obsid_": 23,
      "_1_b1": 0,
      "_1_b2": 0,
      "_1_b3": 1,
      "_1_b4": 1,
      "_1_b5": 1,
      "_1_b6": 1,
      "_1_b7": 1
    },
    {
      "_sort1": 1,
      "MHBODSYS": "Infections and infestations",
      "MHDECOD": "Hepatitis B",
      "_anyev": 3,
      "_labind": 2,
      "_levtxt": "   Hepatitis B",
      "_togeth": 8,
      "_t_1": "20 ( 62.5%)",
      "error": 0,
      "_orderN": 24,
      "_n_free": 0,
      "_n_tog": 0,
      "_n_tog_uni":        8,
      "_n_cont": 1,
      "_n_freeR": 0,
      "_n_togR": 0,
      "_obsid_": 24,
      "_1_b1": 0,
      "_1_b2": 0,
      "_1_b3": 1,
      "_1_b4": 1,
      "_1_b5": 1,
      "_1_b6": 1,
      "_1_b7": 1
    },
    {
      "_sort1": 1,
      "MHBODSYS": "Infections and infestations",
      "MHDECOD": "Hepatitis C",
      "_anyev": 3,
      "_labind": 2,
      "_levtxt": "   Hepatitis C",
      "_togeth": 8,
      "_t_1": "20 ( 62.5%)",
      "error": 0,
      "_orderN": 25,
      "_n_free": 0,
      "_n_tog": 0,
      "_n_tog_uni":        8,
      "_n_cont": 1,
      "_n_freeR": 0,
      "_n_togR": 0,
      "_obsid_": 25,
      "_1_b1": 0,
      "_1_b2": 0,
      "_1_b3": 1,
      "_1_b4": 1,
      "_1_b5": 1,
      "_1_b6": 1,
      "_1_b7": 1
    },
    {
      "_sort1": 1,
      "MHBODSYS": "Infections and infestations",
      "MHDECOD": "Herpes simplex",
      "_anyev": 3,
      "_labind": 2,
      "_levtxt": "   Herpes simplex",
      "_togeth": 8,
      "_t_1": " 1 (  3.1%)",
      "error": 0,
      "_orderN": 26,
      "_n_free": 0,
      "_n_tog": 0,
      "_n_tog_uni":        8,
      "_n_cont": 1,
      "_n_freeR": 0,
      "_n_togR": 0,
      "_obsid_": 26,
      "_1_b1": 0,
      "_1_b2": 0,
      "_1_b3": 1,
      "_1_b4": 1,
      "_1_b5": 1,
      "_1_b6": 1,
      "_1_b7": 1
    },
    {
      "_sort1": 1,
      "MHBODSYS": "Infections and infestations",
      "MHDECOD": "Onychomycosis",
      "_anyev": 3,
      "_labind": 2,
      "_levtxt": "   Onychomycosis",
      "_togeth": 8,
      "_t_1": " 1 (  3.1%)",
      "error": 0,
      "_orderN": 27,
      "_n_free": 0,
      "_n_tog": 0,
      "_n_tog_uni":        8,
      "_n_cont": 1,
      "_n_freeR": 0,
      "_n_togR": 0,
      "_obsid_": 27,
      "_1_b1": 0,
      "_1_b2": 0,
      "_1_b3": 1,
      "_1_b4": 1,
      "_1_b5": 1,
      "_1_b6": 1,
      "_1_b7": 1
    },
    {
      "_sort1": 1,
      "MHBODSYS": "Infections and infestations",
      "MHDECOD": "Osteomyelitis",
      "_anyev": 3,
      "_labind": 2,
      "_levtxt": "   Osteomyelitis",
      "_togeth": 8,
      "_t_1": " 1 (  3.1%)",
      "error": 0,
      "_orderN": 28,
      "_n_free": 0,
      "_n_tog": 0,
      "_n_tog_uni":        8,
      "_n_cont": 1,
      "_n_freeR": 1,
      "_n_togR": 1,
      "_obsid_": 28,
      "_1_b1": 0,
      "_1_b2": 0,
      "_1_b3": 1,
      "_1_b4": 1,
      "_1_b5": 1,
      "_1_b6": 1,
      "_1_b7": 1
    },
    {
      "_sort1": 1,
      "MHBODSYS": "Injury, poisoning and procedural complications",
      "MHDECOD": "",
      "_anyev": 2,
      "_labind": 1,
      "_levtxt": "Injury, poisoning and procedural complications",
      "_togeth": 9,
      "_t_1": " 2 (  6.3%)",
      "error": 0,
      "_orderN": 29,
      "_n_free": 1,
      "_n_tog": 1,
      "_n_tog_uni":        9,
      "_n_cont": 0,
      "_n_freeR": 0,
      "_n_togR": 0,
      "_obsid_": 29,
      "_1_b1": 0,
      "_1_b2": 1,
      "_1_b3": 1,
      "_1_b4": 1,
      "_1_b5": 1,
      "_1_b6": 1,
      "_1_b7": 1
    },
    {
      "_sort1": 1,
      "MHBODSYS": "Injury, poisoning and procedural complications",
      "MHDECOD": "Clavicle fracture",
      "_anyev": 3,
      "_labind": 2,
      "_levtxt": "   Clavicle fracture",
      "_togeth": 9,
      "_t_1": " 1 (  3.1%)",
      "error": 0,
      "_orderN": 30,
      "_n_free": 0,
      "_n_tog": 0,
      "_n_tog_uni":        9,
      "_n_cont": 1,
      "_n_freeR": 0,
      "_n_togR": 0,
      "_obsid_": 30,
      "_1_b1": 0,
      "_1_b2": 0,
      "_1_b3": 1,
      "_1_b4": 1,
      "_1_b5": 1,
      "_1_b6": 1,
      "_1_b7": 1
    },
    {
      "_sort1": 1,
      "MHBODSYS": "Injury, poisoning and procedural complications",
      "MHDECOD": "Concussion",
      "_anyev": 3,
      "_labind": 2,
      "_levtxt": "   Concussion",
      "_togeth": 9,
      "_t_1": " 1 (  3.1%)",
      "error": 0,
      "_orderN": 31,
      "_n_free": 0,
      "_n_tog": 0,
      "_n_tog_uni":        9,
      "_n_cont": 1,
      "_n_freeR": 0,
      "_n_togR": 0,
      "_obsid_": 31,
      "_1_b1": 0,
      "_1_b2": 0,
      "_1_b3": 1,
      "_1_b4": 1,
      "_1_b5": 1,
      "_1_b6": 1,
      "_1_b7": 1
    },
    {
      "_sort1": 1,
      "MHBODSYS": "Injury, poisoning and procedural complications",
      "MHDECOD": "Femur fracture",
      "_anyev": 3,
      "_labind": 2,
      "_levtxt": "   Femur fracture",
      "_togeth": 9,
      "_t_1": " 1 (  3.1%)",
      "error": 0,
      "_orderN": 32,
      "_n_free": 0,
      "_n_tog": 0,
      "_n_tog_uni":        9,
      "_n_cont": 1,
      "_n_freeR": 0,
      "_n_togR": 0,
      "_obsid_": 32,
      "_1_b1": 0,
      "_1_b2": 0,
      "_1_b3": 1,
      "_1_b4": 1,
      "_1_b5": 1,
      "_1_b6": 1,
      "_1_b7": 1
    },
    {
      "_sort1": 1,
      "MHBODSYS": "Injury, poisoning and procedural complications",
      "MHDECOD": "Spinal fracture",
      "_anyev": 3,
      "_labind": 2,
      "_levtxt": "   Spinal fracture",
      "_togeth": 9,
      "_t_1": " 1 (  3.1%)",
      "error": 0,
      "_orderN": 33,
      "_n_free": 0,
      "_n_tog": 0,
      "_n_tog_uni":        9,
      "_n_cont": 1,
      "_n_freeR": 1,
      "_n_togR": 1,
      "_obsid_": 33,
      "_1_b1": 0,
      "_1_b2": 0,
      "_1_b3": 1,
      "_1_b4": 1,
      "_1_b5": 1,
      "_1_b6": 1,
      "_1_b7": 1
    },
    {
      "_sort1": 1,
      "MHBODSYS": "Investigations",
      "MHDECOD": "",
      "_anyev": 2,
      "_labind": 1,
      "_levtxt": "Investigations",
      "_togeth": 10,
      "_t_1": "21 ( 65.6%)",
      "error": 0,
      "_orderN": 34,
      "_n_free": 1,
      "_n_tog": 1,
      "_n_tog_uni":       10,
      "_n_cont": 0,
      "_n_freeR": 0,
      "_n_togR": 0,
      "_obsid_": 34,
      "_1_b1": 0,
      "_1_b2": 1,
      "_1_b3": 1,
      "_1_b4": 1,
      "_1_b5": 1,
      "_1_b6": 1,
      "_1_b7": 1
    },
    {
      "_sort1": 1,
      "MHBODSYS": "Investigations",
      "MHDECOD": "HIV test positive",
      "_anyev": 3,
      "_labind": 2,
      "_levtxt": "   HIV test positive",
      "_togeth": 10,
      "_t_1": "21 ( 65.6%)",
      "error": 0,
      "_orderN": 35,
      "_n_free": 0,
      "_n_tog": 0,
      "_n_tog_uni":       10,
      "_n_cont": 1,
      "_n_freeR": 1,
      "_n_togR": 1,
      "_obsid_": 35,
      "_1_b1": 0,
      "_1_b2": 0,
      "_1_b3": 1,
      "_1_b4": 1,
      "_1_b5": 1,
      "_1_b6": 1,
      "_1_b7": 1
    },
    {
      "_sort1": 1,
      "MHBODSYS": "Metabolism and nutrition disorders",
      "MHDECOD": "",
      "_anyev": 2,
      "_labind": 1,
      "_levtxt": "Metabolism and nutrition disorders",
      "_togeth": 11,
      "_t_1": " 3 (  9.4%)",
      "error": 0,
      "_orderN": 36,
      "_n_free": 1,
      "_n_tog": 1,
      "_n_tog_uni":       11,
      "_n_cont": 0,
      "_n_freeR": 0,
      "_n_togR": 0,
      "_obsid_": 36,
      "_1_b1": 0,
      "_1_b2": 1,
      "_1_b3": 1,
      "_1_b4": 1,
      "_1_b5": 1,
      "_1_b6": 1,
      "_1_b7": 1
    },
    {
      "_sort1": 1,
      "MHBODSYS": "Metabolism and nutrition disorders",
      "MHDECOD": "Diabetes mellitus",
      "_anyev": 3,
      "_labind": 2,
      "_levtxt": "   Diabetes mellitus",
      "_togeth": 11,
      "_t_1": " 2 (  6.3%)",
      "error": 0,
      "_orderN": 37,
      "_n_free": 0,
      "_n_tog": 0,
      "_n_tog_uni":       11,
      "_n_cont": 1,
      "_n_freeR": 0,
      "_n_togR": 0,
      "_obsid_": 37,
      "_1_b1": 0,
      "_1_b2": 0,
      "_1_b3": 1,
      "_1_b4": 1,
      "_1_b5": 1,
      "_1_b6": 1,
      "_1_b7": 1
    },
    {
      "_sort1": 1,
      "MHBODSYS": "Metabolism and nutrition disorders",
      "MHDECOD": "Dyslipidaemia",
      "_anyev": 3,
      "_labind": 2,
      "_levtxt": "   Dyslipidaemia",
      "_togeth": 11,
      "_t_1": " 1 (  3.1%)",
      "error": 0,
      "_orderN": 38,
      "_n_free": 0,
      "_n_tog": 0,
      "_n_tog_uni":       11,
      "_n_cont": 1,
      "_n_freeR": 0,
      "_n_togR": 0,
      "_obsid_": 38,
      "_1_b1": 0,
      "_1_b2": 0,
      "_1_b3": 1,
      "_1_b4": 1,
      "_1_b5": 1,
      "_1_b6": 1,
      "_1_b7": 1
    },
    {
      "_sort1": 1,
      "MHBODSYS": "Metabolism and nutrition disorders",
      "MHDECOD": "Type 1 diabetes mellitus",
      "_anyev": 3,
      "_labind": 2,
      "_levtxt": "   Type 1 diabetes mellitus",
      "_togeth": 11,
      "_t_1": " 1 (  3.1%)",
      "error": 0,
      "_orderN": 39,
      "_n_free": 0,
      "_n_tog": 0,
      "_n_tog_uni":       11,
      "_n_cont": 1,
      "_n_freeR": 1,
      "_n_togR": 1,
      "_obsid_": 39,
      "_1_b1": 0,
      "_1_b2": 0,
      "_1_b3": 1,
      "_1_b4": 1,
      "_1_b5": 1,
      "_1_b6": 1,
      "_1_b7": 1
    },
    {
      "_sort1": 1,
      "MHBODSYS": "Musculoskeletal and connective tissue disorders",
      "MHDECOD": "",
      "_anyev": 2,
      "_labind": 1,
      "_levtxt": "Musculoskeletal and connective tissue disorders",
      "_togeth": 12,
      "_t_1": "11 ( 34.4%)",
      "error": 0,
      "_orderN": 40,
      "_n_free": 1,
      "_n_tog": 1,
      "_n_tog_uni":       12,
      "_n_cont": 0,
      "_n_freeR": 0,
      "_n_togR": 0,
      "_obsid_": 40,
      "_1_b1": 0,
      "_1_b2": 1,
      "_1_b3": 1,
      "_1_b4": 1,
      "_1_b5": 1,
      "_1_b6": 1,
      "_1_b7": 1
    },
    {
      "_sort1": 1,
      "MHBODSYS": "Musculoskeletal and connective tissue disorders",
      "MHDECOD": "Arthralgia",
      "_anyev": 3,
      "_labind": 2,
      "_levtxt": "   Arthralgia",
      "_togeth": 12,
      "_t_1": " 1 (  3.1%)",
      "error": 0,
      "_orderN": 41,
      "_n_free": 0,
      "_n_tog": 0,
      "_n_tog_uni":       12,
      "_n_cont": 1,
      "_n_freeR": 0,
      "_n_togR": 0,
      "_obsid_": 41,
      "_1_b1": 0,
      "_1_b2": 0,
      "_1_b3": 1,
      "_1_b4": 1,
      "_1_b5": 1,
      "_1_b6": 1,
      "_1_b7": 1
    },
    {
      "_sort1": 1,
      "MHBODSYS": "Musculoskeletal and connective tissue disorders",
      "MHDECOD": "Arthropathy",
      "_anyev": 3,
      "_labind": 2,
      "_levtxt": "   Arthropathy",
      "_togeth": 12,
      "_t_1": " 1 (  3.1%)",
      "error": 0,
      "_orderN": 42,
      "_n_free": 0,
      "_n_tog": 0,
      "_n_tog_uni":       12,
      "_n_cont": 1,
      "_n_freeR": 0,
      "_n_togR": 0,
      "_obsid_": 42,
      "_1_b1": 0,
      "_1_b2": 0,
      "_1_b3": 1,
      "_1_b4": 1,
      "_1_b5": 1,
      "_1_b6": 1,
      "_1_b7": 1
    },
    {
      "_sort1": 1,
      "MHBODSYS": "Musculoskeletal and connective tissue disorders",
      "MHDECOD": "Back pain",
      "_anyev": 3,
      "_labind": 2,
      "_levtxt": "   Back pain",
      "_togeth": 12,
      "_t_1": " 1 (  3.1%)",
      "error": 0,
      "_orderN": 43,
      "_n_free": 0,
      "_n_tog": 0,
      "_n_tog_uni":       12,
      "_n_cont": 1,
      "_n_freeR": 0,
      "_n_togR": 0,
      "_obsid_": 43,
      "_1_b1": 0,
      "_1_b2": 0,
      "_1_b3": 1,
      "_1_b4": 1,
      "_1_b5": 1,
      "_1_b6": 1,
      "_1_b7": 1
    },
    {
      "_sort1": 1,
      "MHBODSYS": "Musculoskeletal and connective tissue disorders",
      "MHDECOD": "Haemophilic arthropathy",
      "_anyev": 3,
      "_labind": 2,
      "_levtxt": "   Haemophilic arthropathy",
      "_togeth": 12,
      "_t_1": " 6 ( 18.8%)",
      "error": 0,
      "_orderN": 44,
      "_n_free": 0,
      "_n_tog": 0,
      "_n_tog_uni":       12,
      "_n_cont": 1,
      "_n_freeR": 0,
      "_n_togR": 0,
      "_obsid_": 44,
      "_1_b1": 0,
      "_1_b2": 0,
      "_1_b3": 1,
      "_1_b4": 1,
      "_1_b5": 1,
      "_1_b6": 1,
      "_1_b7": 1
    },
    {
      "_sort1": 1,
      "MHBODSYS": "Musculoskeletal and connective tissue disorders",
      "MHDECOD": "Intervertebral disc disorder",
      "_anyev": 3,
      "_labind": 2,
      "_levtxt": "   Intervertebral disc disorder",
      "_togeth": 12,
      "_t_1": " 1 (  3.1%)",
      "error": 0,
      "_orderN": 45,
      "_n_free": 0,
      "_n_tog": 0,
      "_n_tog_uni":       12,
      "_n_cont": 1,
      "_n_freeR": 0,
      "_n_togR": 0,
      "_obsid_": 45,
      "_1_b1": 0,
      "_1_b2": 0,
      "_1_b3": 1,
      "_1_b4": 1,
      "_1_b5": 1,
      "_1_b6": 1,
      "_1_b7": 1
    },
    {
      "_sort1": 1,
      "MHBODSYS": "Musculoskeletal and connective tissue disorders",
      "MHDECOD": "Osteoarthritis",
      "_anyev": 3,
      "_labind": 2,
      "_levtxt": "   Osteoarthritis",
      "_togeth": 12,
      "_t_1": " 1 (  3.1%)",
      "error": 0,
      "_orderN": 46,
      "_n_free": 0,
      "_n_tog": 0,
      "_n_tog_uni":       12,
      "_n_cont": 1,
      "_n_freeR": 1,
      "_n_togR": 1,
      "_obsid_": 46,
      "_1_b1": 0,
      "_1_b2": 0,
      "_1_b3": 1,
      "_1_b4": 1,
      "_1_b5": 1,
      "_1_b6": 1,
      "_1_b7": 1
    },
    {
      "_sort1": 1,
      "MHBODSYS": "Neoplasms benign, malignant and unspecified (incl cysts and polyps)",
      "MHDECOD": "",
      "_anyev": 2,
      "_labind": 1,
      "_levtxt": "Neoplasms benign, malignant and unspecified (incl cysts and polyps)",
      "_togeth": 13,
      "_t_1": " 1 (  3.1%)",
      "error": 0,
      "_orderN": 47,
      "_n_free": 1,
      "_n_tog": 1,
      "_n_tog_uni":       13,
      "_n_cont": 0,
      "_n_freeR": 0,
      "_n_togR": 0,
      "_obsid_": 47,
      "_1_b1": 0,
      "_1_b2": 1,
      "_1_b3": 1,
      "_1_b4": 1,
      "_1_b5": 1,
      "_1_b6": 1,
      "_1_b7": 1
    },
    {
      "_sort1": 1,
      "MHBODSYS": "Neoplasms benign, malignant and unspecified (incl cysts and polyps)",
      "MHDECOD": "Colon cancer",
      "_anyev": 3,
      "_labind": 2,
      "_levtxt": "   Colon cancer",
      "_togeth": 13,
      "_t_1": " 1 (  3.1%)",
      "error": 0,
      "_orderN": 48,
      "_n_free": 0,
      "_n_tog": 0,
      "_n_tog_uni":       13,
      "_n_cont": 1,
      "_n_freeR": 1,
      "_n_togR": 1,
      "_obsid_": 48,
      "_1_b1": 0,
      "_1_b2": 0,
      "_1_b3": 1,
      "_1_b4": 1,
      "_1_b5": 1,
      "_1_b6": 1,
      "_1_b7": 1
    },
    {
      "_sort1": 1,
      "MHBODSYS": "Nervous system disorders",
      "MHDECOD": "",
      "_anyev": 2,
      "_labind": 1,
      "_levtxt": "Nervous system disorders",
      "_togeth": 14,
      "_t_1": " 4 ( 12.5%)",
      "error": 0,
      "_orderN": 49,
      "_n_free": 1,
      "_n_tog": 1,
      "_n_tog_uni":       14,
      "_n_cont": 0,
      "_n_freeR": 0,
      "_n_togR": 0,
      "_obsid_": 49,
      "_1_b1": 0,
      "_1_b2": 1,
      "_1_b3": 1,
      "_1_b4": 1,
      "_1_b5": 1,
      "_1_b6": 1,
      "_1_b7": 1
    },
    {
      "_sort1": 1,
      "MHBODSYS": "Nervous system disorders",
      "MHDECOD": "Cerebral haemorrhage",
      "_anyev": 3,
      "_labind": 2,
      "_levtxt": "   Cerebral haemorrhage",
      "_togeth": 14,
      "_t_1": " 1 (  3.1%)",
      "error": 0,
      "_orderN": 50,
      "_n_free": 0,
      "_n_tog": 0,
      "_n_tog_uni":       14,
      "_n_cont": 1,
      "_n_freeR": 0,
      "_n_togR": 0,
      "_obsid_": 50,
      "_1_b1": 0,
      "_1_b2": 0,
      "_1_b3": 1,
      "_1_b4": 1,
      "_1_b5": 1,
      "_1_b6": 1,
      "_1_b7": 1
    },
    {
      "_sort1": 1,
      "MHBODSYS": "Nervous system disorders",
      "MHDECOD": "Epilepsy",
      "_anyev": 3,
      "_labind": 2,
      "_levtxt": "   Epilepsy",
      "_togeth": 14,
      "_t_1": " 1 (  3.1%)",
      "error": 0,
      "_orderN": 51,
      "_n_free": 0,
      "_n_tog": 0,
      "_n_tog_uni":       14,
      "_n_cont": 1,
      "_n_freeR": 0,
      "_n_togR": 0,
      "_obsid_": 51,
      "_1_b1": 0,
      "_1_b2": 0,
      "_1_b3": 1,
      "_1_b4": 1,
      "_1_b5": 1,
      "_1_b6": 1,
      "_1_b7": 1
    },
    {
      "_sort1": 1,
      "MHBODSYS": "Nervous system disorders",
      "MHDECOD": "Headache",
      "_anyev": 3,
      "_labind": 2,
      "_levtxt": "   Headache",
      "_togeth": 14,
      "_t_1": " 1 (  3.1%)",
      "error": 0,
      "_orderN": 52,
      "_n_free": 0,
      "_n_tog": 0,
      "_n_tog_uni":       14,
      "_n_cont": 1,
      "_n_freeR": 0,
      "_n_togR": 0,
      "_obsid_": 52,
      "_1_b1": 0,
      "_1_b2": 0,
      "_1_b3": 1,
      "_1_b4": 1,
      "_1_b5": 1,
      "_1_b6": 1,
      "_1_b7": 1
    },
    {
      "_sort1": 1,
      "MHBODSYS": "Nervous system disorders",
      "MHDECOD": "Tension headache",
      "_anyev": 3,
      "_labind": 2,
      "_levtxt": "   Tension headache",
      "_togeth": 14,
      "_t_1": " 1 (  3.1%)",
      "error": 0,
      "_orderN": 53,
      "_n_free": 0,
      "_n_tog": 0,
      "_n_tog_uni":       14,
      "_n_cont": 1,
      "_n_freeR": 1,
      "_n_togR": 1,
      "_obsid_": 53,
      "_1_b1": 0,
      "_1_b2": 0,
      "_1_b3": 1,
      "_1_b4": 1,
      "_1_b5": 1,
      "_1_b6": 1,
      "_1_b7": 1
    },
    {
      "_sort1": 1,
      "MHBODSYS": "Psychiatric disorders",
      "MHDECOD": "",
      "_anyev": 2,
      "_labind": 1,
      "_levtxt": "Psychiatric disorders",
      "_togeth": 15,
      "_t_1": " 2 (  6.3%)",
      "error": 0,
      "_orderN": 54,
      "_n_free": 1,
      "_n_tog": 1,
      "_n_tog_uni":       15,
      "_n_cont": 0,
      "_n_freeR": 0,
      "_n_togR": 0,
      "_obsid_": 54,
      "_1_b1": 0,
      "_1_b2": 1,
      "_1_b3": 1,
      "_1_b4": 1,
      "_1_b5": 1,
      "_1_b6": 1,
      "_1_b7": 1
    },
    {
      "_sort1": 1,
      "MHBODSYS": "Psychiatric disorders",
      "MHDECOD": "Acute psychosis",
      "_anyev": 3,
      "_labind": 2,
      "_levtxt": "   Acute psychosis",
      "_togeth": 15,
      "_t_1": " 1 (  3.1%)",
      "error": 0,
      "_orderN": 55,
      "_n_free": 0,
      "_n_tog": 0,
      "_n_tog_uni":       15,
      "_n_cont": 1,
      "_n_freeR": 0,
      "_n_togR": 0,
      "_obsid_": 55,
      "_1_b1": 0,
      "_1_b2": 0,
      "_1_b3": 1,
      "_1_b4": 1,
      "_1_b5": 1,
      "_1_b6": 1,
      "_1_b7": 1
    },
    {
      "_sort1": 1,
      "MHBODSYS": "Psychiatric disorders",
      "MHDECOD": "Anxiety disorder",
      "_anyev": 3,
      "_labind": 2,
      "_levtxt": "   Anxiety disorder",
      "_togeth": 15,
      "_t_1": " 1 (  3.1%)",
      "error": 0,
      "_orderN": 56,
      "_n_free": 0,
      "_n_tog": 0,
      "_n_tog_uni":       15,
      "_n_cont": 1,
      "_n_freeR": 1,
      "_n_togR": 1,
      "_obsid_": 56,
      "_1_b1": 0,
      "_1_b2": 0,
      "_1_b3": 1,
      "_1_b4": 1,
      "_1_b5": 1,
      "_1_b6": 1,
      "_1_b7": 1
    },
    {
      "_sort1": 1,
      "MHBODSYS": "Renal and urinary disorders",
      "MHDECOD": "",
      "_anyev": 2,
      "_labind": 1,
      "_levtxt": "Renal and urinary disorders",
      "_togeth": 16,
      "_t_1": " 1 (  3.1%)",
      "error": 0,
      "_orderN": 57,
      "_n_free": 1,
      "_n_tog": 1,
      "_n_tog_uni":       16,
      "_n_cont": 0,
      "_n_freeR": 0,
      "_n_togR": 0,
      "_obsid_": 57,
      "_1_b1": 0,
      "_1_b2": 1,
      "_1_b3": 1,
      "_1_b4": 1,
      "_1_b5": 1,
      "_1_b6": 1,
      "_1_b7": 1
    },
    {
      "_sort1": 1,
      "MHBODSYS": "Renal and urinary disorders",
      "MHDECOD": "Nephrolithiasis",
      "_anyev": 3,
      "_labind": 2,
      "_levtxt": "   Nephrolithiasis",
      "_togeth": 16,
      "_t_1": " 1 (  3.1%)",
      "error": 0,
      "_orderN": 58,
      "_n_free": 0,
      "_n_tog": 0,
      "_n_tog_uni":       16,
      "_n_cont": 1,
      "_n_freeR": 1,
      "_n_togR": 1,
      "_obsid_": 58,
      "_1_b1": 0,
      "_1_b2": 0,
      "_1_b3": 1,
      "_1_b4": 1,
      "_1_b5": 1,
      "_1_b6": 1,
      "_1_b7": 1
    },
    {
      "_sort1": 1,
      "MHBODSYS": "Reproductive system and breast disorders",
      "MHDECOD": "",
      "_anyev": 2,
      "_labind": 1,
      "_levtxt": "Reproductive system and breast disorders",
      "_togeth": 17,
      "_t_1": " 1 (  3.1%)",
      "error": 0,
      "_orderN": 59,
      "_n_free": 1,
      "_n_tog": 1,
      "_n_tog_uni":       17,
      "_n_cont": 0,
      "_n_freeR": 0,
      "_n_togR": 0,
      "_obsid_": 59,
      "_1_b1": 0,
      "_1_b2": 1,
      "_1_b3": 1,
      "_1_b4": 1,
      "_1_b5": 1,
      "_1_b6": 1,
      "_1_b7": 1
    },
    {
      "_sort1": 1,
      "MHBODSYS": "Reproductive system and breast disorders",
      "MHDECOD": "Benign prostatic hyperplasia",
      "_anyev": 3,
      "_labind": 2,
      "_levtxt": "   Benign prostatic hyperplasia",
      "_togeth": 17,
      "_t_1": " 1 (  3.1%)",
      "error": 0,
      "_orderN": 60,
      "_n_free": 0,
      "_n_tog": 0,
      "_n_tog_uni":       17,
      "_n_cont": 1,
      "_n_freeR": 1,
      "_n_togR": 1,
      "_obsid_": 60,
      "_1_b1": 0,
      "_1_b2": 0,
      "_1_b3": 1,
      "_1_b4": 1,
      "_1_b5": 1,
      "_1_b6": 1,
      "_1_b7": 1
    },
    {
      "_sort1": 1,
      "MHBODSYS": "Skin and subcutaneous tissue disorders",
      "MHDECOD": "",
      "_anyev": 2,
      "_labind": 1,
      "_levtxt": "Skin and subcutaneous tissue disorders",
      "_togeth": 18,
      "_t_1": " 1 (  3.1%)",
      "error": 0,
      "_orderN": 61,
      "_n_free": 1,
      "_n_tog": 1,
      "_n_tog_uni":       18,
      "_n_cont": 0,
      "_n_freeR": 0,
      "_n_togR": 0,
      "_obsid_": 61,
      "_1_b1": 0,
      "_1_b2": 1,
      "_1_b3": 1,
      "_1_b4": 1,
      "_1_b5": 1,
      "_1_b6": 1,
      "_1_b7": 1
    },
    {
      "_sort1": 1,
      "MHBODSYS": "Skin and subcutaneous tissue disorders",
      "MHDECOD": "Vitiligo",
      "_anyev": 3,
      "_labind": 2,
      "_levtxt": "   Vitiligo",
      "_togeth": 18,
      "_t_1": " 1 (  3.1%)",
      "error": 0,
      "_orderN": 62,
      "_n_free": 0,
      "_n_tog": 0,
      "_n_tog_uni":       18,
      "_n_cont": 1,
      "_n_freeR": 1,
      "_n_togR": 1,
      "_obsid_": 62,
      "_1_b1": 0,
      "_1_b2": 0,
      "_1_b3": 1,
      "_1_b4": 1,
      "_1_b5": 1,
      "_1_b6": 1,
      "_1_b7": 1
    },
    {
      "_sort1": 1,
      "MHBODSYS": "Surgical and medical procedures",
      "MHDECOD": "",
      "_anyev": 2,
      "_labind": 1,
      "_levtxt": "Surgical and medical procedures",
      "_togeth": 19,
      "_t_1": "20 ( 62.5%)",
      "error": 0,
      "_orderN": 63,
      "_n_free": 1,
      "_n_tog": 1,
      "_n_tog_uni":       19,
      "_n_cont": 0,
      "_n_freeR": 0,
      "_n_togR": 0,
      "_obsid_": 63,
      "_1_b1": 0,
      "_1_b2": 1,
      "_1_b3": 1,
      "_1_b4": 1,
      "_1_b5": 1,
      "_1_b6": 1,
      "_1_b7": 1
    },
    {
      "_sort1": 1,
      "MHBODSYS": "Surgical and medical procedures",
      "MHDECOD": "Ankle arthroplasty",
      "_anyev": 3,
      "_labind": 2,
      "_levtxt": "   Ankle arthroplasty",
      "_togeth": 19,
      "_t_1": " 2 (  6.3%)",
      "error": 0,
      "_orderN": 64,
      "_n_free": 0,
      "_n_tog": 0,
      "_n_tog_uni":       19,
      "_n_cont": 1,
      "_n_freeR": 0,
      "_n_togR": 0,
      "_obsid_": 64,
      "_1_b1": 0,
      "_1_b2": 0,
      "_1_b3": 1,
      "_1_b4": 1,
      "_1_b5": 1,
      "_1_b6": 1,
      "_1_b7": 1
    },
    {
      "_sort1": 1,
      "MHBODSYS": "Surgical and medical procedures",
      "MHDECOD": "Cholecystectomy",
      "_anyev": 3,
      "_labind": 2,
      "_levtxt": "   Cholecystectomy",
      "_togeth": 19,
      "_t_1": " 2 (  6.3%)",
      "error": 0,
      "_orderN": 65,
      "_n_free": 0,
      "_n_tog": 0,
      "_n_tog_uni":       19,
      "_n_cont": 1,
      "_n_freeR": 0,
      "_n_togR": 0,
      "_obsid_": 65,
      "_1_b1": 0,
      "_1_b2": 0,
      "_1_b3": 1,
      "_1_b4": 1,
      "_1_b5": 1,
      "_1_b6": 1,
      "_1_b7": 1
    },
    {
      "_sort1": 1,
      "MHBODSYS": "Surgical and medical procedures",
      "MHDECOD": "Gastric bypass",
      "_anyev": 3,
      "_labind": 2,
      "_levtxt": "   Gastric bypass",
      "_togeth": 19,
      "_t_1": " 1 (  3.1%)",
      "error": 0,
      "_orderN": 66,
      "_n_free": 0,
      "_n_tog": 0,
      "_n_tog_uni":       19,
      "_n_cont": 1,
      "_n_freeR": 0,
      "_n_togR": 0,
      "_obsid_": 66,
      "_1_b1": 0,
      "_1_b2": 0,
      "_1_b3": 1,
      "_1_b4": 1,
      "_1_b5": 1,
      "_1_b6": 1,
      "_1_b7": 1
    },
    {
      "_sort1": 1,
      "MHBODSYS": "Surgical and medical procedures",
      "MHDECOD": "Hepatitis A immunisation",
      "_anyev": 3,
      "_labind": 2,
      "_levtxt": "   Hepatitis A immunisation",
      "_togeth": 19,
      "_t_1": "20 ( 62.5%)",
      "error": 0,
      "_orderN": 67,
      "_n_free": 0,
      "_n_tog": 0,
      "_n_tog_uni":       19,
      "_n_cont": 1,
      "_n_freeR": 0,
      "_n_togR": 0,
      "_obsid_": 67,
      "_1_b1": 0,
      "_1_b2": 0,
      "_1_b3": 1,
      "_1_b4": 1,
      "_1_b5": 1,
      "_1_b6": 1,
      "_1_b7": 1
    },
    {
      "_sort1": 1,
      "MHBODSYS": "Surgical and medical procedures",
      "MHDECOD": "Hepatitis B immunisation",
      "_anyev": 3,
      "_labind": 2,
      "_levtxt": "   Hepatitis B immunisation",
      "_togeth": 19,
      "_t_1": "20 ( 62.5%)",
      "error": 0,
      "_orderN": 68,
      "_n_free": 0,
      "_n_tog": 0,
      "_n_tog_uni":       19,
      "_n_cont": 1,
      "_n_freeR": 0,
      "_n_togR": 0,
      "_obsid_": 68,
      "_1_b1": 0,
      "_1_b2": 0,
      "_1_b3": 1,
      "_1_b4": 1,
      "_1_b5": 1,
      "_1_b6": 1,
      "_1_b7": 1
    },
    {
      "_sort1": 1,
      "MHBODSYS": "Surgical and medical procedures",
      "MHDECOD": "Knee arthroplasty",
      "_anyev": 3,
      "_labind": 2,
      "_levtxt": "   Knee arthroplasty",
      "_togeth": 19,
      "_t_1": " 4 ( 12.5%)",
      "error": 0,
      "_orderN": 69,
      "_n_free": 0,
      "_n_tog": 0,
      "_n_tog_uni":       19,
      "_n_cont": 1,
      "_n_freeR": 0,
      "_n_togR": 0,
      "_obsid_": 69,
      "_1_b1": 0,
      "_1_b2": 0,
      "_1_b3": 1,
      "_1_b4": 1,
      "_1_b5": 1,
      "_1_b6": 1,
      "_1_b7": 1
    },
    {
      "_sort1": 1,
      "MHBODSYS": "Surgical and medical procedures",
      "MHDECOD": "Synovectomy",
      "_anyev": 3,
      "_labind": 2,
      "_levtxt": "   Synovectomy",
      "_togeth": 19,
      "_t_1": " 1 (  3.1%)",
      "error": 0,
      "_orderN": 70,
      "_n_free": 0,
      "_n_tog": 0,
      "_n_tog_uni":       19,
      "_n_cont": 1,
      "_n_freeR": 0,
      "_n_togR": 0,
      "_obsid_": 70,
      "_1_b1": 0,
      "_1_b2": 0,
      "_1_b3": 1,
      "_1_b4": 1,
      "_1_b5": 1,
      "_1_b6": 1,
      "_1_b7": 1
    },
    {
      "_sort1": 1,
      "MHBODSYS": "Surgical and medical procedures",
      "MHDECOD": "Tenoplasty",
      "_anyev": 3,
      "_labind": 2,
      "_levtxt": "   Tenoplasty",
      "_togeth": 19,
      "_t_1": " 1 (  3.1%)",
      "error": 0,
      "_orderN": 71,
      "_n_free": 0,
      "_n_tog": 0,
      "_n_tog_uni":       19,
      "_n_cont": 1,
      "_n_freeR": 1,
      "_n_togR": 1,
      "_obsid_": 71,
      "_1_b1": 0,
      "_1_b2": 0,
      "_1_b3": 1,
      "_1_b4": 1,
      "_1_b5": 1,
      "_1_b6": 1,
      "_1_b7": 1
    },
    {
      "_sort1": 1,
      "MHBODSYS": "Vascular disorders",
      "MHDECOD": "",
      "_anyev": 2,
      "_labind": 1,
      "_levtxt": "Vascular disorders",
      "_togeth": 20,
      "_t_1": "20 ( 62.5%)",
      "error": 0,
      "_orderN": 72,
      "_n_free": 1,
      "_n_tog": 1,
      "_n_tog_uni":       20,
      "_n_cont": 0,
      "_n_freeR": 0,
      "_n_togR": 0,
      "_obsid_": 72,
      "_1_b1": 0,
      "_1_b2": 1,
      "_1_b3": 1,
      "_1_b4": 1,
      "_1_b5": 1,
      "_1_b6": 1,
      "_1_b7": 1
    },
    {
      "_sort1": 1,
      "MHBODSYS": "Vascular disorders",
      "MHDECOD": "Hypertension",
      "_anyev": 3,
      "_labind": 2,
      "_levtxt": "   Hypertension",
      "_togeth": 20,
      "_t_1": "20 ( 62.5%)",
      "error": 0,
      "_orderN": 73,
      "_n_free": 0,
      "_n_tog": 0,
      "_n_tog_uni":       20,
      "_n_cont": 1,
      "_n_freeR": 1,
      "_n_togR": 1,
      "_obsid_": 73,
      "_1_b1": 0,
      "_1_b2": 0,
      "_1_b3": 1,
      "_1_b4": 1,
      "_1_b5": 1,
      "_1_b6": 1,
      "_1_b7": 1
    }
  ]
]
