[
  "SASJSONExport",
  "1.0 PRETTY FMTCHARACTER FMTNUMERIC",
  "SASTableData+PROPERTIES_OBJECT",
  [
    {
      "Report_Number": "Table 1.2 / 9",
      "Number_of_Titles": 1,
      "Title1": "Table: Summary statistics for FVIII concentration and recovery values (intent to treat - subjects with at least 24 weeks of treatment duration)",
      "Title2": "",
      "Title3": "",
      "Title4": "",
      "Title5": "",
      "Title6": "",
      "Title7": "",
      "Title8": "",
      "Title9": "",
      "Title10": "",
      "Number_of_Footnotes": 1,
      "Footnote1": "Bayer: /var/swan/root/bhc/949027/19764/stat/main01/dev/analysis/pgms/t_recovery_24w.sas      05OCT2020 14:51",
      "Footnote2": "",
      "Footnote3": "",
      "Footnote4": "",
      "Footnote5": "",
      "Footnote6": "",
      "Footnote7": "",
      "Footnote8": "",
      "Footnote9": "",
      "Footnote10": "",
      "_datalist_program_name": "t_recovery_24w",
      "_datalist_report_name": "t_recovery_24w_1",
      "_datalist_by_without_order": "_indexc _stat_",
      "_datalist_page_without_order": "",
      "_datalist_page_title": "",
      "_datalist_DateTime": "05OCT20:14:51:52",
      "_datalist_Filename": "t_recovery_24w",
      "_datalist_FilenameListing": "t_recovery_24w",
      "_datalist_FilenameRTF": "t_recovery_24w",
      "_datalist_IsPhysicalName": "YES",
      "_datalist_NumberOfOutputObservat": "36",
      "_datalist_PageGroupNumber": "1",
      "_datalist_Prog": "t_recovery_24w",
      "_datalist_TablesbyObservation": "1",
      "_datalist_TablesbyValues": "",
      "_datalist_TablesbyVariables": "",
      "_datalist_BY": "_index _indexc _togdif _statnr_ _stat_",
      "_datalist_BYLEN": "",
      "_datalist_CONTBY": "",
      "_datalist_DATA": "out",
      "_datalist_FREELINE": "_togdif",
      "_datalist_HB_ALIGN": "CENTER",
      "_datalist_HC_ALIGN": "",
      "_datalist_HN_ALIGN": "",
      "_datalist_HSPLIT": "'@'",
      "_datalist_HV_ALIGN": "CENTER",
      "_datalist_IGNORE_PRESPACE": "NO",
      "_datalist_LABEL": "NO",
      "_datalist_LAYOUT": "STANDARD",
      "_datalist_MAXLEN": "20",
      "_datalist_NCOLUMN1": "count1 count2 count3 count4 count5",
      "_datalist_OPTIMAL": "NO",
      "_datalist_ORDER": "_nr_ _index . order_var=_index=1 2 3 _statnr_ _togdif",
      "_datalist_ORDER_VAR": "",
      "_datalist_PAGE": "",
      "_datalist_POSTVAR": "",
      "_datalist_PRINT_EMPTY": "YES",
      "_datalist_REPBY": "NO",
      "_datalist_SPACE": "2",
      "_datalist_SPLIT": "'/ *'",
      "_datalist_SPLITBY": "YES",
      "_datalist_TABLESBY": "",
      "_datalist_TOGETHER": "_togdif",
      "_datalist_TRANSPOSE": "",
      "_datalist_VAR": "count1 count2 count3 count4 count5",
      "_datalist_VERTICAL_HEADER": "",
      "_datalist_var_actual": "_togdif count1 count2 count3 count4 count5 _index _indexc _statnr_ _stat_ error _orderN _n_free _n_tog _n_tog_uni _n_freeR _n_togR _obsid_ _1_b1 _1_b2 _1_b3 _1_b4 _1_b5"
    }
  ],
  "SASJSONExport",
  "1.0 PRETTY FMTCHARACTER FMTNUMERIC",
  "SASTableData+HEADER_OBJECT",
  [
    {
      "NAME": "_1_b1",
      "LABEL": "_1_b1"
    },
    {
      "NAME": "_1_b2",
      "LABEL": "_1_b2"
    },
    {
      "NAME": "_1_b3",
      "LABEL": "_1_b3"
    },
    {
      "NAME": "_1_b4",
      "LABEL": "_1_b4"
    },
    {
      "NAME": "_1_b5",
      "LABEL": "_1_b5"
    },
    {
      "NAME": "_index",
      "LABEL": "_index"
    },
    {
      "NAME": "_indexc",
      "LABEL": "@"
    },
    {
      "NAME": "_n_free",
      "LABEL": "Freeline indicator variable"
    },
    {
      "NAME": "_n_freeR",
      "LABEL": "_n_freeR"
    },
    {
      "NAME": "_n_tog",
      "LABEL": "Together indicator variable"
    },
    {
      "NAME": "_n_togR",
      "LABEL": "_n_togR"
    },
    {
      "NAME": "_n_tog_uni",
      "LABEL": "Together indicator with group blocks"
    },
    {
      "NAME": "_obsid_",
      "LABEL": "_obsid_"
    },
    {
      "NAME": "_orderN",
      "LABEL": "_orderN"
    },
    {
      "NAME": "_stat_",
      "LABEL": "_stat_"
    },
    {
      "NAME": "_statnr_",
      "LABEL": "_statnr_"
    },
    {
      "NAME": "_togdif",
      "LABEL": "Variable used for TOGETHER and FREELINE"
    },
    {
      "NAME": "count1",
      "LABEL": "Twice a week@(N=2)"
    },
    {
      "NAME": "count2",
      "LABEL": "Every 5 days@(N=7)"
    },
    {
      "NAME": "count3",
      "LABEL": "Every 7 days@(N=5)"
    },
    {
      "NAME": "count4",
      "LABEL": "Variable frequency@(N=4)"
    },
    {
      "NAME": "count5",
      "LABEL": "Total@(N=18)"
    },
    {
      "NAME": "error",
      "LABEL": "error"
    }
  ],
  "SASJSONExport",
  "1.0 PRETTY FMTCHARACTER FMTNUMERIC",
  "SASTableData+t_recovery_24w_1",
  [
    {
      "_togdif": 1,
      "count1": " 2",
      "count2": "  7",
      "count3": "  5",
      "count4": "  4",
      "count5": " 18",
      "_index": 1,
      "_indexc": "Pre-infusion FVIII concentration (IU/dL)",
      "_statnr_": 1,
      "_stat_": "n",
      "error": 0,
      "_orderN": 1,
      "_n_free": 1,
      "_n_tog": 1,
      "_n_tog_uni":        1,
      "_n_freeR": 0,
      "_n_togR": 0,
      "_obsid_": 1,
      "_1_b1": 1,
      "_1_b2": 1,
      "_1_b3": 1,
      "_1_b4": 1,
      "_1_b5": 1
    },
    {
      "_togdif": 1,
      "count1": " 2.462",
      "count2": "  3.141",
      "count3": "  1.542",
      "count4": "  5.242",
      "count5": "  3.088",
      "_index": 1,
      "_indexc": "Pre-infusion FVIII concentration (IU/dL)",
      "_statnr_": 3,
      "_stat_": "Arithm. Mean",
      "error": 0,
      "_orderN": 2,
      "_n_free": 0,
      "_n_tog": 0,
      "_n_tog_uni":        1,
      "_n_freeR": 0,
      "_n_togR": 0,
      "_obsid_": 2,
      "_1_b1": 0,
      "_1_b2": 0,
      "_1_b3": 0,
      "_1_b4": 1,
      "_1_b5": 1
    },
    {
      "_togdif": 1,
      "count1": " 1.251",
      "count2": "  3.865",
      "count3": "  1.426",
      "count4": "  4.140",
      "count5": "  3.273",
      "_index": 1,
      "_indexc": "Pre-infusion FVIII concentration (IU/dL)",
      "_statnr_": 4,
      "_stat_": "Arithm. SD",
      "error": 0,
      "_orderN": 3,
      "_n_free": 0,
      "_n_tog": 0,
      "_n_tog_uni":        1,
      "_n_freeR": 0,
      "_n_togR": 0,
      "_obsid_": 3,
      "_1_b1": 0,
      "_1_b2": 0,
      "_1_b3": 0,
      "_1_b4": 1,
      "_1_b5": 1
    },
    {
      "_togdif": 1,
      "count1": "50.800",
      "count2": "123.040",
      "count3": " 92.500",
      "count4": " 78.969",
      "count5": "105.963",
      "_index": 1,
      "_indexc": "Pre-infusion FVIII concentration (IU/dL)",
      "_statnr_": 5,
      "_stat_": "Arithm. CV(%)",
      "error": 0,
      "_orderN": 4,
      "_n_free": 0,
      "_n_tog": 0,
      "_n_tog_uni":        1,
      "_n_freeR": 0,
      "_n_togR": 0,
      "_obsid_": 4,
      "_1_b1": 0,
      "_1_b2": 0,
      "_1_b3": 0,
      "_1_b4": 1,
      "_1_b5": 1
    },
    {
      "_togdif": 1,
      "count1": " 2.298",
      "count2": "  1.721",
      "count3": "  1.193",
      "count4": "  3.590",
      "count5": "  1.890",
      "_index": 1,
      "_indexc": "Pre-infusion FVIII concentration (IU/dL)",
      "_statnr_": 6,
      "_stat_": "Geom. Mean",
      "error": 0,
      "_orderN": 5,
      "_n_free": 0,
      "_n_tog": 0,
      "_n_tog_uni":        1,
      "_n_freeR": 0,
      "_n_togR": 0,
      "_obsid_": 5,
      "_1_b1": 0,
      "_1_b2": 0,
      "_1_b3": 0,
      "_1_b4": 1,
      "_1_b5": 1
    },
    {
      "_togdif": 1,
      "count1": " 1.702",
      "count2": "  3.064",
      "count3": "  2.087",
      "count4": "  3.163",
      "count5": "  2.701",
      "_index": 1,
      "_indexc": "Pre-infusion FVIII concentration (IU/dL)",
      "_statnr_": 7,
      "_stat_": "Geom. SD",
      "error": 0,
      "_orderN": 6,
      "_n_free": 0,
      "_n_tog": 0,
      "_n_tog_uni":        1,
      "_n_freeR": 0,
      "_n_togR": 0,
      "_obsid_": 6,
      "_1_b1": 0,
      "_1_b2": 0,
      "_1_b3": 0,
      "_1_b4": 1,
      "_1_b5": 1
    },
    {
      "_togdif": 1,
      "count1": "57.161",
      "count2": "158.190",
      "count3": " 84.728",
      "count4": "166.283",
      "count5": "129.786",
      "_index": 1,
      "_indexc": "Pre-infusion FVIII concentration (IU/dL)",
      "_statnr_": 8,
      "_stat_": "Geom. CV(%)",
      "error": 0,
      "_orderN": 7,
      "_n_free": 0,
      "_n_tog": 0,
      "_n_tog_uni":        1,
      "_n_freeR": 0,
      "_n_togR": 0,
      "_obsid_": 7,
      "_1_b1": 0,
      "_1_b2": 0,
      "_1_b3": 0,
      "_1_b4": 1,
      "_1_b5": 1
    },
    {
      "_togdif": 1,
      "count1": " 1.58",
      "count2": "  0.75",
      "count3": "  0.75",
      "count4": "  0.75",
      "count5": "  0.75",
      "_index": 1,
      "_indexc": "Pre-infusion FVIII concentration (IU/dL)",
      "_statnr_": 9,
      "_stat_": "Min",
      "error": 0,
      "_orderN": 8,
      "_n_free": 0,
      "_n_tog": 0,
      "_n_tog_uni":        1,
      "_n_freeR": 0,
      "_n_togR": 0,
      "_obsid_": 8,
      "_1_b1": 0,
      "_1_b2": 0,
      "_1_b3": 0,
      "_1_b4": 1,
      "_1_b5": 1
    },
    {
      "_togdif": 1,
      "count1": " 1.578",
      "count2": "  0.750",
      "count3": "  0.750",
      "count4": "  1.954",
      "count5": "  0.750",
      "_index": 1,
      "_indexc": "Pre-infusion FVIII concentration (IU/dL)",
      "_statnr_": 10,
      "_stat_": "Q1",
      "error": 0,
      "_orderN": 9,
      "_n_free": 0,
      "_n_tog": 0,
      "_n_tog_uni":        1,
      "_n_freeR": 0,
      "_n_togR": 0,
      "_obsid_": 9,
      "_1_b1": 0,
      "_1_b2": 0,
      "_1_b3": 0,
      "_1_b4": 1,
      "_1_b5": 1
    },
    {
      "_togdif": 1,
      "count1": " 2.462",
      "count2": "  1.189",
      "count3": "  0.750",
      "count4": "  5.033",
      "count5": "  1.319",
      "_index": 1,
      "_indexc": "Pre-infusion FVIII concentration (IU/dL)",
      "_statnr_": 11,
      "_stat_": "Median",
      "error": 0,
      "_orderN": 10,
      "_n_free": 0,
      "_n_tog": 0,
      "_n_tog_uni":        1,
      "_n_freeR": 0,
      "_n_togR": 0,
      "_obsid_": 10,
      "_1_b1": 0,
      "_1_b2": 0,
      "_1_b3": 0,
      "_1_b4": 1,
      "_1_b5": 1
    },
    {
      "_togdif": 1,
      "count1": " 3.346",
      "count2": "  7.268",
      "count3": "  1.419",
      "count4": "  8.530",
      "count5": "  4.040",
      "_index": 1,
      "_indexc": "Pre-infusion FVIII concentration (IU/dL)",
      "_statnr_": 12,
      "_stat_": "Q3",
      "error": 0,
      "_orderN": 11,
      "_n_free": 0,
      "_n_tog": 0,
      "_n_tog_uni":        1,
      "_n_freeR": 0,
      "_n_togR": 0,
      "_obsid_": 11,
      "_1_b1": 0,
      "_1_b2": 0,
      "_1_b3": 0,
      "_1_b4": 1,
      "_1_b5": 1
    },
    {
      "_togdif": 1,
      "count1": " 3.35",
      "count2": " 10.07",
      "count3": "  4.04",
      "count4": " 10.15",
      "count5": " 10.15",
      "_index": 1,
      "_indexc": "Pre-infusion FVIII concentration (IU/dL)",
      "_statnr_": 13,
      "_stat_": "Max",
      "error": 0,
      "_orderN": 12,
      "_n_free": 0,
      "_n_tog": 0,
      "_n_tog_uni":        1,
      "_n_freeR": 1,
      "_n_togR": 1,
      "_obsid_": 12,
      "_1_b1": 0,
      "_1_b2": 0,
      "_1_b3": 0,
      "_1_b4": 1,
      "_1_b5": 1
    },
    {
      "_togdif": 2,
      "count1": " 2",
      "count2": "  7",
      "count3": "  5",
      "count4": "  4",
      "count5": " 18",
      "_index": 2,
      "_indexc": "Post-infusion FVIII concentration (IU/dL)",
      "_statnr_": 1,
      "_stat_": "n",
      "error": 0,
      "_orderN": 13,
      "_n_free": 1,
      "_n_tog": 1,
      "_n_tog_uni":        2,
      "_n_freeR": 0,
      "_n_togR": 0,
      "_obsid_": 13,
      "_1_b1": 1,
      "_1_b2": 1,
      "_1_b3": 1,
      "_1_b4": 1,
      "_1_b5": 1
    },
    {
      "_togdif": 2,
      "count1": "78.364",
      "count2": " 77.270",
      "count3": "113.862",
      "count4": "101.482",
      "count5": " 92.936",
      "_index": 2,
      "_indexc": "Post-infusion FVIII concentration (IU/dL)",
      "_statnr_": 3,
      "_stat_": "Arithm. Mean",
      "error": 0,
      "_orderN": 14,
      "_n_free": 0,
      "_n_tog": 0,
      "_n_tog_uni":        2,
      "_n_freeR": 0,
      "_n_togR": 0,
      "_obsid_": 14,
      "_1_b1": 0,
      "_1_b2": 0,
      "_1_b3": 0,
      "_1_b4": 1,
      "_1_b5": 1
    },
    {
      "_togdif": 2,
      "count1": "10.228",
      "count2": " 23.532",
      "count3": " 12.927",
      "count4": " 31.310",
      "count5": " 26.190",
      "_index": 2,
      "_indexc": "Post-infusion FVIII concentration (IU/dL)",
      "_statnr_": 4,
      "_stat_": "Arithm. SD",
      "error": 0,
      "_orderN": 15,
      "_n_free": 0,
      "_n_tog": 0,
      "_n_tog_uni":        2,
      "_n_freeR": 0,
      "_n_togR": 0,
      "_obsid_": 15,
      "_1_b1": 0,
      "_1_b2": 0,
      "_1_b3": 0,
      "_1_b4": 1,
      "_1_b5": 1
    },
    {
      "_togdif": 2,
      "count1": "13.053",
      "count2": " 30.454",
      "count3": " 11.353",
      "count4": " 30.852",
      "count5": " 28.181",
      "_index": 2,
      "_indexc": "Post-infusion FVIII concentration (IU/dL)",
      "_statnr_": 5,
      "_stat_": "Arithm. CV(%)",
      "error": 0,
      "_orderN": 16,
      "_n_free": 0,
      "_n_tog": 0,
      "_n_tog_uni":        2,
      "_n_freeR": 0,
      "_n_togR": 0,
      "_obsid_": 16,
      "_1_b1": 0,
      "_1_b2": 0,
      "_1_b3": 0,
      "_1_b4": 1,
      "_1_b5": 1
    },
    {
      "_togdif": 2,
      "count1": "78.029",
      "count2": " 73.151",
      "count3": "113.253",
      "count4": " 96.924",
      "count5": " 88.557",
      "_index": 2,
      "_indexc": "Post-infusion FVIII concentration (IU/dL)",
      "_statnr_": 6,
      "_stat_": "Geom. Mean",
      "error": 0,
      "_orderN": 17,
      "_n_free": 0,
      "_n_tog": 0,
      "_n_tog_uni":        2,
      "_n_freeR": 0,
      "_n_togR": 0,
      "_obsid_": 17,
      "_1_b1": 0,
      "_1_b2": 0,
      "_1_b3": 0,
      "_1_b4": 1,
      "_1_b5": 1
    },
    {
      "_togdif": 2,
      "count1": " 1.140",
      "count2": "  1.476",
      "count3": "  1.124",
      "count4": "  1.451",
      "count5": "  1.412",
      "_index": 2,
      "_indexc": "Post-infusion FVIII concentration (IU/dL)",
      "_statnr_": 7,
      "_stat_": "Geom. SD",
      "error": 0,
      "_orderN": 18,
      "_n_free": 0,
      "_n_tog": 0,
      "_n_tog_uni":        2,
      "_n_freeR": 0,
      "_n_togR": 0,
      "_obsid_": 18,
      "_1_b1": 0,
      "_1_b2": 0,
      "_1_b3": 0,
      "_1_b4": 1,
      "_1_b5": 1
    },
    {
      "_togdif": 2,
      "count1": "13.146",
      "count2": " 40.470",
      "count3": " 11.731",
      "count4": " 38.547",
      "count5": " 35.524",
      "_index": 2,
      "_indexc": "Post-infusion FVIII concentration (IU/dL)",
      "_statnr_": 8,
      "_stat_": "Geom. CV(%)",
      "error": 0,
      "_orderN": 19,
      "_n_free": 0,
      "_n_tog": 0,
      "_n_tog_uni":        2,
      "_n_freeR": 0,
      "_n_togR": 0,
      "_obsid_": 19,
      "_1_b1": 0,
      "_1_b2": 0,
      "_1_b3": 0,
      "_1_b4": 1,
      "_1_b5": 1
    },
    {
      "_togdif": 2,
      "count1": "71.13",
      "count2": " 32.64",
      "count3": " 96.40",
      "count4": " 55.96",
      "count5": " 32.64",
      "_index": 2,
      "_indexc": "Post-infusion FVIII concentration (IU/dL)",
      "_statnr_": 9,
      "_stat_": "Min",
      "error": 0,
      "_orderN": 20,
      "_n_free": 0,
      "_n_tog": 0,
      "_n_tog_uni":        2,
      "_n_freeR": 0,
      "_n_togR": 0,
      "_obsid_": 20,
      "_1_b1": 0,
      "_1_b2": 0,
      "_1_b3": 0,
      "_1_b4": 1,
      "_1_b5": 1
    },
    {
      "_togdif": 2,
      "count1": "71.131",
      "count2": " 63.097",
      "count3": "103.921",
      "count4": " 81.319",
      "count5": " 78.718",
      "_index": 2,
      "_indexc": "Post-infusion FVIII concentration (IU/dL)",
      "_statnr_": 10,
      "_stat_": "Q1",
      "error": 0,
      "_orderN": 21,
      "_n_free": 0,
      "_n_tog": 0,
      "_n_tog_uni":        2,
      "_n_freeR": 0,
      "_n_togR": 0,
      "_obsid_": 21,
      "_1_b1": 0,
      "_1_b2": 0,
      "_1_b3": 0,
      "_1_b4": 1,
      "_1_b5": 1
    },
    {
      "_togdif": 2,
      "count1": "78.364",
      "count2": " 79.358",
      "count3": "119.917",
      "count4": "112.267",
      "count5": " 95.473",
      "_index": 2,
      "_indexc": "Post-infusion FVIII concentration (IU/dL)",
      "_statnr_": 11,
      "_stat_": "Median",
      "error": 0,
      "_orderN": 22,
      "_n_free": 0,
      "_n_tog": 0,
      "_n_tog_uni":        2,
      "_n_freeR": 0,
      "_n_togR": 0,
      "_obsid_": 22,
      "_1_b1": 0,
      "_1_b2": 0,
      "_1_b3": 0,
      "_1_b4": 1,
      "_1_b5": 1
    },
    {
      "_togdif": 2,
      "count1": "85.596",
      "count2": " 94.549",
      "count3": "124.488",
      "count4": "121.644",
      "count5": "117.858",
      "_index": 2,
      "_indexc": "Post-infusion FVIII concentration (IU/dL)",
      "_statnr_": 12,
      "_stat_": "Q3",
      "error": 0,
      "_orderN": 23,
      "_n_free": 0,
      "_n_tog": 0,
      "_n_tog_uni":        2,
      "_n_freeR": 0,
      "_n_togR": 0,
      "_obsid_": 23,
      "_1_b1": 0,
      "_1_b2": 0,
      "_1_b3": 0,
      "_1_b4": 1,
      "_1_b5": 1
    },
    {
      "_togdif": 2,
      "count1": "85.60",
      "count2": "103.43",
      "count3": "124.59",
      "count4": "125.43",
      "count5": "125.43",
      "_index": 2,
      "_indexc": "Post-infusion FVIII concentration (IU/dL)",
      "_statnr_": 13,
      "_stat_": "Max",
      "error": 0,
      "_orderN": 24,
      "_n_free": 0,
      "_n_tog": 0,
      "_n_tog_uni":        2,
      "_n_freeR": 1,
      "_n_togR": 1,
      "_obsid_": 24,
      "_1_b1": 0,
      "_1_b2": 0,
      "_1_b3": 0,
      "_1_b4": 1,
      "_1_b5": 1
    },
    {
      "_togdif": 3,
      "count1": " 2",
      "count2": "  7",
      "count3": "  5",
      "count4": "  4",
      "count5": " 18",
      "_index": 3,
      "_indexc": "FVIII recovery (kg/dL)",
      "_statnr_": 1,
      "_stat_": "n",
      "error": 0,
      "_orderN": 25,
      "_n_free": 1,
      "_n_tog": 1,
      "_n_tog_uni":        3,
      "_n_freeR": 0,
      "_n_togR": 0,
      "_obsid_": 25,
      "_1_b1": 1,
      "_1_b2": 1,
      "_1_b3": 1,
      "_1_b4": 1,
      "_1_b5": 1
    },
    {
      "_togdif": 3,
      "count1": " 1.723",
      "count2": "  1.599",
      "count3": "  2.067",
      "count4": "  1.966",
      "count5": "  1.824",
      "_index": 3,
      "_indexc": "FVIII recovery (kg/dL)",
      "_statnr_": 3,
      "_stat_": "Arithm. Mean",
      "error": 0,
      "_orderN": 26,
      "_n_free": 0,
      "_n_tog": 0,
      "_n_tog_uni":        3,
      "_n_freeR": 0,
      "_n_togR": 0,
      "_obsid_": 26,
      "_1_b1": 0,
      "_1_b2": 0,
      "_1_b3": 0,
      "_1_b4": 1,
      "_1_b5": 1
    },
    {
      "_togdif": 3,
      "count1": " 0.296",
      "count2": "  0.227",
      "count3": "  0.250",
      "count4": "  0.694",
      "count5": "  0.409",
      "_index": 3,
      "_indexc": "FVIII recovery (kg/dL)",
      "_statnr_": 4,
      "_stat_": "Arithm. SD",
      "error": 0,
      "_orderN": 27,
      "_n_free": 0,
      "_n_tog": 0,
      "_n_tog_uni":        3,
      "_n_freeR": 0,
      "_n_togR": 0,
      "_obsid_": 27,
      "_1_b1": 0,
      "_1_b2": 0,
      "_1_b3": 0,
      "_1_b4": 1,
      "_1_b5": 1
    },
    {
      "_togdif": 3,
      "count1": "17.176",
      "count2": " 14.177",
      "count3": " 12.099",
      "count4": " 35.287",
      "count5": " 22.403",
      "_index": 3,
      "_indexc": "FVIII recovery (kg/dL)",
      "_statnr_": 5,
      "_stat_": "Arithm. CV(%)",
      "error": 0,
      "_orderN": 28,
      "_n_free": 0,
      "_n_tog": 0,
      "_n_tog_uni":        3,
      "_n_freeR": 0,
      "_n_togR": 0,
      "_obsid_": 28,
      "_1_b1": 0,
      "_1_b2": 0,
      "_1_b3": 0,
      "_1_b4": 1,
      "_1_b5": 1
    },
    {
      "_togdif": 3,
      "count1": " 1.710",
      "count2": "  1.586",
      "count3": "  2.055",
      "count4": "  1.856",
      "count5": "  1.780",
      "_index": 3,
      "_indexc": "FVIII recovery (kg/dL)",
      "_statnr_": 6,
      "_stat_": "Geom. Mean",
      "error": 0,
      "_orderN": 29,
      "_n_free": 0,
      "_n_tog": 0,
      "_n_tog_uni":        3,
      "_n_freeR": 0,
      "_n_togR": 0,
      "_obsid_": 29,
      "_1_b1": 0,
      "_1_b2": 0,
      "_1_b3": 0,
      "_1_b4": 1,
      "_1_b5": 1
    },
    {
      "_togdif": 3,
      "count1": " 1.188",
      "count2": "  1.152",
      "count3": "  1.129",
      "count4": "  1.512",
      "count5": "  1.263",
      "_index": 3,
      "_indexc": "FVIII recovery (kg/dL)",
      "_statnr_": 7,
      "_stat_": "Geom. SD",
      "error": 0,
      "_orderN": 30,
      "_n_free": 0,
      "_n_tog": 0,
      "_n_tog_uni":        3,
      "_n_freeR": 0,
      "_n_togR": 0,
      "_obsid_": 30,
      "_1_b1": 0,
      "_1_b2": 0,
      "_1_b3": 0,
      "_1_b4": 1,
      "_1_b5": 1
    },
    {
      "_togdif": 3,
      "count1": "17.391",
      "count2": " 14.183",
      "count3": " 12.155",
      "count4": " 43.191",
      "count5": " 23.688",
      "_index": 3,
      "_indexc": "FVIII recovery (kg/dL)",
      "_statnr_": 8,
      "_stat_": "Geom. CV(%)",
      "error": 0,
      "_orderN": 31,
      "_n_free": 0,
      "_n_tog": 0,
      "_n_tog_uni":        3,
      "_n_freeR": 0,
      "_n_togR": 0,
      "_obsid_": 31,
      "_1_b1": 0,
      "_1_b2": 0,
      "_1_b3": 0,
      "_1_b4": 1,
      "_1_b5": 1
    },
    {
      "_togdif": 3,
      "count1": " 1.51",
      "count2": "  1.32",
      "count3": "  1.81",
      "count4": "  1.03",
      "count5": "  1.03",
      "_index": 3,
      "_indexc": "FVIII recovery (kg/dL)",
      "_statnr_": 9,
      "_stat_": "Min",
      "error": 0,
      "_orderN": 32,
      "_n_free": 0,
      "_n_tog": 0,
      "_n_tog_uni":        3,
      "_n_freeR": 0,
      "_n_togR": 0,
      "_obsid_": 32,
      "_1_b1": 0,
      "_1_b2": 0,
      "_1_b3": 0,
      "_1_b4": 1,
      "_1_b5": 1
    },
    {
      "_togdif": 3,
      "count1": " 1.514",
      "count2": "  1.397",
      "count3": "  1.834",
      "count4": "  1.504",
      "count5": "  1.514",
      "_index": 3,
      "_indexc": "FVIII recovery (kg/dL)",
      "_statnr_": 10,
      "_stat_": "Q1",
      "error": 0,
      "_orderN": 33,
      "_n_free": 0,
      "_n_tog": 0,
      "_n_tog_uni":        3,
      "_n_freeR": 0,
      "_n_togR": 0,
      "_obsid_": 33,
      "_1_b1": 0,
      "_1_b2": 0,
      "_1_b3": 0,
      "_1_b4": 1,
      "_1_b5": 1
    },
    {
      "_togdif": 3,
      "count1": " 1.723",
      "count2": "  1.568",
      "count3": "  2.043",
      "count4": "  2.071",
      "count5": "  1.837",
      "_index": 3,
      "_indexc": "FVIII recovery (kg/dL)",
      "_statnr_": 11,
      "_stat_": "Median",
      "error": 0,
      "_orderN": 34,
      "_n_free": 0,
      "_n_tog": 0,
      "_n_tog_uni":        3,
      "_n_freeR": 0,
      "_n_togR": 0,
      "_obsid_": 34,
      "_1_b1": 0,
      "_1_b2": 0,
      "_1_b3": 0,
      "_1_b4": 1,
      "_1_b5": 1
    },
    {
      "_togdif": 3,
      "count1": " 1.932",
      "count2": "  1.839",
      "count3": "  2.316",
      "count4": "  2.428",
      "count5": "  2.043",
      "_index": 3,
      "_indexc": "FVIII recovery (kg/dL)",
      "_statnr_": 12,
      "_stat_": "Q3",
      "error": 0,
      "_orderN": 35,
      "_n_free": 0,
      "_n_tog": 0,
      "_n_tog_uni":        3,
      "_n_freeR": 0,
      "_n_togR": 0,
      "_obsid_": 35,
      "_1_b1": 0,
      "_1_b2": 0,
      "_1_b3": 0,
      "_1_b4": 1,
      "_1_b5": 1
    },
    {
      "_togdif": 3,
      "count1": " 1.93",
      "count2": "  1.92",
      "count3": "  2.33",
      "count4": "  2.69",
      "count5": "  2.69",
      "_index": 3,
      "_indexc": "FVIII recovery (kg/dL)",
      "_statnr_": 13,
      "_stat_": "Max",
      "error": 0,
      "_orderN": 36,
      "_n_free": 0,
      "_n_tog": 0,
      "_n_tog_uni":        3,
      "_n_freeR": 1,
      "_n_togR": 1,
      "_obsid_": 36,
      "_1_b1": 0,
      "_1_b2": 0,
      "_1_b3": 0,
      "_1_b4": 1,
      "_1_b5": 1
    }
  ]
]
