[
  "SASJSONExport",
  "1.0 PRETTY FMTCHARACTER FMTNUMERIC",
  "SASTableData+PROPERTIES_OBJECT",
  [
    {
      "Report_Number": "Table 1.1 / 1",
      "Number_of_Titles": 1,
      "Title1": "Table: Study sample sizes by country and site (all enrolled subjects)",
      "Title2": "",
      "Title3": "",
      "Title4": "",
      "Title5": "",
      "Title6": "",
      "Title7": "",
      "Title8": "",
      "Title9": "",
      "Title10": "",
      "Number_of_Footnotes": 4,
      "Footnote1": "(a) Number of subjects enrolled is the number of subjects who signed informed consent.",
      "Footnote2": "ITT 24w: Intent to treat - subjects with at least 24 weeks of treatment duration.",
      "Footnote3": "",
      "Footnote4": "Bayer: /var/swan/root/bhc/949027/19764/stat/main01/dev/analysis/pgms/t_samplesize.sas      05OCT2020 14:51",
      "Footnote5": "",
      "Footnote6": "",
      "Footnote7": "",
      "Footnote8": "",
      "Footnote9": "",
      "Footnote10": "",
      "_datalist_program_name": "t_samplesize",
      "_datalist_report_name": "t_samplesize_1",
      "_datalist_by_without_order": "country invnam _ddate1 _ddate2 _enroll dosgrpn",
      "_datalist_page_without_order": "",
      "_datalist_page_title": "",
      "_datalist_DateTime": "05OCT20:14:51:26",
      "_datalist_Filename": "t_samplesize",
      "_datalist_FilenameListing": "t_samplesize",
      "_datalist_FilenameRTF": "t_samplesize",
      "_datalist_IsPhysicalName": "YES",
      "_datalist_NumberOfOutputObservat": "66",
      "_datalist_PageGroupNumber": "1",
      "_datalist_Prog": "t_samplesize",
      "_datalist_TablesbyObservation": "1",
      "_datalist_TablesbyValues": "",
      "_datalist_TablesbyVariables": "",
      "_datalist_BY": "_ord_1 country _ord_0 invnam _freeline _trttot _ddate1 _ddate2 _enroll dosgrpn",
      "_datalist_BYLEN": "",
      "_datalist_CONTBY": "",
      "_datalist_DATA": "_dispo05",
      "_datalist_FREELINE": "_freeline",
      "_datalist_HB_ALIGN": "CENTER",
      "_datalist_HC_ALIGN": "",
      "_datalist_HN_ALIGN": "",
      "_datalist_HSPLIT": "'@'",
      "_datalist_HV_ALIGN": "CENTER",
      "_datalist_IGNORE_PRESPACE": "NO",
      "_datalist_LABEL": "YES",
      "_datalist_LAYOUT": "MINIMAL_BY",
      "_datalist_MAXLEN": "20",
      "_datalist_NCOLUMN1": "",
      "_datalist_OPTIMAL": "YES",
      "_datalist_ORDER": "_freeline _ord_0 _ord_1 _trttot",
      "_datalist_ORDER_VAR": "",
      "_datalist_PAGE": "",
      "_datalist_POSTVAR": "",
      "_datalist_PRINT_EMPTY": "YES",
      "_datalist_REPBY": "NO",
      "_datalist_SPACE": "2",
      "_datalist_SPLIT": "'/ *'",
      "_datalist_SPLITBY": "YES",
      "_datalist_TABLESBY": "",
      "_datalist_TOGETHER": "_freeline",
      "_datalist_TRANSPOSE": "",
      "_datalist_VAR": "_group1 _group2",
      "_datalist_VERTICAL_HEADER": "",
      "_datalist_var_actual": "_freeline COUNTRY INVNAM DOSGRPN _trttot _group1 _group2 _ddate1 _ddate2 _enroll _ord_0 _ord_1 _orderN _n_free _n_tog _n_tog_uni _n_freeR _n_togR _obsid_ _1_b1 _1_b2 _1_b3 _1_b4 _1_b5 _1_b6 _1_b7 _1_b8 _1_b9 _1_b10"
    }
  ],
  "SASJSONExport",
  "1.0 PRETTY FMTCHARACTER FMTNUMERIC",
  "SASTableData+HEADER_OBJECT",
  [
    {
      "NAME": "COUNTRY",
      "LABEL": "Country"
    },
    {
      "NAME": "DOSGRPN",
      "LABEL": "Dosing group"
    },
    {
      "NAME": "INVNAM",
      "LABEL": "Investigator Name"
    },
    {
      "NAME": "_1_b1",
      "LABEL": "_1_b1"
    },
    {
      "NAME": "_1_b2",
      "LABEL": "_1_b2"
    },
    {
      "NAME": "_1_b3",
      "LABEL": "_1_b3"
    },
    {
      "NAME": "_1_b4",
      "LABEL": "_1_b4"
    },
    {
      "NAME": "_1_b5",
      "LABEL": "_1_b5"
    },
    {
      "NAME": "_1_b6",
      "LABEL": "_1_b6"
    },
    {
      "NAME": "_1_b7",
      "LABEL": "_1_b7"
    },
    {
      "NAME": "_1_b8",
      "LABEL": "_1_b8"
    },
    {
      "NAME": "_1_b9",
      "LABEL": "_1_b9"
    },
    {
      "NAME": "_1_b10",
      "LABEL": "_1_b10"
    },
    {
      "NAME": "_ddate1",
      "LABEL": "Date of first@consent"
    },
    {
      "NAME": "_ddate2",
      "LABEL": "Latest visit date"
    },
    {
      "NAME": "_enroll",
      "LABEL": "Number of subjects @enrolled(a)"
    },
    {
      "NAME": "_freeline",
      "LABEL": "freeline variable"
    },
    {
      "NAME": "_group1",
      "LABEL": "Number of@subjects@valid for@safety"
    },
    {
      "NAME": "_group2",
      "LABEL": "Number of@subjects@valid for@ITT 24w"
    },
    {
      "NAME": "_n_free",
      "LABEL": "Freeline indicator variable"
    },
    {
      "NAME": "_n_freeR",
      "LABEL": "_n_freeR"
    },
    {
      "NAME": "_n_tog",
      "LABEL": "Together indicator variable"
    },
    {
      "NAME": "_n_togR",
      "LABEL": "_n_togR"
    },
    {
      "NAME": "_n_tog_uni",
      "LABEL": "Together indicator with group blocks"
    },
    {
      "NAME": "_obsid_",
      "LABEL": "_obsid_"
    },
    {
      "NAME": "_ord_0",
      "LABEL": "order variable"
    },
    {
      "NAME": "_ord_1",
      "LABEL": "order variable"
    },
    {
      "NAME": "_orderN",
      "LABEL": "_orderN"
    },
    {
      "NAME": "_trttot",
      "LABEL": "class order variable"
    }
  ],
  "SASJSONExport",
  "1.0 PRETTY FMTCHARACTER FMTNUMERIC",
  "SASTableData+t_samplesize_1",
  [
    {
      "_freeline": 1,
      "COUNTRY": "#",
      "INVNAM": "",
      "DOSGRPN": "    99999999",
      "_trttot": 0,
      "_group1": 32,
      "_group2": 18,
      "_ddate1": "23SEP2019",
      "_ddate2": "25AUG2020",
      "_enroll": 36,
      "_ord_0": 1,
      "_ord_1": 0,
      "_orderN": 1,
      "_n_free": 1,
      "_n_tog": 1,
      "_n_tog_uni":        1,
      "_n_freeR": 0,
      "_n_togR": 0,
      "_obsid_": 1,
      "_1_b1": 1,
      "_1_b2": 1,
      "_1_b3": 1,
      "_1_b4": 1,
      "_1_b5": 1,
      "_1_b6": 1,
      "_1_b7": 1,
      "_1_b8": 1,
      "_1_b9": 1,
      "_1_b10": 1
    },
    {
      "_freeline": 1,
      "COUNTRY": "#",
      "INVNAM": "",
      "DOSGRPN": "           5",
      "_trttot": 1,
      "_group1": 9,
      "_group2": 2,
      "_ddate1": null,
      "_ddate2": null,
      "_enroll": null,
      "_ord_0": 1,
      "_ord_1": 0,
      "_orderN": 2,
      "_n_free": 0,
      "_n_tog": 0,
      "_n_tog_uni":        1,
      "_n_freeR": 0,
      "_n_togR": 0,
      "_obsid_": 2,
      "_1_b1": 0,
      "_1_b2": 0,
      "_1_b3": 0,
      "_1_b4": 0,
      "_1_b5": 0,
      "_1_b6": 1,
      "_1_b7": 1,
      "_1_b8": 1,
      "_1_b9": 1,
      "_1_b10": 1
    },
    {
      "_freeline": 1,
      "COUNTRY": "#",
      "INVNAM": "",
      "DOSGRPN": "           6",
      "_trttot": 1,
      "_group1": 11,
      "_group2": 7,
      "_ddate1": null,
      "_ddate2": null,
      "_enroll": null,
      "_ord_0": 1,
      "_ord_1": 0,
      "_orderN": 3,
      "_n_free": 0,
      "_n_tog": 0,
      "_n_tog_uni":        1,
      "_n_freeR": 0,
      "_n_togR": 0,
      "_obsid_": 3,
      "_1_b1": 0,
      "_1_b2": 0,
      "_1_b3": 0,
      "_1_b4": 0,
      "_1_b5": 0,
      "_1_b6": 0,
      "_1_b7": 0,
      "_1_b8": 0,
      "_1_b9": 0,
      "_1_b10": 1
    },
    {
      "_freeline": 1,
      "COUNTRY": "#",
      "INVNAM": "",
      "DOSGRPN": "           7",
      "_trttot": 1,
      "_group1": 7,
      "_group2": 5,
      "_ddate1": null,
      "_ddate2": null,
      "_enroll": null,
      "_ord_0": 1,
      "_ord_1": 0,
      "_orderN": 4,
      "_n_free": 0,
      "_n_tog": 0,
      "_n_tog_uni":        1,
      "_n_freeR": 0,
      "_n_togR": 0,
      "_obsid_": 4,
      "_1_b1": 0,
      "_1_b2": 0,
      "_1_b3": 0,
      "_1_b4": 0,
      "_1_b5": 0,
      "_1_b6": 0,
      "_1_b7": 0,
      "_1_b8": 0,
      "_1_b9": 0,
      "_1_b10": 1
    },
    {
      "_freeline": 1,
      "COUNTRY": "#",
      "INVNAM": "",
      "DOSGRPN": "          21",
      "_trttot": 1,
      "_group1": 5,
      "_group2": 4,
      "_ddate1": null,
      "_ddate2": null,
      "_enroll": null,
      "_ord_0": 1,
      "_ord_1": 0,
      "_orderN": 5,
      "_n_free": 0,
      "_n_tog": 0,
      "_n_tog_uni":        1,
      "_n_freeR": 1,
      "_n_togR": 1,
      "_obsid_": 5,
      "_1_b1": 0,
      "_1_b2": 0,
      "_1_b3": 0,
      "_1_b4": 0,
      "_1_b5": 0,
      "_1_b6": 0,
      "_1_b7": 0,
      "_1_b8": 0,
      "_1_b9": 0,
      "_1_b10": 1
    },
    {
      "_freeline": 4,
      "COUNTRY": "BGR",
      "INVNAM": "Total",
      "DOSGRPN": "    99999999",
      "_trttot": 0,
      "_group1": 3,
      "_group2": 2,
      "_ddate1": "23OCT2019",
      "_ddate2": "29JUN2020",
      "_enroll": 3,
      "_ord_0": 0,
      "_ord_1": 1,
      "_orderN": 6,
      "_n_free": 1,
      "_n_tog": 1,
      "_n_tog_uni":        2,
      "_n_freeR": 0,
      "_n_togR": 0,
      "_obsid_": 6,
      "_1_b1": 1,
      "_1_b2": 1,
      "_1_b3": 1,
      "_1_b4": 1,
      "_1_b5": 1,
      "_1_b6": 1,
      "_1_b7": 1,
      "_1_b8": 1,
      "_1_b9": 1,
      "_1_b10": 1
    },
    {
      "_freeline": 4,
      "COUNTRY": "BGR",
      "INVNAM": "Total",
      "DOSGRPN": "           5",
      "_trttot": 1,
      "_group1": 1,
      "_group2": 0,
      "_ddate1": null,
      "_ddate2": null,
      "_enroll": null,
      "_ord_0": 0,
      "_ord_1": 1,
      "_orderN": 7,
      "_n_free": 0,
      "_n_tog": 0,
      "_n_tog_uni":        2,
      "_n_freeR": 0,
      "_n_togR": 0,
      "_obsid_": 7,
      "_1_b1": 0,
      "_1_b2": 0,
      "_1_b3": 0,
      "_1_b4": 0,
      "_1_b5": 0,
      "_1_b6": 1,
      "_1_b7": 1,
      "_1_b8": 1,
      "_1_b9": 1,
      "_1_b10": 1
    },
    {
      "_freeline": 4,
      "COUNTRY": "BGR",
      "INVNAM": "Total",
      "DOSGRPN": "           6",
      "_trttot": 1,
      "_group1": 1,
      "_group2": 1,
      "_ddate1": null,
      "_ddate2": null,
      "_enroll": null,
      "_ord_0": 0,
      "_ord_1": 1,
      "_orderN": 8,
      "_n_free": 0,
      "_n_tog": 0,
      "_n_tog_uni":        2,
      "_n_freeR": 0,
      "_n_togR": 0,
      "_obsid_": 8,
      "_1_b1": 0,
      "_1_b2": 0,
      "_1_b3": 0,
      "_1_b4": 0,
      "_1_b5": 0,
      "_1_b6": 0,
      "_1_b7": 0,
      "_1_b8": 0,
      "_1_b9": 0,
      "_1_b10": 1
    },
    {
      "_freeline": 4,
      "COUNTRY": "BGR",
      "INVNAM": "Total",
      "DOSGRPN": "          21",
      "_trttot": 1,
      "_group1": 1,
      "_group2": 1,
      "_ddate1": null,
      "_ddate2": null,
      "_enroll": null,
      "_ord_0": 0,
      "_ord_1": 1,
      "_orderN": 9,
      "_n_free": 0,
      "_n_tog": 0,
      "_n_tog_uni":        2,
      "_n_freeR": 1,
      "_n_togR": 1,
      "_obsid_": 9,
      "_1_b1": 0,
      "_1_b2": 0,
      "_1_b3": 0,
      "_1_b4": 0,
      "_1_b5": 0,
      "_1_b6": 0,
      "_1_b7": 0,
      "_1_b8": 0,
      "_1_b9": 0,
      "_1_b10": 1
    },
    {
      "_freeline": 2,
      "COUNTRY": "BGR",
      "INVNAM": "Dr. Rosen Rachev",
      "DOSGRPN": "    99999999",
      "_trttot": 0,
      "_group1": 1,
      "_group2": 0,
      "_ddate1": "19DEC2019",
      "_ddate2": "22JUN2020",
      "_enroll": 1,
      "_ord_0": 1,
      "_ord_1": 1,
      "_orderN": 10,
      "_n_free": 1,
      "_n_tog": 1,
      "_n_tog_uni":        3,
      "_n_freeR": 0,
      "_n_togR": 0,
      "_obsid_": 10,
      "_1_b1": 0,
      "_1_b2": 0,
      "_1_b3": 1,
      "_1_b4": 1,
      "_1_b5": 1,
      "_1_b6": 1,
      "_1_b7": 1,
      "_1_b8": 1,
      "_1_b9": 1,
      "_1_b10": 1
    },
    {
      "_freeline": 2,
      "COUNTRY": "BGR",
      "INVNAM": "Dr. Rosen Rachev",
      "DOSGRPN": "           5",
      "_trttot": 1,
      "_group1": 1,
      "_group2": 0,
      "_ddate1": null,
      "_ddate2": null,
      "_enroll": null,
      "_ord_0": 1,
      "_ord_1": 1,
      "_orderN": 11,
      "_n_free": 0,
      "_n_tog": 0,
      "_n_tog_uni":        3,
      "_n_freeR": 1,
      "_n_togR": 1,
      "_obsid_": 11,
      "_1_b1": 0,
      "_1_b2": 0,
      "_1_b3": 0,
      "_1_b4": 0,
      "_1_b5": 0,
      "_1_b6": 1,
      "_1_b7": 1,
      "_1_b8": 1,
      "_1_b9": 1,
      "_1_b10": 1
    },
    {
      "_freeline": 3,
      "COUNTRY": "BGR",
      "INVNAM": "Prof. Dobrin Konstantinov",
      "DOSGRPN": "    99999999",
      "_trttot": 0,
      "_group1": 2,
      "_group2": 2,
      "_ddate1": "23OCT2019",
      "_ddate2": "29JUN2020",
      "_enroll": 2,
      "_ord_0": 1,
      "_ord_1": 1,
      "_orderN": 12,
      "_n_free": 1,
      "_n_tog": 1,
      "_n_tog_uni":        4,
      "_n_freeR": 0,
      "_n_togR": 0,
      "_obsid_": 12,
      "_1_b1": 0,
      "_1_b2": 0,
      "_1_b3": 0,
      "_1_b4": 1,
      "_1_b5": 1,
      "_1_b6": 1,
      "_1_b7": 1,
      "_1_b8": 1,
      "_1_b9": 1,
      "_1_b10": 1
    },
    {
      "_freeline": 3,
      "COUNTRY": "BGR",
      "INVNAM": "Prof. Dobrin Konstantinov",
      "DOSGRPN": "           6",
      "_trttot": 1,
      "_group1": 1,
      "_group2": 1,
      "_ddate1": null,
      "_ddate2": null,
      "_enroll": null,
      "_ord_0": 1,
      "_ord_1": 1,
      "_orderN": 13,
      "_n_free": 0,
      "_n_tog": 0,
      "_n_tog_uni":        4,
      "_n_freeR": 0,
      "_n_togR": 0,
      "_obsid_": 13,
      "_1_b1": 0,
      "_1_b2": 0,
      "_1_b3": 0,
      "_1_b4": 0,
      "_1_b5": 0,
      "_1_b6": 1,
      "_1_b7": 1,
      "_1_b8": 1,
      "_1_b9": 1,
      "_1_b10": 1
    },
    {
      "_freeline": 3,
      "COUNTRY": "BGR",
      "INVNAM": "Prof. Dobrin Konstantinov",
      "DOSGRPN": "          21",
      "_trttot": 1,
      "_group1": 1,
      "_group2": 1,
      "_ddate1": null,
      "_ddate2": null,
      "_enroll": null,
      "_ord_0": 1,
      "_ord_1": 1,
      "_orderN": 14,
      "_n_free": 0,
      "_n_tog": 0,
      "_n_tog_uni":        4,
      "_n_freeR": 1,
      "_n_togR": 1,
      "_obsid_": 14,
      "_1_b1": 0,
      "_1_b2": 0,
      "_1_b3": 0,
      "_1_b4": 0,
      "_1_b5": 0,
      "_1_b6": 0,
      "_1_b7": 0,
      "_1_b8": 0,
      "_1_b9": 0,
      "_1_b10": 1
    },
    {
      "_freeline": 6,
      "COUNTRY": "DNK",
      "INVNAM": "Total",
      "DOSGRPN": "    99999999",
      "_trttot": 0,
      "_group1": 6,
      "_group2": 5,
      "_ddate1": "23SEP2019",
      "_ddate2": "24AUG2020",
      "_enroll": 7,
      "_ord_0": 0,
      "_ord_1": 1,
      "_orderN": 15,
      "_n_free": 1,
      "_n_tog": 1,
      "_n_tog_uni":        5,
      "_n_freeR": 0,
      "_n_togR": 0,
      "_obsid_": 15,
      "_1_b1": 0,
      "_1_b2": 1,
      "_1_b3": 1,
      "_1_b4": 1,
      "_1_b5": 1,
      "_1_b6": 1,
      "_1_b7": 1,
      "_1_b8": 1,
      "_1_b9": 1,
      "_1_b10": 1
    },
    {
      "_freeline": 6,
      "COUNTRY": "DNK",
      "INVNAM": "Total",
      "DOSGRPN": "           5",
      "_trttot": 1,
      "_group1": 1,
      "_group2": 1,
      "_ddate1": null,
      "_ddate2": null,
      "_enroll": null,
      "_ord_0": 0,
      "_ord_1": 1,
      "_orderN": 16,
      "_n_free": 0,
      "_n_tog": 0,
      "_n_tog_uni":        5,
      "_n_freeR": 0,
      "_n_togR": 0,
      "_obsid_": 16,
      "_1_b1": 0,
      "_1_b2": 0,
      "_1_b3": 0,
      "_1_b4": 0,
      "_1_b5": 0,
      "_1_b6": 1,
      "_1_b7": 1,
      "_1_b8": 1,
      "_1_b9": 1,
      "_1_b10": 1
    },
    {
      "_freeline": 6,
      "COUNTRY": "DNK",
      "INVNAM": "Total",
      "DOSGRPN": "           6",
      "_trttot": 1,
      "_group1": 3,
      "_group2": 2,
      "_ddate1": null,
      "_ddate2": null,
      "_enroll": null,
      "_ord_0": 0,
      "_ord_1": 1,
      "_orderN": 17,
      "_n_free": 0,
      "_n_tog": 0,
      "_n_tog_uni":        5,
      "_n_freeR": 0,
      "_n_togR": 0,
      "_obsid_": 17,
      "_1_b1": 0,
      "_1_b2": 0,
      "_1_b3": 0,
      "_1_b4": 0,
      "_1_b5": 0,
      "_1_b6": 0,
      "_1_b7": 0,
      "_1_b8": 0,
      "_1_b9": 0,
      "_1_b10": 1
    },
    {
      "_freeline": 6,
      "COUNTRY": "DNK",
      "INVNAM": "Total",
      "DOSGRPN": "           7",
      "_trttot": 1,
      "_group1": 2,
      "_group2": 2,
      "_ddate1": null,
      "_ddate2": null,
      "_enroll": null,
      "_ord_0": 0,
      "_ord_1": 1,
      "_orderN": 18,
      "_n_free": 0,
      "_n_tog": 0,
      "_n_tog_uni":        5,
      "_n_freeR": 1,
      "_n_togR": 1,
      "_obsid_": 18,
      "_1_b1": 0,
      "_1_b2": 0,
      "_1_b3": 0,
      "_1_b4": 0,
      "_1_b5": 0,
      "_1_b6": 0,
      "_1_b7": 0,
      "_1_b8": 0,
      "_1_b9": 0,
      "_1_b10": 1
    },
    {
      "_freeline": 5,
      "COUNTRY": "DNK",
      "INVNAM": "Lone  Poulsen",
      "DOSGRPN": "    99999999",
      "_trttot": 0,
      "_group1": 6,
      "_group2": 5,
      "_ddate1": "23SEP2019",
      "_ddate2": "24AUG2020",
      "_enroll": 7,
      "_ord_0": 1,
      "_ord_1": 1,
      "_orderN": 19,
      "_n_free": 1,
      "_n_tog": 1,
      "_n_tog_uni":        6,
      "_n_freeR": 0,
      "_n_togR": 0,
      "_obsid_": 19,
      "_1_b1": 0,
      "_1_b2": 0,
      "_1_b3": 1,
      "_1_b4": 1,
      "_1_b5": 1,
      "_1_b6": 1,
      "_1_b7": 1,
      "_1_b8": 1,
      "_1_b9": 1,
      "_1_b10": 1
    },
    {
      "_freeline": 5,
      "COUNTRY": "DNK",
      "INVNAM": "Lone  Poulsen",
      "DOSGRPN": "           5",
      "_trttot": 1,
      "_group1": 1,
      "_group2": 1,
      "_ddate1": null,
      "_ddate2": null,
      "_enroll": null,
      "_ord_0": 1,
      "_ord_1": 1,
      "_orderN": 20,
      "_n_free": 0,
      "_n_tog": 0,
      "_n_tog_uni":        6,
      "_n_freeR": 0,
      "_n_togR": 0,
      "_obsid_": 20,
      "_1_b1": 0,
      "_1_b2": 0,
      "_1_b3": 0,
      "_1_b4": 0,
      "_1_b5": 0,
      "_1_b6": 1,
      "_1_b7": 1,
      "_1_b8": 1,
      "_1_b9": 1,
      "_1_b10": 1
    },
    {
      "_freeline": 5,
      "COUNTRY": "DNK",
      "INVNAM": "Lone  Poulsen",
      "DOSGRPN": "           6",
      "_trttot": 1,
      "_group1": 3,
      "_group2": 2,
      "_ddate1": null,
      "_ddate2": null,
      "_enroll": null,
      "_ord_0": 1,
      "_ord_1": 1,
      "_orderN": 21,
      "_n_free": 0,
      "_n_tog": 0,
      "_n_tog_uni":        6,
      "_n_freeR": 0,
      "_n_togR": 0,
      "_obsid_": 21,
      "_1_b1": 0,
      "_1_b2": 0,
      "_1_b3": 0,
      "_1_b4": 0,
      "_1_b5": 0,
      "_1_b6": 0,
      "_1_b7": 0,
      "_1_b8": 0,
      "_1_b9": 0,
      "_1_b10": 1
    },
    {
      "_freeline": 5,
      "COUNTRY": "DNK",
      "INVNAM": "Lone  Poulsen",
      "DOSGRPN": "           7",
      "_trttot": 1,
      "_group1": 2,
      "_group2": 2,
      "_ddate1": null,
      "_ddate2": null,
      "_enroll": null,
      "_ord_0": 1,
      "_ord_1": 1,
      "_orderN": 22,
      "_n_free": 0,
      "_n_tog": 0,
      "_n_tog_uni":        6,
      "_n_freeR": 1,
      "_n_togR": 1,
      "_obsid_": 22,
      "_1_b1": 0,
      "_1_b2": 0,
      "_1_b3": 0,
      "_1_b4": 0,
      "_1_b5": 0,
      "_1_b6": 0,
      "_1_b7": 0,
      "_1_b8": 0,
      "_1_b9": 0,
      "_1_b10": 1
    },
    {
      "_freeline": 10,
      "COUNTRY": "ESP",
      "INVNAM": "Total",
      "DOSGRPN": "    99999999",
      "_trttot": 0,
      "_group1": 3,
      "_group2": 1,
      "_ddate1": "31OCT2019",
      "_ddate2": "25AUG2020",
      "_enroll": 4,
      "_ord_0": 0,
      "_ord_1": 1,
      "_orderN": 23,
      "_n_free": 1,
      "_n_tog": 1,
      "_n_tog_uni":        7,
      "_n_freeR": 0,
      "_n_togR": 0,
      "_obsid_": 23,
      "_1_b1": 0,
      "_1_b2": 1,
      "_1_b3": 1,
      "_1_b4": 1,
      "_1_b5": 1,
      "_1_b6": 1,
      "_1_b7": 1,
      "_1_b8": 1,
      "_1_b9": 1,
      "_1_b10": 1
    },
    {
      "_freeline": 10,
      "COUNTRY": "ESP",
      "INVNAM": "Total",
      "DOSGRPN": "           5",
      "_trttot": 1,
      "_group1": 1,
      "_group2": 0,
      "_ddate1": null,
      "_ddate2": null,
      "_enroll": null,
      "_ord_0": 0,
      "_ord_1": 1,
      "_orderN": 24,
      "_n_free": 0,
      "_n_tog": 0,
      "_n_tog_uni":        7,
      "_n_freeR": 0,
      "_n_togR": 0,
      "_obsid_": 24,
      "_1_b1": 0,
      "_1_b2": 0,
      "_1_b3": 0,
      "_1_b4": 0,
      "_1_b5": 0,
      "_1_b6": 1,
      "_1_b7": 1,
      "_1_b8": 1,
      "_1_b9": 1,
      "_1_b10": 1
    },
    {
      "_freeline": 10,
      "COUNTRY": "ESP",
      "INVNAM": "Total",
      "DOSGRPN": "           7",
      "_trttot": 1,
      "_group1": 1,
      "_group2": 0,
      "_ddate1": null,
      "_ddate2": null,
      "_enroll": null,
      "_ord_0": 0,
      "_ord_1": 1,
      "_orderN": 25,
      "_n_free": 0,
      "_n_tog": 0,
      "_n_tog_uni":        7,
      "_n_freeR": 0,
      "_n_togR": 0,
      "_obsid_": 25,
      "_1_b1": 0,
      "_1_b2": 0,
      "_1_b3": 0,
      "_1_b4": 0,
      "_1_b5": 0,
      "_1_b6": 0,
      "_1_b7": 0,
      "_1_b8": 0,
      "_1_b9": 0,
      "_1_b10": 1
    },
    {
      "_freeline": 10,
      "COUNTRY": "ESP",
      "INVNAM": "Total",
      "DOSGRPN": "          21",
      "_trttot": 1,
      "_group1": 1,
      "_group2": 1,
      "_ddate1": null,
      "_ddate2": null,
      "_enroll": null,
      "_ord_0": 0,
      "_ord_1": 1,
      "_orderN": 26,
      "_n_free": 0,
      "_n_tog": 0,
      "_n_tog_uni":        7,
      "_n_freeR": 1,
      "_n_togR": 1,
      "_obsid_": 26,
      "_1_b1": 0,
      "_1_b2": 0,
      "_1_b3": 0,
      "_1_b4": 0,
      "_1_b5": 0,
      "_1_b6": 0,
      "_1_b7": 0,
      "_1_b8": 0,
      "_1_b9": 0,
      "_1_b10": 1
    },
    {
      "_freeline": 7,
      "COUNTRY": "ESP",
      "INVNAM": "Dr. Saturnino Haya Guaita",
      "DOSGRPN": "    99999999",
      "_trttot": 0,
      "_group1": 1,
      "_group2": 1,
      "_ddate1": "31OCT2019",
      "_ddate2": "05JUN2020",
      "_enroll": 1,
      "_ord_0": 1,
      "_ord_1": 1,
      "_orderN": 27,
      "_n_free": 1,
      "_n_tog": 1,
      "_n_tog_uni":        8,
      "_n_freeR": 0,
      "_n_togR": 0,
      "_obsid_": 27,
      "_1_b1": 0,
      "_1_b2": 0,
      "_1_b3": 1,
      "_1_b4": 1,
      "_1_b5": 1,
      "_1_b6": 1,
      "_1_b7": 1,
      "_1_b8": 1,
      "_1_b9": 1,
      "_1_b10": 1
    },
    {
      "_freeline": 7,
      "COUNTRY": "ESP",
      "INVNAM": "Dr. Saturnino Haya Guaita",
      "DOSGRPN": "          21",
      "_trttot": 1,
      "_group1": 1,
      "_group2": 1,
      "_ddate1": null,
      "_ddate2": null,
      "_enroll": null,
      "_ord_0": 1,
      "_ord_1": 1,
      "_orderN": 28,
      "_n_free": 0,
      "_n_tog": 0,
      "_n_tog_uni":        8,
      "_n_freeR": 1,
      "_n_togR": 1,
      "_obsid_": 28,
      "_1_b1": 0,
      "_1_b2": 0,
      "_1_b3": 0,
      "_1_b4": 0,
      "_1_b5": 0,
      "_1_b6": 1,
      "_1_b7": 1,
      "_1_b8": 1,
      "_1_b9": 1,
      "_1_b10": 1
    },
    {
      "_freeline": 8,
      "COUNTRY": "ESP",
      "INVNAM": "Dra. Mª Teresa Álvarez Román",
      "DOSGRPN": "    99999999",
      "_trttot": 0,
      "_group1": 1,
      "_group2": 0,
      "_ddate1": "27JAN2020",
      "_ddate2": "25AUG2020",
      "_enroll": 2,
      "_ord_0": 1,
      "_ord_1": 1,
      "_orderN": 29,
      "_n_free": 1,
      "_n_tog": 1,
      "_n_tog_uni":        9,
      "_n_freeR": 0,
      "_n_togR": 0,
      "_obsid_": 29,
      "_1_b1": 0,
      "_1_b2": 0,
      "_1_b3": 0,
      "_1_b4": 1,
      "_1_b5": 1,
      "_1_b6": 1,
      "_1_b7": 1,
      "_1_b8": 1,
      "_1_b9": 1,
      "_1_b10": 1
    },
    {
      "_freeline": 8,
      "COUNTRY": "ESP",
      "INVNAM": "Dra. Mª Teresa Álvarez Román",
      "DOSGRPN": "           5",
      "_trttot": 1,
      "_group1": 1,
      "_group2": 0,
      "_ddate1": null,
      "_ddate2": null,
      "_enroll": null,
      "_ord_0": 1,
      "_ord_1": 1,
      "_orderN": 30,
      "_n_free": 0,
      "_n_tog": 0,
      "_n_tog_uni":        9,
      "_n_freeR": 1,
      "_n_togR": 1,
      "_obsid_": 30,
      "_1_b1": 0,
      "_1_b2": 0,
      "_1_b3": 0,
      "_1_b4": 0,
      "_1_b5": 0,
      "_1_b6": 1,
      "_1_b7": 1,
      "_1_b8": 1,
      "_1_b9": 1,
      "_1_b10": 1
    },
    {
      "_freeline": 9,
      "COUNTRY": "ESP",
      "INVNAM": "Dra. Olga Benítez Hidalgo",
      "DOSGRPN": "    99999999",
      "_trttot": 0,
      "_group1": 1,
      "_group2": 0,
      "_ddate1": "02MAR2020",
      "_ddate2": "13JUL2020",
      "_enroll": 1,
      "_ord_0": 1,
      "_ord_1": 1,
      "_orderN": 31,
      "_n_free": 1,
      "_n_tog": 1,
      "_n_tog_uni":       10,
      "_n_freeR": 0,
      "_n_togR": 0,
      "_obsid_": 31,
      "_1_b1": 0,
      "_1_b2": 0,
      "_1_b3": 0,
      "_1_b4": 1,
      "_1_b5": 1,
      "_1_b6": 1,
      "_1_b7": 1,
      "_1_b8": 1,
      "_1_b9": 1,
      "_1_b10": 1
    },
    {
      "_freeline": 9,
      "COUNTRY": "ESP",
      "INVNAM": "Dra. Olga Benítez Hidalgo",
      "DOSGRPN": "           7",
      "_trttot": 1,
      "_group1": 1,
      "_group2": 0,
      "_ddate1": null,
      "_ddate2": null,
      "_enroll": null,
      "_ord_0": 1,
      "_ord_1": 1,
      "_orderN": 32,
      "_n_free": 0,
      "_n_tog": 0,
      "_n_tog_uni":       10,
      "_n_freeR": 1,
      "_n_togR": 1,
      "_obsid_": 32,
      "_1_b1": 0,
      "_1_b2": 0,
      "_1_b3": 0,
      "_1_b4": 0,
      "_1_b5": 0,
      "_1_b6": 1,
      "_1_b7": 1,
      "_1_b8": 1,
      "_1_b9": 1,
      "_1_b10": 1
    },
    {
      "_freeline": 12,
      "COUNTRY": "GRC",
      "INVNAM": "Total",
      "DOSGRPN": "    99999999",
      "_trttot": 0,
      "_group1": 3,
      "_group2": 1,
      "_ddate1": "17DEC2019",
      "_ddate2": "29JUL2020",
      "_enroll": 3,
      "_ord_0": 0,
      "_ord_1": 1,
      "_orderN": 33,
      "_n_free": 1,
      "_n_tog": 1,
      "_n_tog_uni":       11,
      "_n_freeR": 0,
      "_n_togR": 0,
      "_obsid_": 33,
      "_1_b1": 0,
      "_1_b2": 1,
      "_1_b3": 1,
      "_1_b4": 1,
      "_1_b5": 1,
      "_1_b6": 1,
      "_1_b7": 1,
      "_1_b8": 1,
      "_1_b9": 1,
      "_1_b10": 1
    },
    {
      "_freeline": 12,
      "COUNTRY": "GRC",
      "INVNAM": "Total",
      "DOSGRPN": "           6",
      "_trttot": 1,
      "_group1": 3,
      "_group2": 1,
      "_ddate1": null,
      "_ddate2": null,
      "_enroll": null,
      "_ord_0": 0,
      "_ord_1": 1,
      "_orderN": 34,
      "_n_free": 0,
      "_n_tog": 0,
      "_n_tog_uni":       11,
      "_n_freeR": 1,
      "_n_togR": 1,
      "_obsid_": 34,
      "_1_b1": 0,
      "_1_b2": 0,
      "_1_b3": 0,
      "_1_b4": 0,
      "_1_b5": 0,
      "_1_b6": 1,
      "_1_b7": 1,
      "_1_b8": 1,
      "_1_b9": 1,
      "_1_b10": 1
    },
    {
      "_freeline": 11,
      "COUNTRY": "GRC",
      "INVNAM": "Dr.  Olga Katsarou",
      "DOSGRPN": "    99999999",
      "_trttot": 0,
      "_group1": 3,
      "_group2": 1,
      "_ddate1": "17DEC2019",
      "_ddate2": "29JUL2020",
      "_enroll": 3,
      "_ord_0": 1,
      "_ord_1": 1,
      "_orderN": 35,
      "_n_free": 1,
      "_n_tog": 1,
      "_n_tog_uni":       12,
      "_n_freeR": 0,
      "_n_togR": 0,
      "_obsid_": 35,
      "_1_b1": 0,
      "_1_b2": 0,
      "_1_b3": 1,
      "_1_b4": 1,
      "_1_b5": 1,
      "_1_b6": 1,
      "_1_b7": 1,
      "_1_b8": 1,
      "_1_b9": 1,
      "_1_b10": 1
    },
    {
      "_freeline": 11,
      "COUNTRY": "GRC",
      "INVNAM": "Dr.  Olga Katsarou",
      "DOSGRPN": "           6",
      "_trttot": 1,
      "_group1": 3,
      "_group2": 1,
      "_ddate1": null,
      "_ddate2": null,
      "_enroll": null,
      "_ord_0": 1,
      "_ord_1": 1,
      "_orderN": 36,
      "_n_free": 0,
      "_n_tog": 0,
      "_n_tog_uni":       12,
      "_n_freeR": 1,
      "_n_togR": 1,
      "_obsid_": 36,
      "_1_b1": 0,
      "_1_b2": 0,
      "_1_b3": 0,
      "_1_b4": 0,
      "_1_b5": 0,
      "_1_b6": 1,
      "_1_b7": 1,
      "_1_b8": 1,
      "_1_b9": 1,
      "_1_b10": 1
    },
    {
      "_freeline": 16,
      "COUNTRY": "ITA",
      "INVNAM": "Total",
      "DOSGRPN": "    99999999",
      "_trttot": 0,
      "_group1": 5,
      "_group2": 3,
      "_ddate1": "06DEC2019",
      "_ddate2": "30JUL2020",
      "_enroll": 6,
      "_ord_0": 0,
      "_ord_1": 1,
      "_orderN": 37,
      "_n_free": 1,
      "_n_tog": 1,
      "_n_tog_uni":       13,
      "_n_freeR": 0,
      "_n_togR": 0,
      "_obsid_": 37,
      "_1_b1": 0,
      "_1_b2": 1,
      "_1_b3": 1,
      "_1_b4": 1,
      "_1_b5": 1,
      "_1_b6": 1,
      "_1_b7": 1,
      "_1_b8": 1,
      "_1_b9": 1,
      "_1_b10": 1
    },
    {
      "_freeline": 16,
      "COUNTRY": "ITA",
      "INVNAM": "Total",
      "DOSGRPN": "           5",
      "_trttot": 1,
      "_group1": 1,
      "_group2": 0,
      "_ddate1": null,
      "_ddate2": null,
      "_enroll": null,
      "_ord_0": 0,
      "_ord_1": 1,
      "_orderN": 38,
      "_n_free": 0,
      "_n_tog": 0,
      "_n_tog_uni":       13,
      "_n_freeR": 0,
      "_n_togR": 0,
      "_obsid_": 38,
      "_1_b1": 0,
      "_1_b2": 0,
      "_1_b3": 0,
      "_1_b4": 0,
      "_1_b5": 0,
      "_1_b6": 1,
      "_1_b7": 1,
      "_1_b8": 1,
      "_1_b9": 1,
      "_1_b10": 1
    },
    {
      "_freeline": 16,
      "COUNTRY": "ITA",
      "INVNAM": "Total",
      "DOSGRPN": "           6",
      "_trttot": 1,
      "_group1": 2,
      "_group2": 2,
      "_ddate1": null,
      "_ddate2": null,
      "_enroll": null,
      "_ord_0": 0,
      "_ord_1": 1,
      "_orderN": 39,
      "_n_free": 0,
      "_n_tog": 0,
      "_n_tog_uni":       13,
      "_n_freeR": 0,
      "_n_togR": 0,
      "_obsid_": 39,
      "_1_b1": 0,
      "_1_b2": 0,
      "_1_b3": 0,
      "_1_b4": 0,
      "_1_b5": 0,
      "_1_b6": 0,
      "_1_b7": 0,
      "_1_b8": 0,
      "_1_b9": 0,
      "_1_b10": 1
    },
    {
      "_freeline": 16,
      "COUNTRY": "ITA",
      "INVNAM": "Total",
      "DOSGRPN": "          21",
      "_trttot": 1,
      "_group1": 2,
      "_group2": 1,
      "_ddate1": null,
      "_ddate2": null,
      "_enroll": null,
      "_ord_0": 0,
      "_ord_1": 1,
      "_orderN": 40,
      "_n_free": 0,
      "_n_tog": 0,
      "_n_tog_uni":       13,
      "_n_freeR": 1,
      "_n_togR": 1,
      "_obsid_": 40,
      "_1_b1": 0,
      "_1_b2": 0,
      "_1_b3": 0,
      "_1_b4": 0,
      "_1_b5": 0,
      "_1_b6": 0,
      "_1_b7": 0,
      "_1_b8": 0,
      "_1_b9": 0,
      "_1_b10": 1
    },
    {
      "_freeline": 13,
      "COUNTRY": "ITA",
      "INVNAM": "Dr. Rita Carlotta Santoro",
      "DOSGRPN": "    99999999",
      "_trttot": 0,
      "_group1": 1,
      "_group2": 1,
      "_ddate1": "11DEC2019",
      "_ddate2": "30JUL2020",
      "_enroll": 1,
      "_ord_0": 1,
      "_ord_1": 1,
      "_orderN": 41,
      "_n_free": 1,
      "_n_tog": 1,
      "_n_tog_uni":       14,
      "_n_freeR": 0,
      "_n_togR": 0,
      "_obsid_": 41,
      "_1_b1": 0,
      "_1_b2": 0,
      "_1_b3": 1,
      "_1_b4": 1,
      "_1_b5": 1,
      "_1_b6": 1,
      "_1_b7": 1,
      "_1_b8": 1,
      "_1_b9": 1,
      "_1_b10": 1
    },
    {
      "_freeline": 13,
      "COUNTRY": "ITA",
      "INVNAM": "Dr. Rita Carlotta Santoro",
      "DOSGRPN": "           6",
      "_trttot": 1,
      "_group1": 1,
      "_group2": 1,
      "_ddate1": null,
      "_ddate2": null,
      "_enroll": null,
      "_ord_0": 1,
      "_ord_1": 1,
      "_orderN": 42,
      "_n_free": 0,
      "_n_tog": 0,
      "_n_tog_uni":       14,
      "_n_freeR": 1,
      "_n_togR": 1,
      "_obsid_": 42,
      "_1_b1": 0,
      "_1_b2": 0,
      "_1_b3": 0,
      "_1_b4": 0,
      "_1_b5": 0,
      "_1_b6": 1,
      "_1_b7": 1,
      "_1_b8": 1,
      "_1_b9": 1,
      "_1_b10": 1
    },
    {
      "_freeline": 14,
      "COUNTRY": "ITA",
      "INVNAM": "Prof. Antonio Chistolini",
      "DOSGRPN": "    99999999",
      "_trttot": 0,
      "_group1": 3,
      "_group2": 1,
      "_ddate1": "06DEC2019",
      "_ddate2": "16JUN2020",
      "_enroll": 4,
      "_ord_0": 1,
      "_ord_1": 1,
      "_orderN": 43,
      "_n_free": 1,
      "_n_tog": 1,
      "_n_tog_uni":       15,
      "_n_freeR": 0,
      "_n_togR": 0,
      "_obsid_": 43,
      "_1_b1": 0,
      "_1_b2": 0,
      "_1_b3": 0,
      "_1_b4": 1,
      "_1_b5": 1,
      "_1_b6": 1,
      "_1_b7": 1,
      "_1_b8": 1,
      "_1_b9": 1,
      "_1_b10": 1
    },
    {
      "_freeline": 14,
      "COUNTRY": "ITA",
      "INVNAM": "Prof. Antonio Chistolini",
      "DOSGRPN": "           5",
      "_trttot": 1,
      "_group1": 1,
      "_group2": 0,
      "_ddate1": null,
      "_ddate2": null,
      "_enroll": null,
      "_ord_0": 1,
      "_ord_1": 1,
      "_orderN": 44,
      "_n_free": 0,
      "_n_tog": 0,
      "_n_tog_uni":       15,
      "_n_freeR": 0,
      "_n_togR": 0,
      "_obsid_": 44,
      "_1_b1": 0,
      "_1_b2": 0,
      "_1_b3": 0,
      "_1_b4": 0,
      "_1_b5": 0,
      "_1_b6": 1,
      "_1_b7": 1,
      "_1_b8": 1,
      "_1_b9": 1,
      "_1_b10": 1
    },
    {
      "_freeline": 14,
      "COUNTRY": "ITA",
      "INVNAM": "Prof. Antonio Chistolini",
      "DOSGRPN": "          21",
      "_trttot": 1,
      "_group1": 2,
      "_group2": 1,
      "_ddate1": null,
      "_ddate2": null,
      "_enroll": null,
      "_ord_0": 1,
      "_ord_1": 1,
      "_orderN": 45,
      "_n_free": 0,
      "_n_tog": 0,
      "_n_tog_uni":       15,
      "_n_freeR": 1,
      "_n_togR": 1,
      "_obsid_": 45,
      "_1_b1": 0,
      "_1_b2": 0,
      "_1_b3": 0,
      "_1_b4": 0,
      "_1_b5": 0,
      "_1_b6": 0,
      "_1_b7": 0,
      "_1_b8": 0,
      "_1_b9": 0,
      "_1_b10": 1
    },
    {
      "_freeline": 15,
      "COUNTRY": "ITA",
      "INVNAM": "Prof. Raimondo De Cristofaro",
      "DOSGRPN": "    99999999",
      "_trttot": 0,
      "_group1": 1,
      "_group2": 1,
      "_ddate1": "09DEC2019",
      "_ddate2": "07JUL2020",
      "_enroll": 1,
      "_ord_0": 1,
      "_ord_1": 1,
      "_orderN": 46,
      "_n_free": 1,
      "_n_tog": 1,
      "_n_tog_uni":       16,
      "_n_freeR": 0,
      "_n_togR": 0,
      "_obsid_": 46,
      "_1_b1": 0,
      "_1_b2": 0,
      "_1_b3": 0,
      "_1_b4": 1,
      "_1_b5": 1,
      "_1_b6": 1,
      "_1_b7": 1,
      "_1_b8": 1,
      "_1_b9": 1,
      "_1_b10": 1
    },
    {
      "_freeline": 15,
      "COUNTRY": "ITA",
      "INVNAM": "Prof. Raimondo De Cristofaro",
      "DOSGRPN": "           6",
      "_trttot": 1,
      "_group1": 1,
      "_group2": 1,
      "_ddate1": null,
      "_ddate2": null,
      "_enroll": null,
      "_ord_0": 1,
      "_ord_1": 1,
      "_orderN": 47,
      "_n_free": 0,
      "_n_tog": 0,
      "_n_tog_uni":       16,
      "_n_freeR": 1,
      "_n_togR": 1,
      "_obsid_": 47,
      "_1_b1": 0,
      "_1_b2": 0,
      "_1_b3": 0,
      "_1_b4": 0,
      "_1_b5": 0,
      "_1_b6": 1,
      "_1_b7": 1,
      "_1_b8": 1,
      "_1_b9": 1,
      "_1_b10": 1
    },
    {
      "_freeline": 18,
      "COUNTRY": "NOR",
      "INVNAM": "Total",
      "DOSGRPN": "    99999999",
      "_trttot": 0,
      "_group1": 4,
      "_group2": 2,
      "_ddate1": "17DEC2019",
      "_ddate2": "25AUG2020",
      "_enroll": 4,
      "_ord_0": 0,
      "_ord_1": 1,
      "_orderN": 48,
      "_n_free": 1,
      "_n_tog": 1,
      "_n_tog_uni":       17,
      "_n_freeR": 0,
      "_n_togR": 0,
      "_obsid_": 48,
      "_1_b1": 0,
      "_1_b2": 1,
      "_1_b3": 1,
      "_1_b4": 1,
      "_1_b5": 1,
      "_1_b6": 1,
      "_1_b7": 1,
      "_1_b8": 1,
      "_1_b9": 1,
      "_1_b10": 1
    },
    {
      "_freeline": 18,
      "COUNTRY": "NOR",
      "INVNAM": "Total",
      "DOSGRPN": "           5",
      "_trttot": 1,
      "_group1": 2,
      "_group2": 0,
      "_ddate1": null,
      "_ddate2": null,
      "_enroll": null,
      "_ord_0": 0,
      "_ord_1": 1,
      "_orderN": 49,
      "_n_free": 0,
      "_n_tog": 0,
      "_n_tog_uni":       17,
      "_n_freeR": 0,
      "_n_togR": 0,
      "_obsid_": 49,
      "_1_b1": 0,
      "_1_b2": 0,
      "_1_b3": 0,
      "_1_b4": 0,
      "_1_b5": 0,
      "_1_b6": 1,
      "_1_b7": 1,
      "_1_b8": 1,
      "_1_b9": 1,
      "_1_b10": 1
    },
    {
      "_freeline": 18,
      "COUNTRY": "NOR",
      "INVNAM": "Total",
      "DOSGRPN": "           7",
      "_trttot": 1,
      "_group1": 1,
      "_group2": 1,
      "_ddate1": null,
      "_ddate2": null,
      "_enroll": null,
      "_ord_0": 0,
      "_ord_1": 1,
      "_orderN": 50,
      "_n_free": 0,
      "_n_tog": 0,
      "_n_tog_uni":       17,
      "_n_freeR": 0,
      "_n_togR": 0,
      "_obsid_": 50,
      "_1_b1": 0,
      "_1_b2": 0,
      "_1_b3": 0,
      "_1_b4": 0,
      "_1_b5": 0,
      "_1_b6": 0,
      "_1_b7": 0,
      "_1_b8": 0,
      "_1_b9": 0,
      "_1_b10": 1
    },
    {
      "_freeline": 18,
      "COUNTRY": "NOR",
      "INVNAM": "Total",
      "DOSGRPN": "          21",
      "_trttot": 1,
      "_group1": 1,
      "_group2": 1,
      "_ddate1": null,
      "_ddate2": null,
      "_enroll": null,
      "_ord_0": 0,
      "_ord_1": 1,
      "_orderN": 51,
      "_n_free": 0,
      "_n_tog": 0,
      "_n_tog_uni":       17,
      "_n_freeR": 1,
      "_n_togR": 1,
      "_obsid_": 51,
      "_1_b1": 0,
      "_1_b2": 0,
      "_1_b3": 0,
      "_1_b4": 0,
      "_1_b5": 0,
      "_1_b6": 0,
      "_1_b7": 0,
      "_1_b8": 0,
      "_1_b9": 0,
      "_1_b10": 1
    },
    {
      "_freeline": 17,
      "COUNTRY": "NOR",
      "INVNAM": "Overlege dr.med Pål Holme",
      "DOSGRPN": "    99999999",
      "_trttot": 0,
      "_group1": 4,
      "_group2": 2,
      "_ddate1": "17DEC2019",
      "_ddate2": "25AUG2020",
      "_enroll": 4,
      "_ord_0": 1,
      "_ord_1": 1,
      "_orderN": 52,
      "_n_free": 1,
      "_n_tog": 1,
      "_n_tog_uni":       18,
      "_n_freeR": 0,
      "_n_togR": 0,
      "_obsid_": 52,
      "_1_b1": 0,
      "_1_b2": 0,
      "_1_b3": 1,
      "_1_b4": 1,
      "_1_b5": 1,
      "_1_b6": 1,
      "_1_b7": 1,
      "_1_b8": 1,
      "_1_b9": 1,
      "_1_b10": 1
    },
    {
      "_freeline": 17,
      "COUNTRY": "NOR",
      "INVNAM": "Overlege dr.med Pål Holme",
      "DOSGRPN": "           5",
      "_trttot": 1,
      "_group1": 2,
      "_group2": 0,
      "_ddate1": null,
      "_ddate2": null,
      "_enroll": null,
      "_ord_0": 1,
      "_ord_1": 1,
      "_orderN": 53,
      "_n_free": 0,
      "_n_tog": 0,
      "_n_tog_uni":       18,
      "_n_freeR": 0,
      "_n_togR": 0,
      "_obsid_": 53,
      "_1_b1": 0,
      "_1_b2": 0,
      "_1_b3": 0,
      "_1_b4": 0,
      "_1_b5": 0,
      "_1_b6": 1,
      "_1_b7": 1,
      "_1_b8": 1,
      "_1_b9": 1,
      "_1_b10": 1
    },
    {
      "_freeline": 17,
      "COUNTRY": "NOR",
      "INVNAM": "Overlege dr.med Pål Holme",
      "DOSGRPN": "           7",
      "_trttot": 1,
      "_group1": 1,
      "_group2": 1,
      "_ddate1": null,
      "_ddate2": null,
      "_enroll": null,
      "_ord_0": 1,
      "_ord_1": 1,
      "_orderN": 54,
      "_n_free": 0,
      "_n_tog": 0,
      "_n_tog_uni":       18,
      "_n_freeR": 0,
      "_n_togR": 0,
      "_obsid_": 54,
      "_1_b1": 0,
      "_1_b2": 0,
      "_1_b3": 0,
      "_1_b4": 0,
      "_1_b5": 0,
      "_1_b6": 0,
      "_1_b7": 0,
      "_1_b8": 0,
      "_1_b9": 0,
      "_1_b10": 1
    },
    {
      "_freeline": 17,
      "COUNTRY": "NOR",
      "INVNAM": "Overlege dr.med Pål Holme",
      "DOSGRPN": "          21",
      "_trttot": 1,
      "_group1": 1,
      "_group2": 1,
      "_ddate1": null,
      "_ddate2": null,
      "_enroll": null,
      "_ord_0": 1,
      "_ord_1": 1,
      "_orderN": 55,
      "_n_free": 0,
      "_n_tog": 0,
      "_n_tog_uni":       18,
      "_n_freeR": 1,
      "_n_togR": 1,
      "_obsid_": 55,
      "_1_b1": 0,
      "_1_b2": 0,
      "_1_b3": 0,
      "_1_b4": 0,
      "_1_b5": 0,
      "_1_b6": 0,
      "_1_b7": 0,
      "_1_b8": 0,
      "_1_b9": 0,
      "_1_b10": 1
    },
    {
      "_freeline": 21,
      "COUNTRY": "POL",
      "INVNAM": "Total",
      "DOSGRPN": "    99999999",
      "_trttot": 0,
      "_group1": 8,
      "_group2": 4,
      "_ddate1": "30OCT2019",
      "_ddate2": "25AUG2020",
      "_enroll": 9,
      "_ord_0": 0,
      "_ord_1": 1,
      "_orderN": 56,
      "_n_free": 1,
      "_n_tog": 1,
      "_n_tog_uni":       19,
      "_n_freeR": 0,
      "_n_togR": 0,
      "_obsid_": 56,
      "_1_b1": 0,
      "_1_b2": 1,
      "_1_b3": 1,
      "_1_b4": 1,
      "_1_b5": 1,
      "_1_b6": 1,
      "_1_b7": 1,
      "_1_b8": 1,
      "_1_b9": 1,
      "_1_b10": 1
    },
    {
      "_freeline": 21,
      "COUNTRY": "POL",
      "INVNAM": "Total",
      "DOSGRPN": "           5",
      "_trttot": 1,
      "_group1": 3,
      "_group2": 1,
      "_ddate1": null,
      "_ddate2": null,
      "_enroll": null,
      "_ord_0": 0,
      "_ord_1": 1,
      "_orderN": 57,
      "_n_free": 0,
      "_n_tog": 0,
      "_n_tog_uni":       19,
      "_n_freeR": 0,
      "_n_togR": 0,
      "_obsid_": 57,
      "_1_b1": 0,
      "_1_b2": 0,
      "_1_b3": 0,
      "_1_b4": 0,
      "_1_b5": 0,
      "_1_b6": 1,
      "_1_b7": 1,
      "_1_b8": 1,
      "_1_b9": 1,
      "_1_b10": 1
    },
    {
      "_freeline": 21,
      "COUNTRY": "POL",
      "INVNAM": "Total",
      "DOSGRPN": "           6",
      "_trttot": 1,
      "_group1": 2,
      "_group2": 1,
      "_ddate1": null,
      "_ddate2": null,
      "_enroll": null,
      "_ord_0": 0,
      "_ord_1": 1,
      "_orderN": 58,
      "_n_free": 0,
      "_n_tog": 0,
      "_n_tog_uni":       19,
      "_n_freeR": 0,
      "_n_togR": 0,
      "_obsid_": 58,
      "_1_b1": 0,
      "_1_b2": 0,
      "_1_b3": 0,
      "_1_b4": 0,
      "_1_b5": 0,
      "_1_b6": 0,
      "_1_b7": 0,
      "_1_b8": 0,
      "_1_b9": 0,
      "_1_b10": 1
    },
    {
      "_freeline": 21,
      "COUNTRY": "POL",
      "INVNAM": "Total",
      "DOSGRPN": "           7",
      "_trttot": 1,
      "_group1": 3,
      "_group2": 2,
      "_ddate1": null,
      "_ddate2": null,
      "_enroll": null,
      "_ord_0": 0,
      "_ord_1": 1,
      "_orderN": 59,
      "_n_free": 0,
      "_n_tog": 0,
      "_n_tog_uni":       19,
      "_n_freeR": 1,
      "_n_togR": 1,
      "_obsid_": 59,
      "_1_b1": 0,
      "_1_b2": 0,
      "_1_b3": 0,
      "_1_b4": 0,
      "_1_b5": 0,
      "_1_b6": 0,
      "_1_b7": 0,
      "_1_b8": 0,
      "_1_b9": 0,
      "_1_b10": 1
    },
    {
      "_freeline": 19,
      "COUNTRY": "POL",
      "INVNAM": "Dr Andrzej Mital",
      "DOSGRPN": "    99999999",
      "_trttot": 0,
      "_group1": 5,
      "_group2": 2,
      "_ddate1": "30OCT2019",
      "_ddate2": "09JUL2020",
      "_enroll": 6,
      "_ord_0": 1,
      "_ord_1": 1,
      "_orderN": 60,
      "_n_free": 1,
      "_n_tog": 1,
      "_n_tog_uni":       20,
      "_n_freeR": 0,
      "_n_togR": 0,
      "_obsid_": 60,
      "_1_b1": 0,
      "_1_b2": 0,
      "_1_b3": 1,
      "_1_b4": 1,
      "_1_b5": 1,
      "_1_b6": 1,
      "_1_b7": 1,
      "_1_b8": 1,
      "_1_b9": 1,
      "_1_b10": 1
    },
    {
      "_freeline": 19,
      "COUNTRY": "POL",
      "INVNAM": "Dr Andrzej Mital",
      "DOSGRPN": "           5",
      "_trttot": 1,
      "_group1": 1,
      "_group2": 0,
      "_ddate1": null,
      "_ddate2": null,
      "_enroll": null,
      "_ord_0": 1,
      "_ord_1": 1,
      "_orderN": 61,
      "_n_free": 0,
      "_n_tog": 0,
      "_n_tog_uni":       20,
      "_n_freeR": 0,
      "_n_togR": 0,
      "_obsid_": 61,
      "_1_b1": 0,
      "_1_b2": 0,
      "_1_b3": 0,
      "_1_b4": 0,
      "_1_b5": 0,
      "_1_b6": 1,
      "_1_b7": 1,
      "_1_b8": 1,
      "_1_b9": 1,
      "_1_b10": 1
    },
    {
      "_freeline": 19,
      "COUNTRY": "POL",
      "INVNAM": "Dr Andrzej Mital",
      "DOSGRPN": "           6",
      "_trttot": 1,
      "_group1": 1,
      "_group2": 0,
      "_ddate1": null,
      "_ddate2": null,
      "_enroll": null,
      "_ord_0": 1,
      "_ord_1": 1,
      "_orderN": 62,
      "_n_free": 0,
      "_n_tog": 0,
      "_n_tog_uni":       20,
      "_n_freeR": 0,
      "_n_togR": 0,
      "_obsid_": 62,
      "_1_b1": 0,
      "_1_b2": 0,
      "_1_b3": 0,
      "_1_b4": 0,
      "_1_b5": 0,
      "_1_b6": 0,
      "_1_b7": 0,
      "_1_b8": 0,
      "_1_b9": 0,
      "_1_b10": 1
    },
    {
      "_freeline": 19,
      "COUNTRY": "POL",
      "INVNAM": "Dr Andrzej Mital",
      "DOSGRPN": "           7",
      "_trttot": 1,
      "_group1": 3,
      "_group2": 2,
      "_ddate1": null,
      "_ddate2": null,
      "_enroll": null,
      "_ord_0": 1,
      "_ord_1": 1,
      "_orderN": 63,
      "_n_free": 0,
      "_n_tog": 0,
      "_n_tog_uni":       20,
      "_n_freeR": 1,
      "_n_togR": 1,
      "_obsid_": 63,
      "_1_b1": 0,
      "_1_b2": 0,
      "_1_b3": 0,
      "_1_b4": 0,
      "_1_b5": 0,
      "_1_b6": 0,
      "_1_b7": 0,
      "_1_b8": 0,
      "_1_b9": 0,
      "_1_b10": 1
    },
    {
      "_freeline": 20,
      "COUNTRY": "POL",
      "INVNAM": "Mrs Maria Podolak-Dawidziak",
      "DOSGRPN": "    99999999",
      "_trttot": 0,
      "_group1": 3,
      "_group2": 2,
      "_ddate1": "27JAN2020",
      "_ddate2": "25AUG2020",
      "_enroll": 3,
      "_ord_0": 1,
      "_ord_1": 1,
      "_orderN": 64,
      "_n_free": 1,
      "_n_tog": 1,
      "_n_tog_uni":       21,
      "_n_freeR": 0,
      "_n_togR": 0,
      "_obsid_": 64,
      "_1_b1": 0,
      "_1_b2": 0,
      "_1_b3": 0,
      "_1_b4": 1,
      "_1_b5": 1,
      "_1_b6": 1,
      "_1_b7": 1,
      "_1_b8": 1,
      "_1_b9": 1,
      "_1_b10": 1
    },
    {
      "_freeline": 20,
      "COUNTRY": "POL",
      "INVNAM": "Mrs Maria Podolak-Dawidziak",
      "DOSGRPN": "           5",
      "_trttot": 1,
      "_group1": 2,
      "_group2": 1,
      "_ddate1": null,
      "_ddate2": null,
      "_enroll": null,
      "_ord_0": 1,
      "_ord_1": 1,
      "_orderN": 65,
      "_n_free": 0,
      "_n_tog": 0,
      "_n_tog_uni":       21,
      "_n_freeR": 0,
      "_n_togR": 0,
      "_obsid_": 65,
      "_1_b1": 0,
      "_1_b2": 0,
      "_1_b3": 0,
      "_1_b4": 0,
      "_1_b5": 0,
      "_1_b6": 1,
      "_1_b7": 1,
      "_1_b8": 1,
      "_1_b9": 1,
      "_1_b10": 1
    },
    {
      "_freeline": 20,
      "COUNTRY": "POL",
      "INVNAM": "Mrs Maria Podolak-Dawidziak",
      "DOSGRPN": "           6",
      "_trttot": 1,
      "_group1": 1,
      "_group2": 1,
      "_ddate1": null,
      "_ddate2": null,
      "_enroll": null,
      "_ord_0": 1,
      "_ord_1": 1,
      "_orderN": 66,
      "_n_free": 0,
      "_n_tog": 0,
      "_n_tog_uni":       21,
      "_n_freeR": 1,
      "_n_togR": 1,
      "_obsid_": 66,
      "_1_b1": 0,
      "_1_b2": 0,
      "_1_b3": 0,
      "_1_b4": 0,
      "_1_b5": 0,
      "_1_b6": 0,
      "_1_b7": 0,
      "_1_b8": 0,
      "_1_b9": 0,
      "_1_b10": 1
    }
  ]
]
