[
  "SASJSONExport",
  "1.0 PRETTY FMTCHARACTER FMTNUMERIC",
  "SASTableData+PROPERTIES_OBJECT",
  [
    {
      "Report_Number": "Table 1.1 / 8",
      "Number_of_Titles": 1,
      "Title1": "Table: Type of target joints at baseline (intent to treat - subjects with at least 24 weeks of treatment duration)",
      "Title2": "",
      "Title3": "",
      "Title4": "",
      "Title5": "",
      "Title6": "",
      "Title7": "",
      "Title8": "",
      "Title9": "",
      "Title10": "",
      "Number_of_Footnotes": 3,
      "Footnote1": "n is the number of subjects with target joint. If both lateralities of one kind of joint are reported, this is counted only once.",
      "Footnote2": "",
      "Footnote3": "Bayer: /var/swan/root/bhc/949027/19764/stat/main01/dev/analysis/pgms/t_type_target_joint_24w.sas      05OCT2020 14:51",
      "Footnote4": "",
      "Footnote5": "",
      "Footnote6": "",
      "Footnote7": "",
      "Footnote8": "",
      "Footnote9": "",
      "Footnote10": "",
      "_datalist_program_name": "t_type_target_joint_24w",
      "_datalist_report_name": "t_type_target_joint_24w_1",
      "_datalist_by_without_order": "_varl_",
      "_datalist_page_without_order": "",
      "_datalist_page_title": "",
      "_datalist_DateTime": "05OCT20:14:51:37",
      "_datalist_Filename": "t_type_target_joint_24w",
      "_datalist_FilenameListing": "t_type_target_joint_24w",
      "_datalist_FilenameRTF": "t_type_target_joint_24w",
      "_datalist_IsPhysicalName": "YES",
      "_datalist_NumberOfOutputObservat": "4",
      "_datalist_PageGroupNumber": "1",
      "_datalist_Prog": "t_type_target_joint_24w",
      "_datalist_TablesbyObservation": "1",
      "_datalist_TablesbyValues": "",
      "_datalist_TablesbyVariables": "",
      "_datalist_BY": "_widownr _nr2_ _ord_ _newvar _type_ _kind_ _varl_",
      "_datalist_BYLEN": "",
      "_datalist_CONTBY": "",
      "_datalist_DATA": "_f_prn1",
      "_datalist_FREELINE": "_nr2_",
      "_datalist_HB_ALIGN": "CENTER",
      "_datalist_HC_ALIGN": "",
      "_datalist_HN_ALIGN": "",
      "_datalist_HSPLIT": "'@'",
      "_datalist_HV_ALIGN": "CENTER",
      "_datalist_IGNORE_PRESPACE": "NO",
      "_datalist_LABEL": "NO",
      "_datalist_LAYOUT": "STANDARD",
      "_datalist_MAXLEN": "20",
      "_datalist_NCOLUMN1": "_cptog2 _cptog3 _cptog4 _cptog1",
      "_datalist_OPTIMAL": "NO",
      "_datalist_ORDER": "_widownr _nr2_ _ord_ _newvar _type_ _kind_",
      "_datalist_ORDER_VAR": "",
      "_datalist_PAGE": "",
      "_datalist_POSTVAR": "",
      "_datalist_PRINT_EMPTY": "YES",
      "_datalist_REPBY": "NO",
      "_datalist_SPACE": "2",
      "_datalist_SPLIT": "'/ *'",
      "_datalist_SPLITBY": "NO",
      "_datalist_TABLESBY": "",
      "_datalist_TOGETHER": "_widownr",
      "_datalist_TRANSPOSE": "",
      "_datalist_VAR": "_cptog2 _cptog3 _cptog4 _cptog1",
      "_datalist_VERTICAL_HEADER": "",
      "_datalist_var_actual": "_cptog1 _cptog2 _cptog3 _cptog4 _varl_ _TYPE_ _kind_ _ord_ _newvar _widownr _nr2_ error _orderN _n_free _n_tog _n_tog_uni _n_freeR _n_togR _obsid_ _1_b1 _1_b2 _1_b3 _1_b4 _1_b5 _1_b6 _1_b7"
    }
  ],
  "SASJSONExport",
  "1.0 PRETTY FMTCHARACTER FMTNUMERIC",
  "SASTableData+HEADER_OBJECT",
  [
    {
      "NAME": "_1_b1",
      "LABEL": "_1_b1"
    },
    {
      "NAME": "_1_b2",
      "LABEL": "_1_b2"
    },
    {
      "NAME": "_1_b3",
      "LABEL": "_1_b3"
    },
    {
      "NAME": "_1_b4",
      "LABEL": "_1_b4"
    },
    {
      "NAME": "_1_b5",
      "LABEL": "_1_b5"
    },
    {
      "NAME": "_1_b6",
      "LABEL": "_1_b6"
    },
    {
      "NAME": "_1_b7",
      "LABEL": "_1_b7"
    },
    {
      "NAME": "_TYPE_",
      "LABEL": "order variable"
    },
    {
      "NAME": "_cptog1",
      "LABEL": "Total@(N=18)"
    },
    {
      "NAME": "_cptog2",
      "LABEL": "Every 5 days@(N=7)"
    },
    {
      "NAME": "_cptog3",
      "LABEL": "Every 7 days@(N=5)"
    },
    {
      "NAME": "_cptog4",
      "LABEL": "Variable frequency@(N=4)"
    },
    {
      "NAME": "_kind_",
      "LABEL": "order variable"
    },
    {
      "NAME": "_n_free",
      "LABEL": "Freeline indicator variable"
    },
    {
      "NAME": "_n_freeR",
      "LABEL": "_n_freeR"
    },
    {
      "NAME": "_n_tog",
      "LABEL": "Together indicator variable"
    },
    {
      "NAME": "_n_togR",
      "LABEL": "_n_togR"
    },
    {
      "NAME": "_n_tog_uni",
      "LABEL": "Together indicator with group blocks"
    },
    {
      "NAME": "_newvar",
      "LABEL": "order variable"
    },
    {
      "NAME": "_nr2_",
      "LABEL": "order variable"
    },
    {
      "NAME": "_obsid_",
      "LABEL": "_obsid_"
    },
    {
      "NAME": "_ord_",
      "LABEL": "order variable"
    },
    {
      "NAME": "_orderN",
      "LABEL": "_orderN"
    },
    {
      "NAME": "_varl_",
      "LABEL": "_varl_"
    },
    {
      "NAME": "_widownr",
      "LABEL": "order variable"
    },
    {
      "NAME": "error",
      "LABEL": "error"
    }
  ],
  "SASJSONExport",
  "1.0 PRETTY FMTCHARACTER FMTNUMERIC",
  "SASTableData+t_type_target_joint_24w_1",
  [
    {
      "_cptog1": "4 (100.0%)",
      "_cptog2": "1 (100.0%)",
      "_cptog3": "1 (100.0%)",
      "_cptog4": "2 (100.0%)",
      "_varl_": "n",
      "_TYPE_": 0,
      "_kind_": 0,
      "_ord_": 1,
      "_newvar": 1,
      "_widownr": 2,
      "_nr2_": 2,
      "error": 0,
      "_orderN": 1,
      "_n_free": 1,
      "_n_tog": 1,
      "_n_tog_uni":        1,
      "_n_freeR": 1,
      "_n_togR": 0,
      "_obsid_": 1,
      "_1_b1": 1,
      "_1_b2": 1,
      "_1_b3": 1,
      "_1_b4": 1,
      "_1_b5": 1,
      "_1_b6": 1,
      "_1_b7": 1
    },
    {
      "_cptog1": "",
      "_cptog2": "",
      "_cptog3": "",
      "_cptog4": "",
      "_varl_": "Kind of target joint",
      "_TYPE_": 0,
      "_kind_": 0,
      "_ord_": 1,
      "_newvar": 1,
      "_widownr": 2,
      "_nr2_": 4,
      "error": 0,
      "_orderN": 2,
      "_n_free": 1,
      "_n_tog": 0,
      "_n_tog_uni":        1,
      "_n_freeR": 0,
      "_n_togR": 0,
      "_obsid_": 2,
      "_1_b1": 0,
      "_1_b2": 1,
      "_1_b3": 1,
      "_1_b4": 1,
      "_1_b5": 1,
      "_1_b6": 1,
      "_1_b7": 1
    },
    {
      "_cptog1": "4 (100.0%)",
      "_cptog2": "1 (100.0%)",
      "_cptog3": "1 (100.0%)",
      "_cptog4": "2 (100.0%)",
      "_varl_": "   ANKLE JOINT",
      "_TYPE_": 1,
      "_kind_": 0,
      "_ord_": 2,
      "_newvar": 2,
      "_widownr": 2,
      "_nr2_": 4,
      "error": 0,
      "_orderN": 3,
      "_n_free": 0,
      "_n_tog": 0,
      "_n_tog_uni":        1,
      "_n_freeR": 0,
      "_n_togR": 0,
      "_obsid_": 3,
      "_1_b1": 0,
      "_1_b2": 0,
      "_1_b3": 1,
      "_1_b4": 1,
      "_1_b5": 1,
      "_1_b6": 1,
      "_1_b7": 1
    },
    {
      "_cptog1": "3 ( 75.0%)",
      "_cptog2": "1 (100.0%)",
      "_cptog3": "0",
      "_cptog4": "2 (100.0%)",
      "_varl_": "   ELBOW JOINT",
      "_TYPE_": 1,
      "_kind_": 0,
      "_ord_": 3,
      "_newvar": 2,
      "_widownr": 2,
      "_nr2_": 4,
      "error": 0,
      "_orderN": 4,
      "_n_free": 0,
      "_n_tog": 0,
      "_n_tog_uni":        1,
      "_n_freeR": 1,
      "_n_togR": 1,
      "_obsid_": 4,
      "_1_b1": 0,
      "_1_b2": 0,
      "_1_b3": 1,
      "_1_b4": 1,
      "_1_b5": 1,
      "_1_b6": 1,
      "_1_b7": 1
    }
  ]
]
