[
  "SASJSONExport",
  "1.0 PRETTY FMTCHARACTER FMTNUMERIC",
  "SASTableData+PROPERTIES_OBJECT",
  [
    {
      "Report_Number": "Table 1.2 / 4",
      "Number_of_Titles": 1,
      "Title1": "Table: Number of subjects with 0 treated bleeds (intent to treat - subjects with at least 24 weeks of treatment duration)",
      "Title2": "",
      "Title3": "",
      "Title4": "",
      "Title5": "",
      "Title6": "",
      "Title7": "",
      "Title8": "",
      "Title9": "",
      "Title10": "",
      "Number_of_Footnotes": 3,
      "Footnote1": "Total bleeds = treated bleeds",
      "Footnote2": "",
      "Footnote3": "Bayer: /var/swan/root/bhc/949027/19764/stat/main01/dev/analysis/pgms/t_zero_treated_bleeds_24w.sas      05OCT2020 14:51",
      "Footnote4": "",
      "Footnote5": "",
      "Footnote6": "",
      "Footnote7": "",
      "Footnote8": "",
      "Footnote9": "",
      "Footnote10": "",
      "_datalist_program_name": "t_zero_treated_bleeds_24w",
      "_datalist_report_name": "t_zero_treated_bleeds_24w_1",
      "_datalist_by_without_order": "lbl_ana1 _varl_",
      "_datalist_page_without_order": "",
      "_datalist_page_title": "",
      "_datalist_DateTime": "05OCT20:14:51:45",
      "_datalist_Filename": "t_zero_treated_bleeds_24w",
      "_datalist_FilenameListing": "t_zero_treated_bleeds_24w",
      "_datalist_FilenameRTF": "t_zero_treated_bleeds_24w",
      "_datalist_IsPhysicalName": "YES",
      "_datalist_NumberOfOutputObservat": "18",
      "_datalist_PageGroupNumber": "1",
      "_datalist_Prog": "t_zero_treated_bleeds_24w",
      "_datalist_TablesbyObservation": "1",
      "_datalist_TablesbyValues": "",
      "_datalist_TablesbyVariables": "",
      "_datalist_BY": "_ldaor1 paramcd lbl_ana1 _widownr _nr2_ _ord_ _newvar _type_ _kind_ _varl_",
      "_datalist_BYLEN": "",
      "_datalist_CONTBY": "",
      "_datalist_DATA": "out",
      "_datalist_FREELINE": "_nr2_",
      "_datalist_HB_ALIGN": "CENTER",
      "_datalist_HC_ALIGN": "",
      "_datalist_HN_ALIGN": "",
      "_datalist_HSPLIT": "'@'",
      "_datalist_HV_ALIGN": "CENTER",
      "_datalist_IGNORE_PRESPACE": "NO",
      "_datalist_LABEL": "NO",
      "_datalist_LAYOUT": "STANDARD",
      "_datalist_MAXLEN": "20",
      "_datalist_NCOLUMN1": "_cptog2 _cptog3 _cptog4 _cptog5 _cptog1",
      "_datalist_OPTIMAL": "NO",
      "_datalist_ORDER": "paramcd _widownr _nr2_ _ord_ _newvar _type_ _kind_  _ldaor1",
      "_datalist_ORDER_VAR": "paramcd='ZB_RI_AX' 'ZB_24_AX' 'ZB_RI_JX' 'ZB_24_JX' 'ZB_RI_SX' 'ZB_24_SX'",
      "_datalist_PAGE": "",
      "_datalist_POSTVAR": "",
      "_datalist_PRINT_EMPTY": "YES",
      "_datalist_REPBY": "NO",
      "_datalist_SPACE": "2",
      "_datalist_SPLIT": "'/ *'",
      "_datalist_SPLITBY": "NO",
      "_datalist_TABLESBY": "",
      "_datalist_TOGETHER": "_widownr",
      "_datalist_TRANSPOSE": "",
      "_datalist_VAR": "_cptog2 _cptog3 _cptog4 _cptog5 _cptog1",
      "_datalist_VERTICAL_HEADER": "",
      "_datalist_var_actual": "_cptog1 _cptog2 _cptog3 _cptog4 _cptog5 _varl_ PARAMCD lbl_ana1 _TYPE_ _kind_ _ord_ _newvar _widownr _nr2_ _ldaor1 error _orderN _n_free _n_tog _n_tog_uni _n_freeR _n_togR _obsid_ _1_b1 _1_b2 _1_b3 _1_b4 _1_b5 _1_b6 _1_b7 _1_b8 _1_b9 _1_b10"
    }
  ],
  "SASJSONExport",
  "1.0 PRETTY FMTCHARACTER FMTNUMERIC",
  "SASTableData+HEADER_OBJECT",
  [
    {
      "NAME": "PARAMCD",
      "LABEL": "Parameter Code"
    },
    {
      "NAME": "_1_b1",
      "LABEL": "_1_b1"
    },
    {
      "NAME": "_1_b2",
      "LABEL": "_1_b2"
    },
    {
      "NAME": "_1_b3",
      "LABEL": "_1_b3"
    },
    {
      "NAME": "_1_b4",
      "LABEL": "_1_b4"
    },
    {
      "NAME": "_1_b5",
      "LABEL": "_1_b5"
    },
    {
      "NAME": "_1_b6",
      "LABEL": "_1_b6"
    },
    {
      "NAME": "_1_b7",
      "LABEL": "_1_b7"
    },
    {
      "NAME": "_1_b8",
      "LABEL": "_1_b8"
    },
    {
      "NAME": "_1_b9",
      "LABEL": "_1_b9"
    },
    {
      "NAME": "_1_b10",
      "LABEL": "_1_b10"
    },
    {
      "NAME": "_TYPE_",
      "LABEL": "order variable"
    },
    {
      "NAME": "_cptog1",
      "LABEL": "Total@(N=18)"
    },
    {
      "NAME": "_cptog2",
      "LABEL": "Twice a week@(N=2)"
    },
    {
      "NAME": "_cptog3",
      "LABEL": "Every 5 days@(N=7)"
    },
    {
      "NAME": "_cptog4",
      "LABEL": "Every 7 days@(N=5)"
    },
    {
      "NAME": "_cptog5",
      "LABEL": "Variable frequency@(N=4)"
    },
    {
      "NAME": "_kind_",
      "LABEL": "order variable"
    },
    {
      "NAME": "_ldaor1",
      "LABEL": "_ldaor1"
    },
    {
      "NAME": "_n_free",
      "LABEL": "Freeline indicator variable"
    },
    {
      "NAME": "_n_freeR",
      "LABEL": "_n_freeR"
    },
    {
      "NAME": "_n_tog",
      "LABEL": "Together indicator variable"
    },
    {
      "NAME": "_n_togR",
      "LABEL": "_n_togR"
    },
    {
      "NAME": "_n_tog_uni",
      "LABEL": "Together indicator with group blocks"
    },
    {
      "NAME": "_newvar",
      "LABEL": "order variable"
    },
    {
      "NAME": "_nr2_",
      "LABEL": "order variable"
    },
    {
      "NAME": "_obsid_",
      "LABEL": "_obsid_"
    },
    {
      "NAME": "_ord_",
      "LABEL": "order variable"
    },
    {
      "NAME": "_orderN",
      "LABEL": "_orderN"
    },
    {
      "NAME": "_varl_",
      "LABEL": "_varl_"
    },
    {
      "NAME": "_widownr",
      "LABEL": "order variable"
    },
    {
      "NAME": "error",
      "LABEL": "error"
    },
    {
      "NAME": "lbl_ana1",
      "LABEL": "lbl_ana1"
    }
  ],
  "SASJSONExport",
  "1.0 PRETTY FMTCHARACTER FMTNUMERIC",
  "SASTableData+t_zero_treated_bleeds_24w_1",
  [
    {
      "_cptog1": "",
      "_cptog2": "",
      "_cptog3": "",
      "_cptog4": "",
      "_cptog5": "",
      "_varl_": "",
      "PARAMCD": "Subject has treated bleeds (yes/no) - Baseline to Randomization (run-in)",
      "lbl_ana1": "0 total bleeds from baseline to Visit3",
      "_TYPE_": 0,
      "_kind_": 0,
      "_ord_": 10,
      "_newvar": 1,
      "_widownr": 5,
      "_nr2_": 16,
      "_ldaor1": 1,
      "error": 0,
      "_orderN": 1,
      "_n_free": 1,
      "_n_tog": 1,
      "_n_tog_uni":        1,
      "_n_freeR": 0,
      "_n_togR": 0,
      "_obsid_": 1,
      "_1_b1": 1,
      "_1_b2": 1,
      "_1_b3": 1,
      "_1_b4": 1,
      "_1_b5": 1,
      "_1_b6": 1,
      "_1_b7": 1,
      "_1_b8": 1,
      "_1_b9": 1,
      "_1_b10": 1
    },
    {
      "_cptog1": " 6 ( 33.3%)",
      "_cptog2": "2 (100.0%)",
      "_cptog3": "3 ( 42.9%)",
      "_cptog4": "0",
      "_cptog5": "1 ( 25.0%)",
      "_varl_": "   NO",
      "PARAMCD": "Subject has treated bleeds (yes/no) - Baseline to Randomization (run-in)",
      "lbl_ana1": "0 total bleeds from baseline to Visit3",
      "_TYPE_": 1,
      "_kind_": 0,
      "_ord_": 11,
      "_newvar": 2,
      "_widownr": 5,
      "_nr2_": 16,
      "_ldaor1": 1,
      "error": 0,
      "_orderN": 2,
      "_n_free": 0,
      "_n_tog": 0,
      "_n_tog_uni":        1,
      "_n_freeR": 0,
      "_n_togR": 0,
      "_obsid_": 2,
      "_1_b1": 0,
      "_1_b2": 0,
      "_1_b3": 0,
      "_1_b4": 0,
      "_1_b5": 0,
      "_1_b6": 1,
      "_1_b7": 1,
      "_1_b8": 1,
      "_1_b9": 1,
      "_1_b10": 1
    },
    {
      "_cptog1": "12 ( 66.7%)",
      "_cptog2": "0",
      "_cptog3": "4 ( 57.1%)",
      "_cptog4": "5 (100.0%)",
      "_cptog5": "3 ( 75.0%)",
      "_varl_": "   YES",
      "PARAMCD": "Subject has treated bleeds (yes/no) - Baseline to Randomization (run-in)",
      "lbl_ana1": "0 total bleeds from baseline to Visit3",
      "_TYPE_": 1,
      "_kind_": 0,
      "_ord_": 12,
      "_newvar": 2,
      "_widownr": 5,
      "_nr2_": 16,
      "_ldaor1": 1,
      "error": 0,
      "_orderN": 3,
      "_n_free": 0,
      "_n_tog": 0,
      "_n_tog_uni":        1,
      "_n_freeR": 1,
      "_n_togR": 1,
      "_obsid_": 3,
      "_1_b1": 0,
      "_1_b2": 0,
      "_1_b3": 0,
      "_1_b4": 0,
      "_1_b5": 0,
      "_1_b6": 1,
      "_1_b7": 1,
      "_1_b8": 1,
      "_1_b9": 1,
      "_1_b10": 1
    },
    {
      "_cptog1": "",
      "_cptog2": "",
      "_cptog3": "",
      "_cptog4": "",
      "_cptog5": "",
      "_varl_": "",
      "PARAMCD": "Subject has treated bleeds (yes/no) - Last 24 weeks of treatment",
      "lbl_ana1": "0 total bleeds in the last 24 weeks of treatment",
      "_TYPE_": 0,
      "_kind_": 0,
      "_ord_": 1,
      "_newvar": 1,
      "_widownr": 2,
      "_nr2_": 4,
      "_ldaor1": 2,
      "error": 0,
      "_orderN": 4,
      "_n_free": 1,
      "_n_tog": 1,
      "_n_tog_uni":        2,
      "_n_freeR": 0,
      "_n_togR": 0,
      "_obsid_": 4,
      "_1_b1": 1,
      "_1_b2": 1,
      "_1_b3": 1,
      "_1_b4": 1,
      "_1_b5": 1,
      "_1_b6": 1,
      "_1_b7": 1,
      "_1_b8": 1,
      "_1_b9": 1,
      "_1_b10": 1
    },
    {
      "_cptog1": " 9 ( 50.0%)",
      "_cptog2": "2 (100.0%)",
      "_cptog3": "4 ( 57.1%)",
      "_cptog4": "1 ( 20.0%)",
      "_cptog5": "2 ( 50.0%)",
      "_varl_": "   NO",
      "PARAMCD": "Subject has treated bleeds (yes/no) - Last 24 weeks of treatment",
      "lbl_ana1": "0 total bleeds in the last 24 weeks of treatment",
      "_TYPE_": 1,
      "_kind_": 0,
      "_ord_": 2,
      "_newvar": 2,
      "_widownr": 2,
      "_nr2_": 4,
      "_ldaor1": 2,
      "error": 0,
      "_orderN": 5,
      "_n_free": 0,
      "_n_tog": 0,
      "_n_tog_uni":        2,
      "_n_freeR": 0,
      "_n_togR": 0,
      "_obsid_": 5,
      "_1_b1": 0,
      "_1_b2": 0,
      "_1_b3": 0,
      "_1_b4": 0,
      "_1_b5": 0,
      "_1_b6": 1,
      "_1_b7": 1,
      "_1_b8": 1,
      "_1_b9": 1,
      "_1_b10": 1
    },
    {
      "_cptog1": " 9 ( 50.0%)",
      "_cptog2": "0",
      "_cptog3": "3 ( 42.9%)",
      "_cptog4": "4 ( 80.0%)",
      "_cptog5": "2 ( 50.0%)",
      "_varl_": "   YES",
      "PARAMCD": "Subject has treated bleeds (yes/no) - Last 24 weeks of treatment",
      "lbl_ana1": "0 total bleeds in the last 24 weeks of treatment",
      "_TYPE_": 1,
      "_kind_": 0,
      "_ord_": 3,
      "_newvar": 2,
      "_widownr": 2,
      "_nr2_": 4,
      "_ldaor1": 2,
      "error": 0,
      "_orderN": 6,
      "_n_free": 0,
      "_n_tog": 0,
      "_n_tog_uni":        2,
      "_n_freeR": 1,
      "_n_togR": 1,
      "_obsid_": 6,
      "_1_b1": 0,
      "_1_b2": 0,
      "_1_b3": 0,
      "_1_b4": 0,
      "_1_b5": 0,
      "_1_b6": 1,
      "_1_b7": 1,
      "_1_b8": 1,
      "_1_b9": 1,
      "_1_b10": 1
    },
    {
      "_cptog1": "",
      "_cptog2": "",
      "_cptog3": "",
      "_cptog4": "",
      "_cptog5": "",
      "_varl_": "",
      "PARAMCD": "Subject has treated joint bleeds (yes/no) - Baseline to Randomization (run-in)",
      "lbl_ana1": "0 total joint bleeds from baseline to Visit3",
      "_TYPE_": 0,
      "_kind_": 0,
      "_ord_": 13,
      "_newvar": 1,
      "_widownr": 6,
      "_nr2_": 20,
      "_ldaor1": 3,
      "error": 0,
      "_orderN": 7,
      "_n_free": 1,
      "_n_tog": 1,
      "_n_tog_uni":        3,
      "_n_freeR": 0,
      "_n_togR": 0,
      "_obsid_": 7,
      "_1_b1": 1,
      "_1_b2": 1,
      "_1_b3": 1,
      "_1_b4": 1,
      "_1_b5": 1,
      "_1_b6": 1,
      "_1_b7": 1,
      "_1_b8": 1,
      "_1_b9": 1,
      "_1_b10": 1
    },
    {
      "_cptog1": " 5 ( 27.8%)",
      "_cptog2": "1 ( 50.0%)",
      "_cptog3": "3 ( 42.9%)",
      "_cptog4": "0",
      "_cptog5": "1 ( 25.0%)",
      "_varl_": "   NO",
      "PARAMCD": "Subject has treated joint bleeds (yes/no) - Baseline to Randomization (run-in)",
      "lbl_ana1": "0 total joint bleeds from baseline to Visit3",
      "_TYPE_": 1,
      "_kind_": 0,
      "_ord_": 14,
      "_newvar": 2,
      "_widownr": 6,
      "_nr2_": 20,
      "_ldaor1": 3,
      "error": 0,
      "_orderN": 8,
      "_n_free": 0,
      "_n_tog": 0,
      "_n_tog_uni":        3,
      "_n_freeR": 0,
      "_n_togR": 0,
      "_obsid_": 8,
      "_1_b1": 0,
      "_1_b2": 0,
      "_1_b3": 0,
      "_1_b4": 0,
      "_1_b5": 0,
      "_1_b6": 1,
      "_1_b7": 1,
      "_1_b8": 1,
      "_1_b9": 1,
      "_1_b10": 1
    },
    {
      "_cptog1": "13 ( 72.2%)",
      "_cptog2": "1 ( 50.0%)",
      "_cptog3": "4 ( 57.1%)",
      "_cptog4": "5 (100.0%)",
      "_cptog5": "3 ( 75.0%)",
      "_varl_": "   YES",
      "PARAMCD": "Subject has treated joint bleeds (yes/no) - Baseline to Randomization (run-in)",
      "lbl_ana1": "0 total joint bleeds from baseline to Visit3",
      "_TYPE_": 1,
      "_kind_": 0,
      "_ord_": 15,
      "_newvar": 2,
      "_widownr": 6,
      "_nr2_": 20,
      "_ldaor1": 3,
      "error": 0,
      "_orderN": 9,
      "_n_free": 0,
      "_n_tog": 0,
      "_n_tog_uni":        3,
      "_n_freeR": 1,
      "_n_togR": 1,
      "_obsid_": 9,
      "_1_b1": 0,
      "_1_b2": 0,
      "_1_b3": 0,
      "_1_b4": 0,
      "_1_b5": 0,
      "_1_b6": 1,
      "_1_b7": 1,
      "_1_b8": 1,
      "_1_b9": 1,
      "_1_b10": 1
    },
    {
      "_cptog1": "",
      "_cptog2": "",
      "_cptog3": "",
      "_cptog4": "",
      "_cptog5": "",
      "_varl_": "",
      "PARAMCD": "Subject has treated joint bleeds (yes/no) - Last 24 weeks of treatment",
      "lbl_ana1": "0 total joint bleeds in the last 24 weeks of treatment",
      "_TYPE_": 0,
      "_kind_": 0,
      "_ord_": 4,
      "_newvar": 1,
      "_widownr": 3,
      "_nr2_": 8,
      "_ldaor1": 4,
      "error": 0,
      "_orderN": 10,
      "_n_free": 1,
      "_n_tog": 1,
      "_n_tog_uni":        4,
      "_n_freeR": 0,
      "_n_togR": 0,
      "_obsid_": 10,
      "_1_b1": 1,
      "_1_b2": 1,
      "_1_b3": 1,
      "_1_b4": 1,
      "_1_b5": 1,
      "_1_b6": 1,
      "_1_b7": 1,
      "_1_b8": 1,
      "_1_b9": 1,
      "_1_b10": 1
    },
    {
      "_cptog1": " 6 ( 33.3%)",
      "_cptog2": "1 ( 50.0%)",
      "_cptog3": "3 ( 42.9%)",
      "_cptog4": "0",
      "_cptog5": "2 ( 50.0%)",
      "_varl_": "   NO",
      "PARAMCD": "Subject has treated joint bleeds (yes/no) - Last 24 weeks of treatment",
      "lbl_ana1": "0 total joint bleeds in the last 24 weeks of treatment",
      "_TYPE_": 1,
      "_kind_": 0,
      "_ord_": 5,
      "_newvar": 2,
      "_widownr": 3,
      "_nr2_": 8,
      "_ldaor1": 4,
      "error": 0,
      "_orderN": 11,
      "_n_free": 0,
      "_n_tog": 0,
      "_n_tog_uni":        4,
      "_n_freeR": 0,
      "_n_togR": 0,
      "_obsid_": 11,
      "_1_b1": 0,
      "_1_b2": 0,
      "_1_b3": 0,
      "_1_b4": 0,
      "_1_b5": 0,
      "_1_b6": 1,
      "_1_b7": 1,
      "_1_b8": 1,
      "_1_b9": 1,
      "_1_b10": 1
    },
    {
      "_cptog1": "12 ( 66.7%)",
      "_cptog2": "1 ( 50.0%)",
      "_cptog3": "4 ( 57.1%)",
      "_cptog4": "5 (100.0%)",
      "_cptog5": "2 ( 50.0%)",
      "_varl_": "   YES",
      "PARAMCD": "Subject has treated joint bleeds (yes/no) - Last 24 weeks of treatment",
      "lbl_ana1": "0 total joint bleeds in the last 24 weeks of treatment",
      "_TYPE_": 1,
      "_kind_": 0,
      "_ord_": 6,
      "_newvar": 2,
      "_widownr": 3,
      "_nr2_": 8,
      "_ldaor1": 4,
      "error": 0,
      "_orderN": 12,
      "_n_free": 0,
      "_n_tog": 0,
      "_n_tog_uni":        4,
      "_n_freeR": 1,
      "_n_togR": 1,
      "_obsid_": 12,
      "_1_b1": 0,
      "_1_b2": 0,
      "_1_b3": 0,
      "_1_b4": 0,
      "_1_b5": 0,
      "_1_b6": 1,
      "_1_b7": 1,
      "_1_b8": 1,
      "_1_b9": 1,
      "_1_b10": 1
    },
    {
      "_cptog1": "",
      "_cptog2": "",
      "_cptog3": "",
      "_cptog4": "",
      "_cptog5": "",
      "_varl_": "",
      "PARAMCD": "Subject has treated spontaneous bleeds (yes/no) - Baseline to Randomization (run-in)",
      "lbl_ana1": "0 total spontaneous bleeds from baseline to Visit3",
      "_TYPE_": 0,
      "_kind_": 0,
      "_ord_": 16,
      "_newvar": 1,
      "_widownr": 7,
      "_nr2_": 24,
      "_ldaor1": 5,
      "error": 0,
      "_orderN": 13,
      "_n_free": 1,
      "_n_tog": 1,
      "_n_tog_uni":        5,
      "_n_freeR": 0,
      "_n_togR": 0,
      "_obsid_": 13,
      "_1_b1": 1,
      "_1_b2": 1,
      "_1_b3": 1,
      "_1_b4": 1,
      "_1_b5": 1,
      "_1_b6": 1,
      "_1_b7": 1,
      "_1_b8": 1,
      "_1_b9": 1,
      "_1_b10": 1
    },
    {
      "_cptog1": " 5 ( 27.8%)",
      "_cptog2": "1 ( 50.0%)",
      "_cptog3": "3 ( 42.9%)",
      "_cptog4": "0",
      "_cptog5": "1 ( 25.0%)",
      "_varl_": "   NO",
      "PARAMCD": "Subject has treated spontaneous bleeds (yes/no) - Baseline to Randomization (run-in)",
      "lbl_ana1": "0 total spontaneous bleeds from baseline to Visit3",
      "_TYPE_": 1,
      "_kind_": 0,
      "_ord_": 17,
      "_newvar": 2,
      "_widownr": 7,
      "_nr2_": 24,
      "_ldaor1": 5,
      "error": 0,
      "_orderN": 14,
      "_n_free": 0,
      "_n_tog": 0,
      "_n_tog_uni":        5,
      "_n_freeR": 0,
      "_n_togR": 0,
      "_obsid_": 14,
      "_1_b1": 0,
      "_1_b2": 0,
      "_1_b3": 0,
      "_1_b4": 0,
      "_1_b5": 0,
      "_1_b6": 1,
      "_1_b7": 1,
      "_1_b8": 1,
      "_1_b9": 1,
      "_1_b10": 1
    },
    {
      "_cptog1": "13 ( 72.2%)",
      "_cptog2": "1 ( 50.0%)",
      "_cptog3": "4 ( 57.1%)",
      "_cptog4": "5 (100.0%)",
      "_cptog5": "3 ( 75.0%)",
      "_varl_": "   YES",
      "PARAMCD": "Subject has treated spontaneous bleeds (yes/no) - Baseline to Randomization (run-in)",
      "lbl_ana1": "0 total spontaneous bleeds from baseline to Visit3",
      "_TYPE_": 1,
      "_kind_": 0,
      "_ord_": 18,
      "_newvar": 2,
      "_widownr": 7,
      "_nr2_": 24,
      "_ldaor1": 5,
      "error": 0,
      "_orderN": 15,
      "_n_free": 0,
      "_n_tog": 0,
      "_n_tog_uni":        5,
      "_n_freeR": 1,
      "_n_togR": 1,
      "_obsid_": 15,
      "_1_b1": 0,
      "_1_b2": 0,
      "_1_b3": 0,
      "_1_b4": 0,
      "_1_b5": 0,
      "_1_b6": 1,
      "_1_b7": 1,
      "_1_b8": 1,
      "_1_b9": 1,
      "_1_b10": 1
    },
    {
      "_cptog1": "",
      "_cptog2": "",
      "_cptog3": "",
      "_cptog4": "",
      "_cptog5": "",
      "_varl_": "",
      "PARAMCD": "Subject has treated spontaneous bleeds (yes/no) - Last 24 weeks of treatment",
      "lbl_ana1": "0 total spontaneous bleeds in the last 24 weeks of treatment",
      "_TYPE_": 0,
      "_kind_": 0,
      "_ord_": 7,
      "_newvar": 1,
      "_widownr": 4,
      "_nr2_": 12,
      "_ldaor1": 6,
      "error": 0,
      "_orderN": 16,
      "_n_free": 1,
      "_n_tog": 1,
      "_n_tog_uni":        6,
      "_n_freeR": 0,
      "_n_togR": 0,
      "_obsid_": 16,
      "_1_b1": 1,
      "_1_b2": 1,
      "_1_b3": 1,
      "_1_b4": 1,
      "_1_b5": 1,
      "_1_b6": 1,
      "_1_b7": 1,
      "_1_b8": 1,
      "_1_b9": 1,
      "_1_b10": 1
    },
    {
      "_cptog1": " 7 ( 38.9%)",
      "_cptog2": "1 ( 50.0%)",
      "_cptog3": "4 ( 57.1%)",
      "_cptog4": "0",
      "_cptog5": "2 ( 50.0%)",
      "_varl_": "   NO",
      "PARAMCD": "Subject has treated spontaneous bleeds (yes/no) - Last 24 weeks of treatment",
      "lbl_ana1": "0 total spontaneous bleeds in the last 24 weeks of treatment",
      "_TYPE_": 1,
      "_kind_": 0,
      "_ord_": 8,
      "_newvar": 2,
      "_widownr": 4,
      "_nr2_": 12,
      "_ldaor1": 6,
      "error": 0,
      "_orderN": 17,
      "_n_free": 0,
      "_n_tog": 0,
      "_n_tog_uni":        6,
      "_n_freeR": 0,
      "_n_togR": 0,
      "_obsid_": 17,
      "_1_b1": 0,
      "_1_b2": 0,
      "_1_b3": 0,
      "_1_b4": 0,
      "_1_b5": 0,
      "_1_b6": 1,
      "_1_b7": 1,
      "_1_b8": 1,
      "_1_b9": 1,
      "_1_b10": 1
    },
    {
      "_cptog1": "11 ( 61.1%)",
      "_cptog2": "1 ( 50.0%)",
      "_cptog3": "3 ( 42.9%)",
      "_cptog4": "5 (100.0%)",
      "_cptog5": "2 ( 50.0%)",
      "_varl_": "   YES",
      "PARAMCD": "Subject has treated spontaneous bleeds (yes/no) - Last 24 weeks of treatment",
      "lbl_ana1": "0 total spontaneous bleeds in the last 24 weeks of treatment",
      "_TYPE_": 1,
      "_kind_": 0,
      "_ord_": 9,
      "_newvar": 2,
      "_widownr": 4,
      "_nr2_": 12,
      "_ldaor1": 6,
      "error": 0,
      "_orderN": 18,
      "_n_free": 0,
      "_n_tog": 0,
      "_n_tog_uni":        6,
      "_n_freeR": 1,
      "_n_togR": 1,
      "_obsid_": 18,
      "_1_b1": 0,
      "_1_b2": 0,
      "_1_b3": 0,
      "_1_b4": 0,
      "_1_b5": 0,
      "_1_b6": 1,
      "_1_b7": 1,
      "_1_b8": 1,
      "_1_b9": 1,
      "_1_b10": 1
    }
  ]
]
